ALTER TABLE SQMS_PRIVATE_0927.ENUMERATION
 DROP PRIMARY KEY CASCADE;

DROP TABLE SQMS_PRIVATE_0927.ENUMERATION CASCADE CONSTRAINTS;

--
-- ENUMERATION  (Table) 
--
CREATE TABLE SQMS_PRIVATE_0927.ENUMERATION
(
  ENUMID      VARCHAR2(40 BYTE)                 NOT NULL,
  ENUMCODE    VARCHAR2(40 BYTE),
  ENUMNAME    VARCHAR2(60 BYTE),
  ENUMTYPE    VARCHAR2(60 BYTE),
  MEMO        VARCHAR2(2000 BYTE),
  CREATED     DATE,
  CREATEDBY   VARCHAR2(40 BYTE),
  MODIFIED    DATE,
  MODIFIEDBY  VARCHAR2(40 BYTE)
)
TABLESPACE SQMS
PCTUSED    0
PCTFREE    10
INITRANS   1
MAXTRANS   255
STORAGE    (
            INITIAL          64K
            MINEXTENTS       1
            MAXEXTENTS       UNLIMITED
            PCTINCREASE      0
            BUFFER_POOL      DEFAULT
           )
LOGGING 
NOCOMPRESS 
NOCACHE
NOPARALLEL
MONITORING;

COMMENT ON TABLE SQMS_PRIVATE_0927.ENUMERATION IS '枚举';

COMMENT ON COLUMN SQMS_PRIVATE_0927.ENUMERATION.ENUMID IS '枚举ID';

COMMENT ON COLUMN SQMS_PRIVATE_0927.ENUMERATION.ENUMCODE IS '枚举编码';

COMMENT ON COLUMN SQMS_PRIVATE_0927.ENUMERATION.ENUMNAME IS '枚举名称';

COMMENT ON COLUMN SQMS_PRIVATE_0927.ENUMERATION.ENUMTYPE IS '枚举类型';

COMMENT ON COLUMN SQMS_PRIVATE_0927.ENUMERATION.MEMO IS '备注';

COMMENT ON COLUMN SQMS_PRIVATE_0927.ENUMERATION.CREATED IS '创建时间';

COMMENT ON COLUMN SQMS_PRIVATE_0927.ENUMERATION.CREATEDBY IS '创建人';

COMMENT ON COLUMN SQMS_PRIVATE_0927.ENUMERATION.MODIFIED IS '修改时间';

COMMENT ON COLUMN SQMS_PRIVATE_0927.ENUMERATION.MODIFIEDBY IS '修改人';


ALTER TABLE SQMS_PRIVATE_0927.EQUIPMENT
 DROP PRIMARY KEY CASCADE;

DROP TABLE SQMS_PRIVATE_0927.EQUIPMENT CASCADE CONSTRAINTS;

--
-- EQUIPMENT  (Table) 
--
CREATE TABLE SQMS_PRIVATE_0927.EQUIPMENT
(
  EQUID           VARCHAR2(40 BYTE)             NOT NULL,
  EQUCODE         VARCHAR2(40 BYTE)             NOT NULL,
  EQUNAME         VARCHAR2(60 BYTE)             NOT NULL,
  IDENTIFY        VARCHAR2(40 BYTE)             NOT NULL,
  MEMO            VARCHAR2(2000 BYTE),
  CREATED         DATE                          DEFAULT SYSDATE               NOT NULL,
  CREATEDBY       VARCHAR2(40 BYTE),
  MODIFIED        DATE                          DEFAULT SYSDATE               NOT NULL,
  MODIFIEDBY      VARCHAR2(40 BYTE),
  ISVOID          VARCHAR2(1 BYTE)              DEFAULT 'N'                   NOT NULL,
  ORGANIZATIONID  VARCHAR2(40 BYTE),
  SUITEID         VARCHAR2(40 BYTE)
)
TABLESPACE SQMS
PCTUSED    0
PCTFREE    10
INITRANS   1
MAXTRANS   255
STORAGE    (
            INITIAL          64K
            MINEXTENTS       1
            MAXEXTENTS       UNLIMITED
            PCTINCREASE      0
            BUFFER_POOL      DEFAULT
           )
LOGGING 
NOCOMPRESS 
NOCACHE
NOPARALLEL
MONITORING;

COMMENT ON TABLE SQMS_PRIVATE_0927.EQUIPMENT IS '设备';

COMMENT ON COLUMN SQMS_PRIVATE_0927.EQUIPMENT.EQUID IS '设备ID';

COMMENT ON COLUMN SQMS_PRIVATE_0927.EQUIPMENT.EQUCODE IS '设备编码';

COMMENT ON COLUMN SQMS_PRIVATE_0927.EQUIPMENT.EQUNAME IS '设备名称';

COMMENT ON COLUMN SQMS_PRIVATE_0927.EQUIPMENT.IDENTIFY IS '设备标识';

COMMENT ON COLUMN SQMS_PRIVATE_0927.EQUIPMENT.MEMO IS '备注';

COMMENT ON COLUMN SQMS_PRIVATE_0927.EQUIPMENT.CREATED IS '创建时间';

COMMENT ON COLUMN SQMS_PRIVATE_0927.EQUIPMENT.CREATEDBY IS '创建人';

COMMENT ON COLUMN SQMS_PRIVATE_0927.EQUIPMENT.MODIFIED IS '修改时间';

COMMENT ON COLUMN SQMS_PRIVATE_0927.EQUIPMENT.MODIFIEDBY IS '修改人';

COMMENT ON COLUMN SQMS_PRIVATE_0927.EQUIPMENT.ISVOID IS '禁用';

COMMENT ON COLUMN SQMS_PRIVATE_0927.EQUIPMENT.ORGANIZATIONID IS 'ORGANIZATIONID';

COMMENT ON COLUMN SQMS_PRIVATE_0927.EQUIPMENT.SUITEID IS 'SUITEID';


ALTER TABLE SQMS_PRIVATE_0927.GEO
 DROP PRIMARY KEY CASCADE;

DROP TABLE SQMS_PRIVATE_0927.GEO CASCADE CONSTRAINTS;

--
-- GEO  (Table) 
--
CREATE TABLE SQMS_PRIVATE_0927.GEO
(
  GEOID       VARCHAR2(40 BYTE)                 NOT NULL,
  PARENTGEO   VARCHAR2(40 BYTE),
  GEOCODE     VARCHAR2(40 BYTE)                 NOT NULL,
  GEONAME     VARCHAR2(60 BYTE)                 NOT NULL,
  MEMO        VARCHAR2(2000 BYTE),
  CREATED     DATE,
  CREATEDBY   VARCHAR2(40 BYTE),
  MODIFIED    DATE,
  MODIFIEDBY  VARCHAR2(40 BYTE),
  ISVOID      VARCHAR2(1 BYTE)
)
TABLESPACE SQMS
PCTUSED    0
PCTFREE    10
INITRANS   1
MAXTRANS   255
STORAGE    (
            INITIAL          64K
            MINEXTENTS       1
            MAXEXTENTS       UNLIMITED
            PCTINCREASE      0
            BUFFER_POOL      DEFAULT
           )
LOGGING 
NOCOMPRESS 
NOCACHE
NOPARALLEL
MONITORING;

COMMENT ON TABLE SQMS_PRIVATE_0927.GEO IS '地区';

COMMENT ON COLUMN SQMS_PRIVATE_0927.GEO.GEOID IS '地区ID';

COMMENT ON COLUMN SQMS_PRIVATE_0927.GEO.PARENTGEO IS '上级地区';

COMMENT ON COLUMN SQMS_PRIVATE_0927.GEO.GEOCODE IS '地区编码';

COMMENT ON COLUMN SQMS_PRIVATE_0927.GEO.GEONAME IS '地区名称';

COMMENT ON COLUMN SQMS_PRIVATE_0927.GEO.MEMO IS '备注';

COMMENT ON COLUMN SQMS_PRIVATE_0927.GEO.CREATED IS '创建时间';

COMMENT ON COLUMN SQMS_PRIVATE_0927.GEO.CREATEDBY IS '创建人';

COMMENT ON COLUMN SQMS_PRIVATE_0927.GEO.MODIFIED IS '修改时间';

COMMENT ON COLUMN SQMS_PRIVATE_0927.GEO.MODIFIEDBY IS '修改人';

COMMENT ON COLUMN SQMS_PRIVATE_0927.GEO.ISVOID IS '禁用';


ALTER TABLE SQMS_PRIVATE_0927.MENU
 DROP PRIMARY KEY CASCADE;

DROP TABLE SQMS_PRIVATE_0927.MENU CASCADE CONSTRAINTS;

--
-- MENU  (Table) 
--
CREATE TABLE SQMS_PRIVATE_0927.MENU
(
  MENUID       VARCHAR2(40 BYTE)                NOT NULL,
  TITLE        VARCHAR2(100 BYTE),
  URL          VARCHAR2(2000 BYTE),
  RESOURCEKEY  VARCHAR2(200 BYTE),
  MEMO         VARCHAR2(1000 BYTE),
  PARENTMENU   VARCHAR2(40 BYTE),
  ITEMORDER    VARCHAR2(600 BYTE),
  TYPE         VARCHAR2(40 BYTE)
)
TABLESPACE SQMS
PCTUSED    0
PCTFREE    10
INITRANS   1
MAXTRANS   255
STORAGE    (
            INITIAL          64K
            MINEXTENTS       1
            MAXEXTENTS       UNLIMITED
            PCTINCREASE      0
            BUFFER_POOL      DEFAULT
           )
LOGGING 
NOCOMPRESS 
NOCACHE
NOPARALLEL
MONITORING;

COMMENT ON TABLE SQMS_PRIVATE_0927.MENU IS '菜单';

COMMENT ON COLUMN SQMS_PRIVATE_0927.MENU.MENUID IS '菜单ID';

COMMENT ON COLUMN SQMS_PRIVATE_0927.MENU.TITLE IS '标题';

COMMENT ON COLUMN SQMS_PRIVATE_0927.MENU.URL IS 'URL';

COMMENT ON COLUMN SQMS_PRIVATE_0927.MENU.RESOURCEKEY IS '资源标识';

COMMENT ON COLUMN SQMS_PRIVATE_0927.MENU.MEMO IS '备注';

COMMENT ON COLUMN SQMS_PRIVATE_0927.MENU.PARENTMENU IS '父级菜单';

COMMENT ON COLUMN SQMS_PRIVATE_0927.MENU.ITEMORDER IS '菜单项顺序';

COMMENT ON COLUMN SQMS_PRIVATE_0927.MENU.TYPE IS '类型';


ALTER TABLE SQMS_PRIVATE_0927.OPERATION
 DROP PRIMARY KEY CASCADE;

DROP TABLE SQMS_PRIVATE_0927.OPERATION CASCADE CONSTRAINTS;

--
-- OPERATION  (Table) 
--
CREATE TABLE SQMS_PRIVATE_0927.OPERATION
(
  OPID            VARCHAR2(40 BYTE)             NOT NULL,
  OPCODE          VARCHAR2(40 BYTE)             NOT NULL,
  OPNAME          VARCHAR2(60 BYTE)             NOT NULL,
  MEMO            VARCHAR2(2000 BYTE),
  CREATED         DATE                          DEFAULT SYSDATE               NOT NULL,
  CREATEDBY       VARCHAR2(40 BYTE),
  MODIFIED        DATE                          DEFAULT SYSDATE               NOT NULL,
  MODIFIEDBY      VARCHAR2(40 BYTE),
  ISVOID          VARCHAR2(1 BYTE)              DEFAULT 'N'                   NOT NULL,
  ORGANIZATIONID  VARCHAR2(40 BYTE),
  OPORDER         NUMBER,
  OPIDENTITY      VARCHAR2(40 BYTE)
)
TABLESPACE SQMS
PCTUSED    0
PCTFREE    10
INITRANS   1
MAXTRANS   255
STORAGE    (
            INITIAL          64K
            MINEXTENTS       1
            MAXEXTENTS       UNLIMITED
            PCTINCREASE      0
            BUFFER_POOL      DEFAULT
           )
LOGGING 
NOCOMPRESS 
NOCACHE
NOPARALLEL
MONITORING;

COMMENT ON TABLE SQMS_PRIVATE_0927.OPERATION IS '操作';

COMMENT ON COLUMN SQMS_PRIVATE_0927.OPERATION.OPID IS '操作ID';

COMMENT ON COLUMN SQMS_PRIVATE_0927.OPERATION.OPCODE IS '操作编码';

COMMENT ON COLUMN SQMS_PRIVATE_0927.OPERATION.OPNAME IS '操作名称';

COMMENT ON COLUMN SQMS_PRIVATE_0927.OPERATION.MEMO IS '备注';

COMMENT ON COLUMN SQMS_PRIVATE_0927.OPERATION.CREATED IS '创建时间';

COMMENT ON COLUMN SQMS_PRIVATE_0927.OPERATION.CREATEDBY IS '创建人';

COMMENT ON COLUMN SQMS_PRIVATE_0927.OPERATION.MODIFIED IS '修改时间';

COMMENT ON COLUMN SQMS_PRIVATE_0927.OPERATION.MODIFIEDBY IS '修改人';

COMMENT ON COLUMN SQMS_PRIVATE_0927.OPERATION.ISVOID IS '禁用';

COMMENT ON COLUMN SQMS_PRIVATE_0927.OPERATION.ORGANIZATIONID IS 'ORGANIZATIONID';

COMMENT ON COLUMN SQMS_PRIVATE_0927.OPERATION.OPORDER IS 'OPORDER';

COMMENT ON COLUMN SQMS_PRIVATE_0927.OPERATION.OPIDENTITY IS 'OPIDENTITY';


ALTER TABLE SQMS_PRIVATE_0927.ORGANIZATION
 DROP PRIMARY KEY CASCADE;

DROP TABLE SQMS_PRIVATE_0927.ORGANIZATION CASCADE CONSTRAINTS;

--
-- ORGANIZATION  (Table) 
--
CREATE TABLE SQMS_PRIVATE_0927.ORGANIZATION
(
  ORGID           VARCHAR2(40 BYTE)             NOT NULL,
  COUNTRY         VARCHAR2(40 BYTE),
  CITY            VARCHAR2(40 BYTE),
  PARENTORG       VARCHAR2(40 BYTE),
  PROVINCE        VARCHAR2(40 BYTE),
  ORGCODE         VARCHAR2(40 BYTE)             NOT NULL,
  ORGNAME         VARCHAR2(60 BYTE),
  ORGTYPE         VARCHAR2(40 BYTE)             DEFAULT 'organization'        NOT NULL,
  ORGALIAS        VARCHAR2(60 BYTE),
  ORGSTATUS       VARCHAR2(2000 BYTE),
  ORGADDRESS      VARCHAR2(200 BYTE),
  ZIPCODE         VARCHAR2(20 BYTE),
  CONTACT         VARCHAR2(20 BYTE),
  CONTACTTEL      VARCHAR2(20 BYTE),
  EMAIL           VARCHAR2(100 BYTE),
  MEMO            VARCHAR2(2000 BYTE),
  CREATED         DATE                          DEFAULT SYSDATE               NOT NULL,
  CREATEDBY       VARCHAR2(40 BYTE),
  MODIFIEDBY      VARCHAR2(40 BYTE),
  SUITEID         VARCHAR2(40 BYTE),
  DATABASEID      VARCHAR2(40 BYTE),
  MODIFIED        DATE                          DEFAULT SYSDATE               NOT NULL,
  ORGANIZATIONID  VARCHAR2(40 BYTE),
  ISVOID          CHAR(1 BYTE)                  DEFAULT 'N'                   NOT NULL
)
TABLESPACE SQMS
PCTUSED    0
PCTFREE    10
INITRANS   1
MAXTRANS   255
STORAGE    (
            INITIAL          64K
            MINEXTENTS       1
            MAXEXTENTS       UNLIMITED
            PCTINCREASE      0
            BUFFER_POOL      DEFAULT
           )
LOGGING 
NOCOMPRESS 
NOCACHE
NOPARALLEL
MONITORING;

COMMENT ON TABLE SQMS_PRIVATE_0927.ORGANIZATION IS '机构';

COMMENT ON COLUMN SQMS_PRIVATE_0927.ORGANIZATION.ORGID IS '机构ID';

COMMENT ON COLUMN SQMS_PRIVATE_0927.ORGANIZATION.COUNTRY IS '国家';

COMMENT ON COLUMN SQMS_PRIVATE_0927.ORGANIZATION.CITY IS '市';

COMMENT ON COLUMN SQMS_PRIVATE_0927.ORGANIZATION.PARENTORG IS '上级机构';

COMMENT ON COLUMN SQMS_PRIVATE_0927.ORGANIZATION.PROVINCE IS '省';

COMMENT ON COLUMN SQMS_PRIVATE_0927.ORGANIZATION.ORGCODE IS '机构编码';

COMMENT ON COLUMN SQMS_PRIVATE_0927.ORGANIZATION.ORGNAME IS '机构名称';

COMMENT ON COLUMN SQMS_PRIVATE_0927.ORGANIZATION.ORGTYPE IS '机构类型';

COMMENT ON COLUMN SQMS_PRIVATE_0927.ORGANIZATION.ORGALIAS IS '简称';

COMMENT ON COLUMN SQMS_PRIVATE_0927.ORGANIZATION.ORGSTATUS IS '机构概况';

COMMENT ON COLUMN SQMS_PRIVATE_0927.ORGANIZATION.ORGADDRESS IS '机构地址';

COMMENT ON COLUMN SQMS_PRIVATE_0927.ORGANIZATION.ZIPCODE IS '邮编';

COMMENT ON COLUMN SQMS_PRIVATE_0927.ORGANIZATION.CONTACT IS '联系人';

COMMENT ON COLUMN SQMS_PRIVATE_0927.ORGANIZATION.CONTACTTEL IS '联系电话';

COMMENT ON COLUMN SQMS_PRIVATE_0927.ORGANIZATION.EMAIL IS 'Email';

COMMENT ON COLUMN SQMS_PRIVATE_0927.ORGANIZATION.MEMO IS '备注';

COMMENT ON COLUMN SQMS_PRIVATE_0927.ORGANIZATION.CREATED IS '创建时间';

COMMENT ON COLUMN SQMS_PRIVATE_0927.ORGANIZATION.CREATEDBY IS '创建人';

COMMENT ON COLUMN SQMS_PRIVATE_0927.ORGANIZATION.MODIFIEDBY IS '修改人';

COMMENT ON COLUMN SQMS_PRIVATE_0927.ORGANIZATION.SUITEID IS 'SUITEID';

COMMENT ON COLUMN SQMS_PRIVATE_0927.ORGANIZATION.DATABASEID IS 'DATABASEID';

COMMENT ON COLUMN SQMS_PRIVATE_0927.ORGANIZATION.MODIFIED IS '修改时间';

COMMENT ON COLUMN SQMS_PRIVATE_0927.ORGANIZATION.ORGANIZATIONID IS 'ORGANIZATIONID';

COMMENT ON COLUMN SQMS_PRIVATE_0927.ORGANIZATION.ISVOID IS '禁用';


ALTER TABLE SQMS_PRIVATE_0927.RESOURCEITEM
 DROP PRIMARY KEY CASCADE;

DROP TABLE SQMS_PRIVATE_0927.RESOURCEITEM CASCADE CONSTRAINTS;

--
-- RESOURCEITEM  (Table) 
--
CREATE TABLE SQMS_PRIVATE_0927.RESOURCEITEM
(
  RESID           VARCHAR2(40 BYTE)             NOT NULL,
  RESCODE         VARCHAR2(40 BYTE)             NOT NULL,
  RESIDENTITY     VARCHAR2(200 BYTE),
  VIEWNAME        VARCHAR2(512 BYTE),
  RESNAME         VARCHAR2(60 BYTE)             NOT NULL,
  RESTYPE         VARCHAR2(60 BYTE),
  LOCATION        VARCHAR2(600 BYTE),
  MEMO            VARCHAR2(2000 BYTE),
  ISVOID          CHAR(1 BYTE)                  DEFAULT 'N'                   NOT NULL,
  CREATED         DATE                          DEFAULT SYSDATE               NOT NULL,
  CREATEDBY       VARCHAR2(40 BYTE),
  MODIFIED        DATE                          DEFAULT SYSDATE               NOT NULL,
  MODIFIEDBY      VARCHAR2(40 BYTE),
  ORGANIZATIONID  VARCHAR2(40 BYTE)
)
TABLESPACE SQMS
PCTUSED    0
PCTFREE    10
INITRANS   1
MAXTRANS   255
STORAGE    (
            INITIAL          64K
            MINEXTENTS       1
            MAXEXTENTS       UNLIMITED
            PCTINCREASE      0
            BUFFER_POOL      DEFAULT
           )
LOGGING 
NOCOMPRESS 
NOCACHE
NOPARALLEL
MONITORING;

COMMENT ON TABLE SQMS_PRIVATE_0927.RESOURCEITEM IS '资源';

COMMENT ON COLUMN SQMS_PRIVATE_0927.RESOURCEITEM.RESID IS '资源ID';

COMMENT ON COLUMN SQMS_PRIVATE_0927.RESOURCEITEM.RESCODE IS '资源编码';

COMMENT ON COLUMN SQMS_PRIVATE_0927.RESOURCEITEM.RESIDENTITY IS '资源标识';

COMMENT ON COLUMN SQMS_PRIVATE_0927.RESOURCEITEM.VIEWNAME IS '用于保存实际的页面文件名';

COMMENT ON COLUMN SQMS_PRIVATE_0927.RESOURCEITEM.RESNAME IS '自定义的资源点名称';

COMMENT ON COLUMN SQMS_PRIVATE_0927.RESOURCEITEM.RESTYPE IS '资源类型';

COMMENT ON COLUMN SQMS_PRIVATE_0927.RESOURCEITEM.LOCATION IS '资源位置';

COMMENT ON COLUMN SQMS_PRIVATE_0927.RESOURCEITEM.MEMO IS '备注';

COMMENT ON COLUMN SQMS_PRIVATE_0927.RESOURCEITEM.ISVOID IS '禁用';

COMMENT ON COLUMN SQMS_PRIVATE_0927.RESOURCEITEM.CREATED IS '创建时间';

COMMENT ON COLUMN SQMS_PRIVATE_0927.RESOURCEITEM.CREATEDBY IS '创建人';

COMMENT ON COLUMN SQMS_PRIVATE_0927.RESOURCEITEM.MODIFIED IS '修改时间';

COMMENT ON COLUMN SQMS_PRIVATE_0927.RESOURCEITEM.MODIFIEDBY IS '修改人';

COMMENT ON COLUMN SQMS_PRIVATE_0927.RESOURCEITEM.ORGANIZATIONID IS 'ORGANIZATIONID';


ALTER TABLE SQMS_PRIVATE_0927.ROLE
 DROP PRIMARY KEY CASCADE;

DROP TABLE SQMS_PRIVATE_0927.ROLE CASCADE CONSTRAINTS;

--
-- ROLE  (Table) 
--
CREATE TABLE SQMS_PRIVATE_0927.ROLE
(
  ROLEID          VARCHAR2(40 BYTE)             NOT NULL,
  ROLECODE        VARCHAR2(40 BYTE)             NOT NULL,
  ROLENAME        VARCHAR2(60 BYTE)             NOT NULL,
  ISVOID          CHAR(1 BYTE)                  DEFAULT 'N'                   NOT NULL,
  MEMO            VARCHAR2(2000 BYTE),
  CREATED         DATE                          DEFAULT SYSDATE               NOT NULL,
  CREATEDBY       VARCHAR2(40 BYTE),
  MODIFIED        DATE                          DEFAULT SYSDATE               NOT NULL,
  MODIFIEDBY      VARCHAR2(40 BYTE),
  ORGANIZATIONID  VARCHAR2(40 BYTE),
  SUITEID         VARCHAR2(40 BYTE)
)
TABLESPACE SQMS
PCTUSED    0
PCTFREE    10
INITRANS   1
MAXTRANS   255
STORAGE    (
            INITIAL          64K
            MINEXTENTS       1
            MAXEXTENTS       UNLIMITED
            PCTINCREASE      0
            BUFFER_POOL      DEFAULT
           )
LOGGING 
NOCOMPRESS 
NOCACHE
NOPARALLEL
MONITORING;

COMMENT ON TABLE SQMS_PRIVATE_0927.ROLE IS '角色';

COMMENT ON COLUMN SQMS_PRIVATE_0927.ROLE.ROLEID IS '角色ID';

COMMENT ON COLUMN SQMS_PRIVATE_0927.ROLE.ROLECODE IS '角色编码';

COMMENT ON COLUMN SQMS_PRIVATE_0927.ROLE.ROLENAME IS '角色名称';

COMMENT ON COLUMN SQMS_PRIVATE_0927.ROLE.ISVOID IS '禁用';

COMMENT ON COLUMN SQMS_PRIVATE_0927.ROLE.MEMO IS '备注';

COMMENT ON COLUMN SQMS_PRIVATE_0927.ROLE.CREATED IS '创建时间';

COMMENT ON COLUMN SQMS_PRIVATE_0927.ROLE.CREATEDBY IS '创建人';

COMMENT ON COLUMN SQMS_PRIVATE_0927.ROLE.MODIFIED IS '修改时间';

COMMENT ON COLUMN SQMS_PRIVATE_0927.ROLE.MODIFIEDBY IS '修改人';

COMMENT ON COLUMN SQMS_PRIVATE_0927.ROLE.ORGANIZATIONID IS 'ORGANIZATIONID';

COMMENT ON COLUMN SQMS_PRIVATE_0927.ROLE.SUITEID IS 'SUITEID';


ALTER TABLE SQMS_PRIVATE_0927.TIMESCHEMA
 DROP PRIMARY KEY CASCADE;

DROP TABLE SQMS_PRIVATE_0927.TIMESCHEMA CASCADE CONSTRAINTS;

--
-- TIMESCHEMA  (Table) 
--
CREATE TABLE SQMS_PRIVATE_0927.TIMESCHEMA
(
  SCHEMAID        VARCHAR2(40 BYTE)             NOT NULL,
  SCHEMANAME      VARCHAR2(60 BYTE),
  CREATED         DATE                          DEFAULT SYSDATE               NOT NULL,
  CREATEDBY       VARCHAR2(40 BYTE),
  MODIFIED        DATE                          DEFAULT SYSDATE               NOT NULL,
  MODIFIEDBY      VARCHAR2(40 BYTE),
  ORGANIZATIONID  VARCHAR2(40 BYTE),
  FLOATTIME       NUMBER,
  BEGINTIME       DATE,
  ENDTIME         DATE,
  ISVOID          CHAR(1 BYTE)                  DEFAULT 'N'                   NOT NULL
)
TABLESPACE SQMS
PCTUSED    0
PCTFREE    10
INITRANS   1
MAXTRANS   255
STORAGE    (
            INITIAL          64K
            MINEXTENTS       1
            MAXEXTENTS       UNLIMITED
            PCTINCREASE      0
            BUFFER_POOL      DEFAULT
           )
LOGGING 
NOCOMPRESS 
NOCACHE
NOPARALLEL
MONITORING;

COMMENT ON TABLE SQMS_PRIVATE_0927.TIMESCHEMA IS '时间模版';

COMMENT ON COLUMN SQMS_PRIVATE_0927.TIMESCHEMA.SCHEMAID IS '模版ID';

COMMENT ON COLUMN SQMS_PRIVATE_0927.TIMESCHEMA.SCHEMANAME IS '模版名称';

COMMENT ON COLUMN SQMS_PRIVATE_0927.TIMESCHEMA.CREATED IS '创建时间';

COMMENT ON COLUMN SQMS_PRIVATE_0927.TIMESCHEMA.CREATEDBY IS '创建人';

COMMENT ON COLUMN SQMS_PRIVATE_0927.TIMESCHEMA.MODIFIED IS '修改时间';

COMMENT ON COLUMN SQMS_PRIVATE_0927.TIMESCHEMA.MODIFIEDBY IS '修改人';

COMMENT ON COLUMN SQMS_PRIVATE_0927.TIMESCHEMA.ORGANIZATIONID IS 'ORGANIZATIONID';

COMMENT ON COLUMN SQMS_PRIVATE_0927.TIMESCHEMA.FLOATTIME IS '浮动时间';

COMMENT ON COLUMN SQMS_PRIVATE_0927.TIMESCHEMA.BEGINTIME IS '开始时间';

COMMENT ON COLUMN SQMS_PRIVATE_0927.TIMESCHEMA.ENDTIME IS '结束时间';

COMMENT ON COLUMN SQMS_PRIVATE_0927.TIMESCHEMA.ISVOID IS '禁用';


ALTER TABLE SQMS_PRIVATE_0927.VIDEO
 DROP PRIMARY KEY CASCADE;

DROP TABLE SQMS_PRIVATE_0927.VIDEO CASCADE CONSTRAINTS;

--
-- VIDEO  (Table) 
--
CREATE TABLE SQMS_PRIVATE_0927.VIDEO
(
  VIDEOID         VARCHAR2(40 BYTE)             NOT NULL,
  EVENTID         VARCHAR2(40 BYTE),
  VIDEONAME       VARCHAR2(100 BYTE),
  MEMO            VARCHAR2(500 BYTE),
  VIDEOURL        VARCHAR2(2000 BYTE),
  CREATED         DATE                          DEFAULT SYSDATE               NOT NULL,
  CREATEDBY       VARCHAR2(40 BYTE),
  MODIFIED        DATE                          DEFAULT SYSDATE               NOT NULL,
  MODIFIEDBY      VARCHAR2(40 BYTE),
  ORGANIZATIONID  VARCHAR2(40 BYTE),
  SUITEID         VARCHAR2(40 BYTE),
  ISVOID          CHAR(1 BYTE)                  DEFAULT 'N'                   NOT NULL,
  DURATION        NUMBER,
  TRACE           VARCHAR2(4000 BYTE)
)
TABLESPACE SQMS
PCTUSED    0
PCTFREE    10
INITRANS   1
MAXTRANS   255
STORAGE    (
            INITIAL          64K
            MINEXTENTS       1
            MAXEXTENTS       UNLIMITED
            PCTINCREASE      0
            BUFFER_POOL      DEFAULT
           )
LOGGING 
NOCOMPRESS 
NOCACHE
NOPARALLEL
MONITORING;

COMMENT ON TABLE SQMS_PRIVATE_0927.VIDEO IS '质量监控时采集的视频数据';

COMMENT ON COLUMN SQMS_PRIVATE_0927.VIDEO.VIDEOID IS 'VideoId';

COMMENT ON COLUMN SQMS_PRIVATE_0927.VIDEO.EVENTID IS '事件ID';

COMMENT ON COLUMN SQMS_PRIVATE_0927.VIDEO.VIDEONAME IS 'VideoName';

COMMENT ON COLUMN SQMS_PRIVATE_0927.VIDEO.MEMO IS 'Memo';

COMMENT ON COLUMN SQMS_PRIVATE_0927.VIDEO.VIDEOURL IS 'VideoUrl';

COMMENT ON COLUMN SQMS_PRIVATE_0927.VIDEO.CREATED IS 'Created';

COMMENT ON COLUMN SQMS_PRIVATE_0927.VIDEO.CREATEDBY IS 'CreatedBy';

COMMENT ON COLUMN SQMS_PRIVATE_0927.VIDEO.MODIFIED IS 'Modified';

COMMENT ON COLUMN SQMS_PRIVATE_0927.VIDEO.MODIFIEDBY IS 'ModifiedBy';

COMMENT ON COLUMN SQMS_PRIVATE_0927.VIDEO.ORGANIZATIONID IS 'ORGANIZATIONID';

COMMENT ON COLUMN SQMS_PRIVATE_0927.VIDEO.SUITEID IS 'SUITEID';

COMMENT ON COLUMN SQMS_PRIVATE_0927.VIDEO.ISVOID IS 'ISVOID';

COMMENT ON COLUMN SQMS_PRIVATE_0927.VIDEO.DURATION IS 'DURATION';


ALTER TABLE SQMS_PRIVATE_0927.LOG
 DROP PRIMARY KEY CASCADE;

DROP TABLE SQMS_PRIVATE_0927.LOG CASCADE CONSTRAINTS;

--
-- LOG  (Table) 
--
CREATE TABLE SQMS_PRIVATE_0927.LOG
(
  LOGID           VARCHAR2(40 BYTE)             NOT NULL,
  LOGCODE         VARCHAR2(40 BYTE)             NOT NULL,
  LOGTYPE         VARCHAR2(20 BYTE)             NOT NULL,
  LOGLEVEL        VARCHAR2(20 BYTE)             NOT NULL,
  LOGSOURCE       VARCHAR2(200 BYTE)            NOT NULL,
  CONTENT         VARCHAR2(1000 BYTE),
  RECORDTIME      DATE                          NOT NULL,
  ISVOID          CHAR(1 BYTE),
  CREATED         DATE,
  CREATEDBY       VARCHAR2(40 BYTE),
  MODIFIED        DATE,
  MODIFIEDBY      VARCHAR2(40 BYTE),
  ORGANIZATIONID  VARCHAR2(40 BYTE),
  SUITEID         VARCHAR2(40 BYTE)
)
TABLESPACE SQMS
PCTUSED    0
PCTFREE    10
INITRANS   1
MAXTRANS   255
STORAGE    (
            INITIAL          64K
            MINEXTENTS       1
            MAXEXTENTS       UNLIMITED
            PCTINCREASE      0
            BUFFER_POOL      DEFAULT
           )
LOGGING 
NOCOMPRESS 
NOCACHE
NOPARALLEL
MONITORING;

COMMENT ON TABLE SQMS_PRIVATE_0927.LOG IS '日志';

COMMENT ON COLUMN SQMS_PRIVATE_0927.LOG.LOGID IS '日志ID';

COMMENT ON COLUMN SQMS_PRIVATE_0927.LOG.LOGCODE IS '日志编码';

COMMENT ON COLUMN SQMS_PRIVATE_0927.LOG.LOGTYPE IS '类型';

COMMENT ON COLUMN SQMS_PRIVATE_0927.LOG.LOGLEVEL IS '级别';

COMMENT ON COLUMN SQMS_PRIVATE_0927.LOG.LOGSOURCE IS '来源';

COMMENT ON COLUMN SQMS_PRIVATE_0927.LOG.CONTENT IS '内容';

COMMENT ON COLUMN SQMS_PRIVATE_0927.LOG.RECORDTIME IS '记录时间';

COMMENT ON COLUMN SQMS_PRIVATE_0927.LOG.ISVOID IS '禁用';

COMMENT ON COLUMN SQMS_PRIVATE_0927.LOG.CREATED IS '创建时间';

COMMENT ON COLUMN SQMS_PRIVATE_0927.LOG.CREATEDBY IS '创建人';

COMMENT ON COLUMN SQMS_PRIVATE_0927.LOG.MODIFIED IS '修改时间';

COMMENT ON COLUMN SQMS_PRIVATE_0927.LOG.MODIFIEDBY IS '修改人';

COMMENT ON COLUMN SQMS_PRIVATE_0927.LOG.ORGANIZATIONID IS 'ORGANIZATIONID';

COMMENT ON COLUMN SQMS_PRIVATE_0927.LOG.SUITEID IS 'SUITEID';


--
-- EQUIPMENT_ORG  (Index) 
--
CREATE INDEX SQMS_PRIVATE_0927.EQUIPMENT_ORG ON SQMS_PRIVATE_0927.EQUIPMENT
(ORGANIZATIONID)
LOGGING
TABLESPACE SQMS
PCTFREE    10
INITRANS   2
MAXTRANS   255
STORAGE    (
            INITIAL          64K
            MINEXTENTS       1
            MAXEXTENTS       UNLIMITED
            PCTINCREASE      0
            BUFFER_POOL      DEFAULT
           )
NOPARALLEL;


--
-- IDX_ENUMERATION_ENUMTYPE  (Index) 
--
CREATE INDEX SQMS_PRIVATE_0927.IDX_ENUMERATION_ENUMTYPE ON SQMS_PRIVATE_0927.ENUMERATION
(ENUMTYPE)
LOGGING
TABLESPACE SQMS
PCTFREE    10
INITRANS   2
MAXTRANS   255
STORAGE    (
            INITIAL          64K
            MINEXTENTS       1
            MAXEXTENTS       UNLIMITED
            PCTINCREASE      0
            BUFFER_POOL      DEFAULT
           )
NOPARALLEL;


--
-- IDX_GEO_GEOID_FK  (Index) 
--
CREATE INDEX SQMS_PRIVATE_0927.IDX_GEO_GEOID_FK ON SQMS_PRIVATE_0927.GEO
(PARENTGEO)
LOGGING
TABLESPACE SQMS
PCTFREE    10
INITRANS   2
MAXTRANS   255
STORAGE    (
            INITIAL          64K
            MINEXTENTS       1
            MAXEXTENTS       UNLIMITED
            PCTINCREASE      0
            BUFFER_POOL      DEFAULT
           )
NOPARALLEL;


--
-- IDX_LOG_ORGANIZATIONID  (Index) 
--
CREATE INDEX SQMS_PRIVATE_0927.IDX_LOG_ORGANIZATIONID ON SQMS_PRIVATE_0927.LOG
(ORGANIZATIONID)
LOGGING
TABLESPACE SQMS
PCTFREE    10
INITRANS   2
MAXTRANS   255
STORAGE    (
            INITIAL          64K
            MINEXTENTS       1
            MAXEXTENTS       UNLIMITED
            PCTINCREASE      0
            BUFFER_POOL      DEFAULT
           )
NOPARALLEL;


--
-- IDX_OPERATION_ORGANIZATIONID  (Index) 
--
CREATE INDEX SQMS_PRIVATE_0927.IDX_OPERATION_ORGANIZATIONID ON SQMS_PRIVATE_0927.OPERATION
(ORGANIZATIONID)
LOGGING
TABLESPACE SQMS
PCTFREE    10
INITRANS   2
MAXTRANS   255
STORAGE    (
            INITIAL          64K
            MINEXTENTS       1
            MAXEXTENTS       UNLIMITED
            PCTINCREASE      0
            BUFFER_POOL      DEFAULT
           )
NOPARALLEL;


--
-- IDX_ORGANIZATIONID  (Index) 
--
CREATE INDEX SQMS_PRIVATE_0927.IDX_ORGANIZATIONID ON SQMS_PRIVATE_0927.VIDEO
(ORGANIZATIONID)
LOGGING
TABLESPACE SQMS
PCTFREE    10
INITRANS   2
MAXTRANS   255
STORAGE    (
            INITIAL          64K
            MINEXTENTS       1
            MAXEXTENTS       UNLIMITED
            PCTINCREASE      0
            BUFFER_POOL      DEFAULT
           )
NOPARALLEL;


--
-- IDX_ORGANIZATION_CITY_FK  (Index) 
--
CREATE INDEX SQMS_PRIVATE_0927.IDX_ORGANIZATION_CITY_FK ON SQMS_PRIVATE_0927.ORGANIZATION
(CITY)
LOGGING
TABLESPACE SQMS
PCTFREE    10
INITRANS   2
MAXTRANS   255
STORAGE    (
            INITIAL          64K
            MINEXTENTS       1
            MAXEXTENTS       UNLIMITED
            PCTINCREASE      0
            BUFFER_POOL      DEFAULT
           )
NOPARALLEL;


--
-- IDX_ORGANIZATION_COUNTRY_FK  (Index) 
--
CREATE INDEX SQMS_PRIVATE_0927.IDX_ORGANIZATION_COUNTRY_FK ON SQMS_PRIVATE_0927.ORGANIZATION
(COUNTRY)
LOGGING
TABLESPACE SQMS
PCTFREE    10
INITRANS   2
MAXTRANS   255
STORAGE    (
            INITIAL          64K
            MINEXTENTS       1
            MAXEXTENTS       UNLIMITED
            PCTINCREASE      0
            BUFFER_POOL      DEFAULT
           )
NOPARALLEL;


--
-- IDX_ORGANIZATION_PARENTORG_FK  (Index) 
--
CREATE INDEX SQMS_PRIVATE_0927.IDX_ORGANIZATION_PARENTORG_FK ON SQMS_PRIVATE_0927.ORGANIZATION
(PARENTORG)
LOGGING
TABLESPACE SQMS
PCTFREE    10
INITRANS   2
MAXTRANS   255
STORAGE    (
            INITIAL          64K
            MINEXTENTS       1
            MAXEXTENTS       UNLIMITED
            PCTINCREASE      0
            BUFFER_POOL      DEFAULT
           )
NOPARALLEL;


--
-- IDX_ORGANIZATION_PROVINCE_FK  (Index) 
--
CREATE INDEX SQMS_PRIVATE_0927.IDX_ORGANIZATION_PROVINCE_FK ON SQMS_PRIVATE_0927.ORGANIZATION
(PROVINCE)
LOGGING
TABLESPACE SQMS
PCTFREE    10
INITRANS   2
MAXTRANS   255
STORAGE    (
            INITIAL          64K
            MINEXTENTS       1
            MAXEXTENTS       UNLIMITED
            PCTINCREASE      0
            BUFFER_POOL      DEFAULT
           )
NOPARALLEL;


--
-- IDX_ORGANIZATION_SUITEID  (Index) 
--
CREATE INDEX SQMS_PRIVATE_0927.IDX_ORGANIZATION_SUITEID ON SQMS_PRIVATE_0927.ORGANIZATION
(SUITEID)
LOGGING
TABLESPACE SQMS
PCTFREE    10
INITRANS   2
MAXTRANS   255
STORAGE    (
            INITIAL          64K
            MINEXTENTS       1
            MAXEXTENTS       UNLIMITED
            PCTINCREASE      0
            BUFFER_POOL      DEFAULT
           )
NOPARALLEL;


--
-- IDX_TIMESCHEMA_ORGANIZATIONID  (Index) 
--
CREATE INDEX SQMS_PRIVATE_0927.IDX_TIMESCHEMA_ORGANIZATIONID ON SQMS_PRIVATE_0927.TIMESCHEMA
(ORGANIZATIONID)
LOGGING
TABLESPACE SQMS
PCTFREE    10
INITRANS   2
MAXTRANS   255
STORAGE    (
            INITIAL          64K
            MINEXTENTS       1
            MAXEXTENTS       UNLIMITED
            PCTINCREASE      0
            BUFFER_POOL      DEFAULT
           )
NOPARALLEL;


--
-- IDX_U_RESOURCE_RESIDENTITY  (Index) 
--
CREATE UNIQUE INDEX SQMS_PRIVATE_0927.IDX_U_RESOURCE_RESIDENTITY ON SQMS_PRIVATE_0927.RESOURCEITEM
(RESIDENTITY)
LOGGING
TABLESPACE SQMS
PCTFREE    10
INITRANS   2
MAXTRANS   255
STORAGE    (
            INITIAL          64K
            MINEXTENTS       1
            MAXEXTENTS       UNLIMITED
            PCTINCREASE      0
            BUFFER_POOL      DEFAULT
           )
NOPARALLEL;


--
-- PK_ENUMERATION  (Index) 
--
CREATE UNIQUE INDEX SQMS_PRIVATE_0927.PK_ENUMERATION ON SQMS_PRIVATE_0927.ENUMERATION
(ENUMID)
LOGGING
TABLESPACE SQMS
PCTFREE    10
INITRANS   2
MAXTRANS   255
STORAGE    (
            INITIAL          64K
            MINEXTENTS       1
            MAXEXTENTS       UNLIMITED
            PCTINCREASE      0
            BUFFER_POOL      DEFAULT
           )
NOPARALLEL;


--
-- PK_EQUIPMENT  (Index) 
--
CREATE UNIQUE INDEX SQMS_PRIVATE_0927.PK_EQUIPMENT ON SQMS_PRIVATE_0927.EQUIPMENT
(EQUID)
LOGGING
TABLESPACE SQMS
PCTFREE    10
INITRANS   2
MAXTRANS   255
STORAGE    (
            INITIAL          64K
            MINEXTENTS       1
            MAXEXTENTS       UNLIMITED
            PCTINCREASE      0
            BUFFER_POOL      DEFAULT
           )
NOPARALLEL;


--
-- PK_GEO  (Index) 
--
CREATE UNIQUE INDEX SQMS_PRIVATE_0927.PK_GEO ON SQMS_PRIVATE_0927.GEO
(GEOID)
LOGGING
TABLESPACE SQMS
PCTFREE    10
INITRANS   2
MAXTRANS   255
STORAGE    (
            INITIAL          64K
            MINEXTENTS       1
            MAXEXTENTS       UNLIMITED
            PCTINCREASE      0
            BUFFER_POOL      DEFAULT
           )
NOPARALLEL;


--
-- PK_LOG  (Index) 
--
CREATE UNIQUE INDEX SQMS_PRIVATE_0927.PK_LOG ON SQMS_PRIVATE_0927.LOG
(LOGID)
LOGGING
TABLESPACE SQMS
PCTFREE    10
INITRANS   2
MAXTRANS   255
STORAGE    (
            INITIAL          64K
            MINEXTENTS       1
            MAXEXTENTS       UNLIMITED
            PCTINCREASE      0
            BUFFER_POOL      DEFAULT
           )
NOPARALLEL;


--
-- PK_MENU  (Index) 
--
CREATE UNIQUE INDEX SQMS_PRIVATE_0927.PK_MENU ON SQMS_PRIVATE_0927.MENU
(MENUID)
LOGGING
TABLESPACE SQMS
PCTFREE    10
INITRANS   2
MAXTRANS   255
STORAGE    (
            INITIAL          64K
            MINEXTENTS       1
            MAXEXTENTS       UNLIMITED
            PCTINCREASE      0
            BUFFER_POOL      DEFAULT
           )
NOPARALLEL;


--
-- PK_OPERATION  (Index) 
--
CREATE UNIQUE INDEX SQMS_PRIVATE_0927.PK_OPERATION ON SQMS_PRIVATE_0927.OPERATION
(OPID)
LOGGING
TABLESPACE SQMS
PCTFREE    10
INITRANS   2
MAXTRANS   255
STORAGE    (
            INITIAL          64K
            MINEXTENTS       1
            MAXEXTENTS       UNLIMITED
            PCTINCREASE      0
            BUFFER_POOL      DEFAULT
           )
NOPARALLEL;


--
-- PK_ORGANIZATION  (Index) 
--
CREATE UNIQUE INDEX SQMS_PRIVATE_0927.PK_ORGANIZATION ON SQMS_PRIVATE_0927.ORGANIZATION
(ORGID)
LOGGING
TABLESPACE SQMS
PCTFREE    10
INITRANS   2
MAXTRANS   255
STORAGE    (
            INITIAL          64K
            MINEXTENTS       1
            MAXEXTENTS       UNLIMITED
            PCTINCREASE      0
            BUFFER_POOL      DEFAULT
           )
NOPARALLEL;


--
-- PK_RESOURCEITEM  (Index) 
--
CREATE UNIQUE INDEX SQMS_PRIVATE_0927.PK_RESOURCEITEM ON SQMS_PRIVATE_0927.RESOURCEITEM
(RESID)
LOGGING
TABLESPACE SQMS
PCTFREE    10
INITRANS   2
MAXTRANS   255
STORAGE    (
            INITIAL          64K
            MINEXTENTS       1
            MAXEXTENTS       UNLIMITED
            PCTINCREASE      0
            BUFFER_POOL      DEFAULT
           )
NOPARALLEL;


--
-- PK_ROLE  (Index) 
--
CREATE UNIQUE INDEX SQMS_PRIVATE_0927.PK_ROLE ON SQMS_PRIVATE_0927.ROLE
(ROLEID)
LOGGING
TABLESPACE SQMS
PCTFREE    10
INITRANS   2
MAXTRANS   255
STORAGE    (
            INITIAL          64K
            MINEXTENTS       1
            MAXEXTENTS       UNLIMITED
            PCTINCREASE      0
            BUFFER_POOL      DEFAULT
           )
NOPARALLEL;


--
-- PK_TIMESCHEMA  (Index) 
--
CREATE UNIQUE INDEX SQMS_PRIVATE_0927.PK_TIMESCHEMA ON SQMS_PRIVATE_0927.TIMESCHEMA
(SCHEMAID)
LOGGING
TABLESPACE SQMS
PCTFREE    10
INITRANS   2
MAXTRANS   255
STORAGE    (
            INITIAL          64K
            MINEXTENTS       1
            MAXEXTENTS       UNLIMITED
            PCTINCREASE      0
            BUFFER_POOL      DEFAULT
           )
NOPARALLEL;


--
-- PK_VIDEO  (Index) 
--
CREATE UNIQUE INDEX SQMS_PRIVATE_0927.PK_VIDEO ON SQMS_PRIVATE_0927.VIDEO
(VIDEOID)
LOGGING
TABLESPACE SQMS
PCTFREE    10
INITRANS   2
MAXTRANS   255
STORAGE    (
            INITIAL          64K
            MINEXTENTS       1
            MAXEXTENTS       UNLIMITED
            PCTINCREASE      0
            BUFFER_POOL      DEFAULT
           )
NOPARALLEL;


--
-- RESOURCEITEM_ORGANIZATIONID  (Index) 
--
CREATE INDEX SQMS_PRIVATE_0927.RESOURCEITEM_ORGANIZATIONID ON SQMS_PRIVATE_0927.RESOURCEITEM
(ORGANIZATIONID)
LOGGING
TABLESPACE SQMS
PCTFREE    10
INITRANS   2
MAXTRANS   255
STORAGE    (
            INITIAL          64K
            MINEXTENTS       1
            MAXEXTENTS       UNLIMITED
            PCTINCREASE      0
            BUFFER_POOL      DEFAULT
           )
NOPARALLEL;


--
-- ROLE_ORGANIZATIONID  (Index) 
--
CREATE INDEX SQMS_PRIVATE_0927.ROLE_ORGANIZATIONID ON SQMS_PRIVATE_0927.ROLE
(ORGANIZATIONID)
LOGGING
TABLESPACE SQMS
PCTFREE    10
INITRANS   2
MAXTRANS   255
STORAGE    (
            INITIAL          64K
            MINEXTENTS       1
            MAXEXTENTS       UNLIMITED
            PCTINCREASE      0
            BUFFER_POOL      DEFAULT
           )
NOPARALLEL;


ALTER TABLE SQMS_PRIVATE_0927.EMPLOYEE
 DROP PRIMARY KEY CASCADE;

DROP TABLE SQMS_PRIVATE_0927.EMPLOYEE CASCADE CONSTRAINTS;

--
-- EMPLOYEE  (Table) 
--
CREATE TABLE SQMS_PRIVATE_0927.EMPLOYEE
(
  EMPID           VARCHAR2(40 BYTE)             NOT NULL,
  DEPTID          VARCHAR2(40 BYTE),
  EQUID           VARCHAR2(40 BYTE),
  SEX             VARCHAR2(40 BYTE),
  EMPNAME         VARCHAR2(60 BYTE)             NOT NULL,
  EMPCODE         VARCHAR2(40 BYTE)             NOT NULL,
  EMPSTATUS       VARCHAR2(20 BYTE),
  MOBILE          VARCHAR2(20 BYTE),
  ISVOID          CHAR(1 BYTE)                  DEFAULT 'N'                   NOT NULL,
  JOBTITLE        VARCHAR2(40 BYTE),
  CONTACTTEL      VARCHAR2(20 BYTE),
  BIRTHDAY        DATE,
  DEGREE          VARCHAR2(40 BYTE),
  MEMO            VARCHAR2(2000 BYTE),
  CREATED         DATE                          DEFAULT SYSDATE               NOT NULL,
  CREATEDBY       VARCHAR2(40 BYTE),
  MODIFIEDBY      VARCHAR2(40 BYTE),
  MODIFIED        DATE                          DEFAULT SYSDATE               NOT NULL,
  ORGANIZATIONID  VARCHAR2(40 BYTE),
  SUITEID         VARCHAR2(40 BYTE),
  ISEQUACTIVATE   CHAR(1 BYTE)                  DEFAULT 'N'
)
TABLESPACE SQMS
PCTUSED    0
PCTFREE    10
INITRANS   1
MAXTRANS   255
STORAGE    (
            INITIAL          64K
            MINEXTENTS       1
            MAXEXTENTS       UNLIMITED
            PCTINCREASE      0
            BUFFER_POOL      DEFAULT
           )
LOGGING 
NOCOMPRESS 
NOCACHE
NOPARALLEL
MONITORING;

COMMENT ON TABLE SQMS_PRIVATE_0927.EMPLOYEE IS '职员';

COMMENT ON COLUMN SQMS_PRIVATE_0927.EMPLOYEE.EMPID IS '职员ID';

COMMENT ON COLUMN SQMS_PRIVATE_0927.EMPLOYEE.DEPTID IS '所属部门';

COMMENT ON COLUMN SQMS_PRIVATE_0927.EMPLOYEE.EQUID IS '移动设备';

COMMENT ON COLUMN SQMS_PRIVATE_0927.EMPLOYEE.SEX IS '性别';

COMMENT ON COLUMN SQMS_PRIVATE_0927.EMPLOYEE.EMPNAME IS '职员名称';

COMMENT ON COLUMN SQMS_PRIVATE_0927.EMPLOYEE.EMPCODE IS '职员编码';

COMMENT ON COLUMN SQMS_PRIVATE_0927.EMPLOYEE.EMPSTATUS IS '职员状态';

COMMENT ON COLUMN SQMS_PRIVATE_0927.EMPLOYEE.MOBILE IS '移动电话';

COMMENT ON COLUMN SQMS_PRIVATE_0927.EMPLOYEE.ISVOID IS '禁用';

COMMENT ON COLUMN SQMS_PRIVATE_0927.EMPLOYEE.JOBTITLE IS '职位';

COMMENT ON COLUMN SQMS_PRIVATE_0927.EMPLOYEE.CONTACTTEL IS '联系电话';

COMMENT ON COLUMN SQMS_PRIVATE_0927.EMPLOYEE.BIRTHDAY IS '出生日期';

COMMENT ON COLUMN SQMS_PRIVATE_0927.EMPLOYEE.DEGREE IS '学历';

COMMENT ON COLUMN SQMS_PRIVATE_0927.EMPLOYEE.MEMO IS '备注';

COMMENT ON COLUMN SQMS_PRIVATE_0927.EMPLOYEE.CREATED IS '创建时间';

COMMENT ON COLUMN SQMS_PRIVATE_0927.EMPLOYEE.CREATEDBY IS '创建人';

COMMENT ON COLUMN SQMS_PRIVATE_0927.EMPLOYEE.MODIFIEDBY IS '修改人';

COMMENT ON COLUMN SQMS_PRIVATE_0927.EMPLOYEE.MODIFIED IS '修改时间';

COMMENT ON COLUMN SQMS_PRIVATE_0927.EMPLOYEE.ORGANIZATIONID IS 'ORGANIZATIONID';

COMMENT ON COLUMN SQMS_PRIVATE_0927.EMPLOYEE.SUITEID IS 'SUITEID';

COMMENT ON COLUMN SQMS_PRIVATE_0927.EMPLOYEE.ISEQUACTIVATE IS 'ISEQUACTIVATE';


ALTER TABLE SQMS_PRIVATE_0927.PASSPORT
 DROP PRIMARY KEY CASCADE;

DROP TABLE SQMS_PRIVATE_0927.PASSPORT CASCADE CONSTRAINTS;

--
-- PASSPORT  (Table) 
--
CREATE TABLE SQMS_PRIVATE_0927.PASSPORT
(
  PASSPORTID      VARCHAR2(40 BYTE)             NOT NULL,
  EMPID           VARCHAR2(40 BYTE)             NOT NULL,
  PASSPORTCODE    VARCHAR2(40 BYTE)             NOT NULL,
  PASSPORT        VARCHAR2(60 BYTE)             NOT NULL,
  PASSWORD        VARCHAR2(20 BYTE),
  ISVOID          CHAR(1 BYTE)                  DEFAULT 'N'                   NOT NULL,
  MEMO            VARCHAR2(2000 BYTE),
  CREATED         DATE                          DEFAULT SYSDATE               NOT NULL,
  CREATEDBY       VARCHAR2(40 BYTE),
  MODIFIED        DATE                          DEFAULT SYSDATE               NOT NULL,
  MODIFIEDBY      VARCHAR2(40 BYTE),
  ORGANIZATIONID  VARCHAR2(40 BYTE),
  SUITEID         VARCHAR2(40 BYTE)
)
TABLESPACE SQMS
PCTUSED    0
PCTFREE    10
INITRANS   1
MAXTRANS   255
STORAGE    (
            INITIAL          64K
            MINEXTENTS       1
            MAXEXTENTS       UNLIMITED
            PCTINCREASE      0
            BUFFER_POOL      DEFAULT
           )
LOGGING 
NOCOMPRESS 
NOCACHE
NOPARALLEL
MONITORING;

COMMENT ON TABLE SQMS_PRIVATE_0927.PASSPORT IS '账号';

COMMENT ON COLUMN SQMS_PRIVATE_0927.PASSPORT.PASSPORTID IS '账号ID';

COMMENT ON COLUMN SQMS_PRIVATE_0927.PASSPORT.EMPID IS '职员';

COMMENT ON COLUMN SQMS_PRIVATE_0927.PASSPORT.PASSPORTCODE IS '账号编码';

COMMENT ON COLUMN SQMS_PRIVATE_0927.PASSPORT.PASSPORT IS '账号';

COMMENT ON COLUMN SQMS_PRIVATE_0927.PASSPORT.PASSWORD IS '密码';

COMMENT ON COLUMN SQMS_PRIVATE_0927.PASSPORT.ISVOID IS '禁用';

COMMENT ON COLUMN SQMS_PRIVATE_0927.PASSPORT.MEMO IS '备注';

COMMENT ON COLUMN SQMS_PRIVATE_0927.PASSPORT.CREATED IS '创建时间';

COMMENT ON COLUMN SQMS_PRIVATE_0927.PASSPORT.CREATEDBY IS '创建人';

COMMENT ON COLUMN SQMS_PRIVATE_0927.PASSPORT.MODIFIED IS '修改时间';

COMMENT ON COLUMN SQMS_PRIVATE_0927.PASSPORT.MODIFIEDBY IS '修改人';

COMMENT ON COLUMN SQMS_PRIVATE_0927.PASSPORT.ORGANIZATIONID IS 'ORGANIZATIONID';

COMMENT ON COLUMN SQMS_PRIVATE_0927.PASSPORT.SUITEID IS 'SUITEID';


ALTER TABLE SQMS_PRIVATE_0927.PROJECT
 DROP PRIMARY KEY CASCADE;

DROP TABLE SQMS_PRIVATE_0927.PROJECT CASCADE CONSTRAINTS;

--
-- PROJECT  (Table) 
--
CREATE TABLE SQMS_PRIVATE_0927.PROJECT
(
  PROJECTID          VARCHAR2(40 BYTE)          NOT NULL,
  EMPID              VARCHAR2(40 BYTE),
  PROJECTCODE        VARCHAR2(40 BYTE),
  PROJECTNAME        VARCHAR2(600 BYTE),
  TOTALWORKTIME      NUMBER(12,4),
  TOTALSCALE         NUMBER(12,4),
  ASSISTAMOUNT       INTEGER,
  LEADERAMOUNT       INTEGER,
  VISELEADERAMOUNT   INTEGER,
  TOTALWORKERAMOUNT  INTEGER,
  MEMO               VARCHAR2(2000 BYTE),
  CREATED            DATE                       DEFAULT SYSDATE               NOT NULL,
  CREATEDBY          VARCHAR2(40 BYTE),
  MODIFIED           DATE                       DEFAULT SYSDATE               NOT NULL,
  MODIFIEDBY         VARCHAR2(40 BYTE),
  ORGANIZATIONID     VARCHAR2(40 BYTE),
  SUITEID            VARCHAR2(40 BYTE),
  ISVOID             VARCHAR2(1 BYTE)           DEFAULT 'N'                   NOT NULL
)
TABLESPACE SQMS
PCTUSED    0
PCTFREE    10
INITRANS   1
MAXTRANS   255
STORAGE    (
            INITIAL          64K
            MINEXTENTS       1
            MAXEXTENTS       UNLIMITED
            PCTINCREASE      0
            BUFFER_POOL      DEFAULT
           )
LOGGING 
NOCOMPRESS 
NOCACHE
NOPARALLEL
MONITORING;

COMMENT ON TABLE SQMS_PRIVATE_0927.PROJECT IS '项目';

COMMENT ON COLUMN SQMS_PRIVATE_0927.PROJECT.PROJECTID IS '项目ID';

COMMENT ON COLUMN SQMS_PRIVATE_0927.PROJECT.EMPID IS '负责人';

COMMENT ON COLUMN SQMS_PRIVATE_0927.PROJECT.PROJECTCODE IS '项目编码';

COMMENT ON COLUMN SQMS_PRIVATE_0927.PROJECT.PROJECTNAME IS '项目名称';

COMMENT ON COLUMN SQMS_PRIVATE_0927.PROJECT.TOTALWORKTIME IS '总作业时间';

COMMENT ON COLUMN SQMS_PRIVATE_0927.PROJECT.TOTALSCALE IS '总规模';

COMMENT ON COLUMN SQMS_PRIVATE_0927.PROJECT.ASSISTAMOUNT IS '助理人数';

COMMENT ON COLUMN SQMS_PRIVATE_0927.PROJECT.LEADERAMOUNT IS '组长人数';

COMMENT ON COLUMN SQMS_PRIVATE_0927.PROJECT.VISELEADERAMOUNT IS '副组长人数';

COMMENT ON COLUMN SQMS_PRIVATE_0927.PROJECT.TOTALWORKERAMOUNT IS '总工人数';

COMMENT ON COLUMN SQMS_PRIVATE_0927.PROJECT.MEMO IS '备注';

COMMENT ON COLUMN SQMS_PRIVATE_0927.PROJECT.CREATED IS '创建时间';

COMMENT ON COLUMN SQMS_PRIVATE_0927.PROJECT.CREATEDBY IS '创建人';

COMMENT ON COLUMN SQMS_PRIVATE_0927.PROJECT.MODIFIED IS '修改时间';

COMMENT ON COLUMN SQMS_PRIVATE_0927.PROJECT.MODIFIEDBY IS '修改人';

COMMENT ON COLUMN SQMS_PRIVATE_0927.PROJECT.ORGANIZATIONID IS 'ORGANIZATIONID';

COMMENT ON COLUMN SQMS_PRIVATE_0927.PROJECT.SUITEID IS 'SUITEID';

COMMENT ON COLUMN SQMS_PRIVATE_0927.PROJECT.ISVOID IS '禁用';


ALTER TABLE SQMS_PRIVATE_0927.RESPERMISSION
 DROP PRIMARY KEY CASCADE;

DROP TABLE SQMS_PRIVATE_0927.RESPERMISSION CASCADE CONSTRAINTS;

--
-- RESPERMISSION  (Table) 
--
CREATE TABLE SQMS_PRIVATE_0927.RESPERMISSION
(
  ORGANIZATIONID  VARCHAR2(40 BYTE),
  ROLEID          VARCHAR2(40 BYTE)             NOT NULL,
  RESID           VARCHAR2(40 BYTE)             NOT NULL,
  OPID            VARCHAR2(40 BYTE)             NOT NULL
)
TABLESPACE SQMS
PCTUSED    0
PCTFREE    10
INITRANS   1
MAXTRANS   255
STORAGE    (
            INITIAL          64K
            MINEXTENTS       1
            MAXEXTENTS       UNLIMITED
            PCTINCREASE      0
            BUFFER_POOL      DEFAULT
           )
LOGGING 
NOCOMPRESS 
NOCACHE
NOPARALLEL
MONITORING;

COMMENT ON TABLE SQMS_PRIVATE_0927.RESPERMISSION IS '资源权限';

COMMENT ON COLUMN SQMS_PRIVATE_0927.RESPERMISSION.ORGANIZATIONID IS 'ORGANIZATIONID';

COMMENT ON COLUMN SQMS_PRIVATE_0927.RESPERMISSION.ROLEID IS '角色ID';

COMMENT ON COLUMN SQMS_PRIVATE_0927.RESPERMISSION.RESID IS '资源ID';

COMMENT ON COLUMN SQMS_PRIVATE_0927.RESPERMISSION.OPID IS '操作ID';


ALTER TABLE SQMS_PRIVATE_0927.ROAD
 DROP PRIMARY KEY CASCADE;

DROP TABLE SQMS_PRIVATE_0927.ROAD CASCADE CONSTRAINTS;

--
-- ROAD  (Table) 
--
CREATE TABLE SQMS_PRIVATE_0927.ROAD
(
  ROADID           VARCHAR2(40 BYTE)            NOT NULL,
  PROJECTID        VARCHAR2(40 BYTE),
  ROADCODE         VARCHAR2(40 BYTE),
  ROADNAME         VARCHAR2(1000 BYTE),
  ROADTYPE         VARCHAR2(200 BYTE),
  BEGINTIME        DATE,
  ENDTIME          DATE,
  WORKTIME         NUMBER(12,4),
  WORKERAMOUNT     INTEGER,
  MEMO             VARCHAR2(2000 BYTE),
  AVGWORKERAMOUNT  NUMBER(12,4),
  CREATED          DATE                         DEFAULT SYSDATE               NOT NULL,
  CREATEDBY        VARCHAR2(40 BYTE),
  MODIFIED         DATE                         DEFAULT SYSDATE               NOT NULL,
  MODIFIEDBY       VARCHAR2(40 BYTE),
  ISVOID           VARCHAR2(1 BYTE)             DEFAULT 'N'                   NOT NULL,
  ORGANIZATIONID   VARCHAR2(40 BYTE),
  SUITEID          VARCHAR2(40 BYTE),
  SCALE            NUMBER
)
TABLESPACE SQMS
PCTUSED    0
PCTFREE    10
INITRANS   1
MAXTRANS   255
STORAGE    (
            INITIAL          64K
            MINEXTENTS       1
            MAXEXTENTS       UNLIMITED
            PCTINCREASE      0
            BUFFER_POOL      DEFAULT
           )
LOGGING 
NOCOMPRESS 
NOCACHE
NOPARALLEL
MONITORING;

COMMENT ON TABLE SQMS_PRIVATE_0927.ROAD IS '路段';

COMMENT ON COLUMN SQMS_PRIVATE_0927.ROAD.ROADID IS '路段ID';

COMMENT ON COLUMN SQMS_PRIVATE_0927.ROAD.PROJECTID IS '项目ID';

COMMENT ON COLUMN SQMS_PRIVATE_0927.ROAD.ROADCODE IS '路段编码';

COMMENT ON COLUMN SQMS_PRIVATE_0927.ROAD.ROADNAME IS '路段名称';

COMMENT ON COLUMN SQMS_PRIVATE_0927.ROAD.ROADTYPE IS '路段类型';

COMMENT ON COLUMN SQMS_PRIVATE_0927.ROAD.BEGINTIME IS '作业开始时间';

COMMENT ON COLUMN SQMS_PRIVATE_0927.ROAD.ENDTIME IS '作业结束时间';

COMMENT ON COLUMN SQMS_PRIVATE_0927.ROAD.WORKTIME IS '作业时间';

COMMENT ON COLUMN SQMS_PRIVATE_0927.ROAD.WORKERAMOUNT IS '工作人数';

COMMENT ON COLUMN SQMS_PRIVATE_0927.ROAD.MEMO IS '备注';

COMMENT ON COLUMN SQMS_PRIVATE_0927.ROAD.AVGWORKERAMOUNT IS '工人人均量';

COMMENT ON COLUMN SQMS_PRIVATE_0927.ROAD.CREATED IS '创建时间';

COMMENT ON COLUMN SQMS_PRIVATE_0927.ROAD.CREATEDBY IS '创建人';

COMMENT ON COLUMN SQMS_PRIVATE_0927.ROAD.MODIFIED IS '修改时间';

COMMENT ON COLUMN SQMS_PRIVATE_0927.ROAD.MODIFIEDBY IS '修改人';

COMMENT ON COLUMN SQMS_PRIVATE_0927.ROAD.ISVOID IS '禁用';

COMMENT ON COLUMN SQMS_PRIVATE_0927.ROAD.ORGANIZATIONID IS 'ORGANIZATIONID';

COMMENT ON COLUMN SQMS_PRIVATE_0927.ROAD.SUITEID IS 'SUITEID';

COMMENT ON COLUMN SQMS_PRIVATE_0927.ROAD.SCALE IS '规模';


ALTER TABLE SQMS_PRIVATE_0927.TIMEITEM
 DROP PRIMARY KEY CASCADE;

DROP TABLE SQMS_PRIVATE_0927.TIMEITEM CASCADE CONSTRAINTS;

--
-- TIMEITEM  (Table) 
--
CREATE TABLE SQMS_PRIVATE_0927.TIMEITEM
(
  TIMEITEMID      VARCHAR2(40 BYTE)             NOT NULL,
  SCHEMAID        VARCHAR2(40 BYTE),
  TIMEITEMTYPE    VARCHAR2(40 BYTE),
  TIMESPAN        NUMBER,
  CREATED         DATE                          DEFAULT SYSDATE               NOT NULL,
  CREATEDBY       VARCHAR2(40 BYTE),
  MODIFIED        DATE                          DEFAULT SYSDATE               NOT NULL,
  MODIFIEDBY      VARCHAR2(40 BYTE),
  ORGANIZATIONID  VARCHAR2(40 BYTE),
  TIMES           NUMBER,
  FLOATTIME       NUMBER,
  TIMESPOT        VARCHAR2(40 BYTE),
  ISVOID          CHAR(1 BYTE)                  DEFAULT 'N'                   NOT NULL
)
TABLESPACE SQMS
PCTUSED    0
PCTFREE    10
INITRANS   1
MAXTRANS   255
STORAGE    (
            INITIAL          64K
            MINEXTENTS       1
            MAXEXTENTS       UNLIMITED
            PCTINCREASE      0
            BUFFER_POOL      DEFAULT
           )
LOGGING 
NOCOMPRESS 
NOCACHE
NOPARALLEL
MONITORING;

COMMENT ON TABLE SQMS_PRIVATE_0927.TIMEITEM IS '时间项';

COMMENT ON COLUMN SQMS_PRIVATE_0927.TIMEITEM.TIMEITEMID IS '时间项ID';

COMMENT ON COLUMN SQMS_PRIVATE_0927.TIMEITEM.SCHEMAID IS '模版';

COMMENT ON COLUMN SQMS_PRIVATE_0927.TIMEITEM.TIMEITEMTYPE IS '时间项类型';

COMMENT ON COLUMN SQMS_PRIVATE_0927.TIMEITEM.TIMESPAN IS '时间间隔';

COMMENT ON COLUMN SQMS_PRIVATE_0927.TIMEITEM.CREATED IS '创建时间';

COMMENT ON COLUMN SQMS_PRIVATE_0927.TIMEITEM.CREATEDBY IS '创建人';

COMMENT ON COLUMN SQMS_PRIVATE_0927.TIMEITEM.MODIFIED IS '修改时间';

COMMENT ON COLUMN SQMS_PRIVATE_0927.TIMEITEM.MODIFIEDBY IS '修改人';

COMMENT ON COLUMN SQMS_PRIVATE_0927.TIMEITEM.ORGANIZATIONID IS 'ORGANIZATIONID';

COMMENT ON COLUMN SQMS_PRIVATE_0927.TIMEITEM.TIMES IS '每天的巡检次数';

COMMENT ON COLUMN SQMS_PRIVATE_0927.TIMEITEM.FLOATTIME IS '浮动时间';

COMMENT ON COLUMN SQMS_PRIVATE_0927.TIMEITEM.TIMESPOT IS '时间点';

COMMENT ON COLUMN SQMS_PRIVATE_0927.TIMEITEM.ISVOID IS '禁用';


ALTER TABLE SQMS_PRIVATE_0927.USERROLE
 DROP PRIMARY KEY CASCADE;

DROP TABLE SQMS_PRIVATE_0927.USERROLE CASCADE CONSTRAINTS;

--
-- USERROLE  (Table) 
--
CREATE TABLE SQMS_PRIVATE_0927.USERROLE
(
  ROLEID          VARCHAR2(40 BYTE)             NOT NULL,
  PASSPORTID      VARCHAR2(40 BYTE)             NOT NULL,
  ORGANIZATIONID  VARCHAR2(40 BYTE)             NOT NULL
)
TABLESPACE SQMS
PCTUSED    0
PCTFREE    10
INITRANS   1
MAXTRANS   255
STORAGE    (
            INITIAL          64K
            MINEXTENTS       1
            MAXEXTENTS       UNLIMITED
            PCTINCREASE      0
            BUFFER_POOL      DEFAULT
           )
LOGGING 
NOCOMPRESS 
NOCACHE
NOPARALLEL
MONITORING;

COMMENT ON TABLE SQMS_PRIVATE_0927.USERROLE IS '用户角色';

COMMENT ON COLUMN SQMS_PRIVATE_0927.USERROLE.ROLEID IS '角色ID';

COMMENT ON COLUMN SQMS_PRIVATE_0927.USERROLE.PASSPORTID IS '账号ID';

COMMENT ON COLUMN SQMS_PRIVATE_0927.USERROLE.ORGANIZATIONID IS 'ORGANIZATIONID';


ALTER TABLE SQMS_PRIVATE_0927.VEHICLETASK
 DROP PRIMARY KEY CASCADE;

DROP TABLE SQMS_PRIVATE_0927.VEHICLETASK CASCADE CONSTRAINTS;

--
-- VEHICLETASK  (Table) 
--
CREATE TABLE SQMS_PRIVATE_0927.VEHICLETASK
(
  TASKID           VARCHAR2(40 BYTE)            NOT NULL,
  TASKNAME         VARCHAR2(60 BYTE),
  PUBLICTIME       DATE                         DEFAULT SYSDATE               NOT NULL,
  STARTTIME        DATE                         DEFAULT SYSDATE               NOT NULL,
  ENDTIME          DATE                         DEFAULT SYSDATE               NOT NULL,
  MODEL            VARCHAR2(200 BYTE),
  TASKTYPE         VARCHAR2(40 BYTE),
  CHARGEMAN        VARCHAR2(40 BYTE),
  LICENSEPLATENUM  VARCHAR2(400 BYTE),
  ISGASSUPPLIED    CHAR(1 BYTE)                 DEFAULT 'N'                   NOT NULL,
  ISWATERSUPPLIED  CHAR(1 BYTE)                 DEFAULT 'N'                   NOT NULL,
  ISREPAIRED       CHAR(1 BYTE)                 DEFAULT 'N'                   NOT NULL,
  CREATED          DATE                         DEFAULT SYSDATE               NOT NULL,
  CREATEDBY        VARCHAR2(40 BYTE),
  MODIFIED         DATE                         DEFAULT SYSDATE               NOT NULL,
  MODIFIEDBY       VARCHAR2(40 BYTE),
  ISVOID           CHAR(1 BYTE)                 DEFAULT 'N'                   NOT NULL,
  TASKCODE         VARCHAR2(60 BYTE),
  MEMO             VARCHAR2(2000 BYTE),
  TRACE            VARCHAR2(4000 BYTE)
)
TABLESPACE SQMS
PCTUSED    0
PCTFREE    10
INITRANS   1
MAXTRANS   255
STORAGE    (
            INITIAL          64K
            MINEXTENTS       1
            MAXEXTENTS       UNLIMITED
            PCTINCREASE      0
            BUFFER_POOL      DEFAULT
           )
LOGGING 
NOCOMPRESS 
NOCACHE
NOPARALLEL
MONITORING;

COMMENT ON TABLE SQMS_PRIVATE_0927.VEHICLETASK IS '行车任务';

COMMENT ON COLUMN SQMS_PRIVATE_0927.VEHICLETASK.TASKID IS '任务ID';

COMMENT ON COLUMN SQMS_PRIVATE_0927.VEHICLETASK.TASKNAME IS '任务名称';

COMMENT ON COLUMN SQMS_PRIVATE_0927.VEHICLETASK.PUBLICTIME IS '下达时间';

COMMENT ON COLUMN SQMS_PRIVATE_0927.VEHICLETASK.STARTTIME IS '开始时间';

COMMENT ON COLUMN SQMS_PRIVATE_0927.VEHICLETASK.ENDTIME IS '结束时间';

COMMENT ON COLUMN SQMS_PRIVATE_0927.VEHICLETASK.MODEL IS '车辆型号';

COMMENT ON COLUMN SQMS_PRIVATE_0927.VEHICLETASK.TASKTYPE IS '任务类型';

COMMENT ON COLUMN SQMS_PRIVATE_0927.VEHICLETASK.CHARGEMAN IS '负责人';

COMMENT ON COLUMN SQMS_PRIVATE_0927.VEHICLETASK.LICENSEPLATENUM IS '车牌号';

COMMENT ON COLUMN SQMS_PRIVATE_0927.VEHICLETASK.ISGASSUPPLIED IS '是否加油';

COMMENT ON COLUMN SQMS_PRIVATE_0927.VEHICLETASK.ISWATERSUPPLIED IS '是否加水';

COMMENT ON COLUMN SQMS_PRIVATE_0927.VEHICLETASK.ISREPAIRED IS '是否维修';

COMMENT ON COLUMN SQMS_PRIVATE_0927.VEHICLETASK.CREATED IS '创建时间';

COMMENT ON COLUMN SQMS_PRIVATE_0927.VEHICLETASK.CREATEDBY IS '创建人';

COMMENT ON COLUMN SQMS_PRIVATE_0927.VEHICLETASK.MODIFIED IS '修改时间';

COMMENT ON COLUMN SQMS_PRIVATE_0927.VEHICLETASK.MODIFIEDBY IS '修改人';

COMMENT ON COLUMN SQMS_PRIVATE_0927.VEHICLETASK.ISVOID IS '禁用';


ALTER TABLE SQMS_PRIVATE_0927.VEHICLETASKDATA
 DROP PRIMARY KEY CASCADE;

DROP TABLE SQMS_PRIVATE_0927.VEHICLETASKDATA CASCADE CONSTRAINTS;

--
-- VEHICLETASKDATA  (Table) 
--
CREATE TABLE SQMS_PRIVATE_0927.VEHICLETASKDATA
(
  VTDID       VARCHAR2(40 BYTE)                 NOT NULL,
  TASKID      VARCHAR2(40 BYTE),
  VIDEOURL    VARCHAR2(1000 BYTE),
  LATITUDE    NUMBER(17,14),
  LONGITUDE   NUMBER(17,14),
  IMAGEURL    VARCHAR2(1000 BYTE),
  TICKETID    VARCHAR2(40 BYTE),
  TICKETTYPE  VARCHAR2(40 BYTE),
  CREATED     DATE                              DEFAULT SYSDATE               NOT NULL,
  CREATEDBY   VARCHAR2(40 BYTE),
  MODIFIED    DATE                              DEFAULT SYSDATE               NOT NULL,
  MODIFIEDBY  VARCHAR2(40 BYTE),
  ISVOID      CHAR(1 BYTE)                      DEFAULT 'N'                   NOT NULL
)
TABLESPACE SQMS
PCTUSED    0
PCTFREE    10
INITRANS   1
MAXTRANS   255
STORAGE    (
            INITIAL          64K
            MINEXTENTS       1
            MAXEXTENTS       UNLIMITED
            PCTINCREASE      0
            BUFFER_POOL      DEFAULT
           )
LOGGING 
NOCOMPRESS 
NOCACHE
NOPARALLEL
MONITORING;

COMMENT ON TABLE SQMS_PRIVATE_0927.VEHICLETASKDATA IS '行车数据';

COMMENT ON COLUMN SQMS_PRIVATE_0927.VEHICLETASKDATA.VTDID IS '行车数据ID';

COMMENT ON COLUMN SQMS_PRIVATE_0927.VEHICLETASKDATA.TASKID IS '任务ID';

COMMENT ON COLUMN SQMS_PRIVATE_0927.VEHICLETASKDATA.VIDEOURL IS 'VIDEOURL';

COMMENT ON COLUMN SQMS_PRIVATE_0927.VEHICLETASKDATA.LATITUDE IS '纬度';

COMMENT ON COLUMN SQMS_PRIVATE_0927.VEHICLETASKDATA.LONGITUDE IS '经度';

COMMENT ON COLUMN SQMS_PRIVATE_0927.VEHICLETASKDATA.IMAGEURL IS '图片位置';

COMMENT ON COLUMN SQMS_PRIVATE_0927.VEHICLETASKDATA.TICKETID IS '票据编号';

COMMENT ON COLUMN SQMS_PRIVATE_0927.VEHICLETASKDATA.TICKETTYPE IS '票据类型';

COMMENT ON COLUMN SQMS_PRIVATE_0927.VEHICLETASKDATA.CREATED IS '创建时间';

COMMENT ON COLUMN SQMS_PRIVATE_0927.VEHICLETASKDATA.CREATEDBY IS '创建人';

COMMENT ON COLUMN SQMS_PRIVATE_0927.VEHICLETASKDATA.MODIFIED IS '修改时间';

COMMENT ON COLUMN SQMS_PRIVATE_0927.VEHICLETASKDATA.MODIFIEDBY IS '修改人';

COMMENT ON COLUMN SQMS_PRIVATE_0927.VEHICLETASKDATA.ISVOID IS '禁用';


--
-- IDX_EMPLOYEE_EQUID_FK  (Index) 
--
CREATE INDEX SQMS_PRIVATE_0927.IDX_EMPLOYEE_EQUID_FK ON SQMS_PRIVATE_0927.EMPLOYEE
(EQUID)
LOGGING
TABLESPACE SQMS
PCTFREE    10
INITRANS   2
MAXTRANS   255
STORAGE    (
            INITIAL          64K
            MINEXTENTS       1
            MAXEXTENTS       UNLIMITED
            PCTINCREASE      0
            BUFFER_POOL      DEFAULT
           )
NOPARALLEL;


--
-- IDX_EMPLOYEE_ORGANIZATIONID  (Index) 
--
CREATE INDEX SQMS_PRIVATE_0927.IDX_EMPLOYEE_ORGANIZATIONID ON SQMS_PRIVATE_0927.EMPLOYEE
(ORGANIZATIONID)
LOGGING
TABLESPACE SQMS
PCTFREE    10
INITRANS   2
MAXTRANS   255
STORAGE    (
            INITIAL          64K
            MINEXTENTS       1
            MAXEXTENTS       UNLIMITED
            PCTINCREASE      0
            BUFFER_POOL      DEFAULT
           )
NOPARALLEL;


--
-- IDX_EMPLOYEE_SEX_FK  (Index) 
--
CREATE INDEX SQMS_PRIVATE_0927.IDX_EMPLOYEE_SEX_FK ON SQMS_PRIVATE_0927.EMPLOYEE
(SEX)
LOGGING
TABLESPACE SQMS
PCTFREE    10
INITRANS   2
MAXTRANS   255
STORAGE    (
            INITIAL          64K
            MINEXTENTS       1
            MAXEXTENTS       UNLIMITED
            PCTINCREASE      0
            BUFFER_POOL      DEFAULT
           )
NOPARALLEL;


--
-- IDX_PASSPORT_EMPID_FK  (Index) 
--
CREATE INDEX SQMS_PRIVATE_0927.IDX_PASSPORT_EMPID_FK ON SQMS_PRIVATE_0927.PASSPORT
(EMPID)
LOGGING
TABLESPACE SQMS
PCTFREE    10
INITRANS   2
MAXTRANS   255
STORAGE    (
            INITIAL          64K
            MINEXTENTS       1
            MAXEXTENTS       UNLIMITED
            PCTINCREASE      0
            BUFFER_POOL      DEFAULT
           )
NOPARALLEL;


--
-- IDX_PROJECT_EMPID_FK  (Index) 
--
CREATE INDEX SQMS_PRIVATE_0927.IDX_PROJECT_EMPID_FK ON SQMS_PRIVATE_0927.PROJECT
(EMPID)
LOGGING
TABLESPACE SQMS
PCTFREE    10
INITRANS   2
MAXTRANS   255
STORAGE    (
            INITIAL          64K
            MINEXTENTS       1
            MAXEXTENTS       UNLIMITED
            PCTINCREASE      0
            BUFFER_POOL      DEFAULT
           )
NOPARALLEL;


--
-- IDX_PROJECT_ORGANIZATIONID  (Index) 
--
CREATE INDEX SQMS_PRIVATE_0927.IDX_PROJECT_ORGANIZATIONID ON SQMS_PRIVATE_0927.PROJECT
(ORGANIZATIONID)
LOGGING
TABLESPACE SQMS
PCTFREE    10
INITRANS   2
MAXTRANS   255
STORAGE    (
            INITIAL          64K
            MINEXTENTS       1
            MAXEXTENTS       UNLIMITED
            PCTINCREASE      0
            BUFFER_POOL      DEFAULT
           )
NOPARALLEL;


--
-- IDX_RESPERMISSION_OPID_FK  (Index) 
--
CREATE INDEX SQMS_PRIVATE_0927.IDX_RESPERMISSION_OPID_FK ON SQMS_PRIVATE_0927.RESPERMISSION
(OPID)
LOGGING
TABLESPACE SQMS
PCTFREE    10
INITRANS   2
MAXTRANS   255
STORAGE    (
            INITIAL          64K
            MINEXTENTS       1
            MAXEXTENTS       UNLIMITED
            PCTINCREASE      0
            BUFFER_POOL      DEFAULT
           )
NOPARALLEL;


--
-- IDX_RESPERMISSION_RESID_FK  (Index) 
--
CREATE INDEX SQMS_PRIVATE_0927.IDX_RESPERMISSION_RESID_FK ON SQMS_PRIVATE_0927.RESPERMISSION
(RESID)
LOGGING
TABLESPACE SQMS
PCTFREE    10
INITRANS   2
MAXTRANS   255
STORAGE    (
            INITIAL          64K
            MINEXTENTS       1
            MAXEXTENTS       UNLIMITED
            PCTINCREASE      0
            BUFFER_POOL      DEFAULT
           )
NOPARALLEL;


--
-- IDX_RESPERMISSION_ROLEID_FK  (Index) 
--
CREATE INDEX SQMS_PRIVATE_0927.IDX_RESPERMISSION_ROLEID_FK ON SQMS_PRIVATE_0927.RESPERMISSION
(ROLEID)
LOGGING
TABLESPACE SQMS
PCTFREE    10
INITRANS   2
MAXTRANS   255
STORAGE    (
            INITIAL          64K
            MINEXTENTS       1
            MAXEXTENTS       UNLIMITED
            PCTINCREASE      0
            BUFFER_POOL      DEFAULT
           )
NOPARALLEL;


--
-- IDX_RESPERM_ORGANIZATIONID  (Index) 
--
CREATE INDEX SQMS_PRIVATE_0927.IDX_RESPERM_ORGANIZATIONID ON SQMS_PRIVATE_0927.RESPERMISSION
(ORGANIZATIONID)
LOGGING
TABLESPACE SQMS
PCTFREE    10
INITRANS   2
MAXTRANS   255
STORAGE    (
            INITIAL          64K
            MINEXTENTS       1
            MAXEXTENTS       UNLIMITED
            PCTINCREASE      0
            BUFFER_POOL      DEFAULT
           )
NOPARALLEL;


--
-- IDX_ROAD_ORGAINZATIONID  (Index) 
--
CREATE INDEX SQMS_PRIVATE_0927.IDX_ROAD_ORGAINZATIONID ON SQMS_PRIVATE_0927.ROAD
(ORGANIZATIONID)
LOGGING
TABLESPACE SQMS
PCTFREE    10
INITRANS   2
MAXTRANS   255
STORAGE    (
            INITIAL          64K
            MINEXTENTS       1
            MAXEXTENTS       UNLIMITED
            PCTINCREASE      0
            BUFFER_POOL      DEFAULT
           )
NOPARALLEL;


--
-- IDX_ROAD_PROJECTID_FK  (Index) 
--
CREATE INDEX SQMS_PRIVATE_0927.IDX_ROAD_PROJECTID_FK ON SQMS_PRIVATE_0927.ROAD
(PROJECTID)
LOGGING
TABLESPACE SQMS
PCTFREE    10
INITRANS   2
MAXTRANS   255
STORAGE    (
            INITIAL          64K
            MINEXTENTS       1
            MAXEXTENTS       UNLIMITED
            PCTINCREASE      0
            BUFFER_POOL      DEFAULT
           )
NOPARALLEL;


--
-- IDX_TIMEITEM_ORGANIZATIONID  (Index) 
--
CREATE INDEX SQMS_PRIVATE_0927.IDX_TIMEITEM_ORGANIZATIONID ON SQMS_PRIVATE_0927.TIMEITEM
(ORGANIZATIONID)
LOGGING
TABLESPACE SQMS
PCTFREE    10
INITRANS   2
MAXTRANS   255
STORAGE    (
            INITIAL          64K
            MINEXTENTS       1
            MAXEXTENTS       UNLIMITED
            PCTINCREASE      0
            BUFFER_POOL      DEFAULT
           )
NOPARALLEL;


--
-- IDX_USERROLE_ORGANIZATIONID  (Index) 
--
CREATE INDEX SQMS_PRIVATE_0927.IDX_USERROLE_ORGANIZATIONID ON SQMS_PRIVATE_0927.USERROLE
(ORGANIZATIONID)
LOGGING
TABLESPACE SQMS
PCTFREE    10
INITRANS   2
MAXTRANS   255
STORAGE    (
            INITIAL          64K
            MINEXTENTS       1
            MAXEXTENTS       UNLIMITED
            PCTINCREASE      0
            BUFFER_POOL      DEFAULT
           )
NOPARALLEL;


--
-- IDX_USERROLE_PASSPORTID_FK  (Index) 
--
CREATE INDEX SQMS_PRIVATE_0927.IDX_USERROLE_PASSPORTID_FK ON SQMS_PRIVATE_0927.USERROLE
(PASSPORTID)
LOGGING
TABLESPACE SQMS
PCTFREE    10
INITRANS   2
MAXTRANS   255
STORAGE    (
            INITIAL          64K
            MINEXTENTS       1
            MAXEXTENTS       UNLIMITED
            PCTINCREASE      0
            BUFFER_POOL      DEFAULT
           )
NOPARALLEL;


--
-- IDX_USERROLE_ROLEID_FK  (Index) 
--
CREATE INDEX SQMS_PRIVATE_0927.IDX_USERROLE_ROLEID_FK ON SQMS_PRIVATE_0927.USERROLE
(ROLEID)
LOGGING
TABLESPACE SQMS
PCTFREE    10
INITRANS   2
MAXTRANS   255
STORAGE    (
            INITIAL          64K
            MINEXTENTS       1
            MAXEXTENTS       UNLIMITED
            PCTINCREASE      0
            BUFFER_POOL      DEFAULT
           )
NOPARALLEL;


--
-- PASSPORT_ORGANIZATIONID  (Index) 
--
CREATE INDEX SQMS_PRIVATE_0927.PASSPORT_ORGANIZATIONID ON SQMS_PRIVATE_0927.PASSPORT
(ORGANIZATIONID)
LOGGING
TABLESPACE SQMS
PCTFREE    10
INITRANS   2
MAXTRANS   255
STORAGE    (
            INITIAL          64K
            MINEXTENTS       1
            MAXEXTENTS       UNLIMITED
            PCTINCREASE      0
            BUFFER_POOL      DEFAULT
           )
NOPARALLEL;


--
-- PK_EMPLOYEE  (Index) 
--
CREATE UNIQUE INDEX SQMS_PRIVATE_0927.PK_EMPLOYEE ON SQMS_PRIVATE_0927.EMPLOYEE
(EMPID)
LOGGING
TABLESPACE SQMS
PCTFREE    10
INITRANS   2
MAXTRANS   255
STORAGE    (
            INITIAL          64K
            MINEXTENTS       1
            MAXEXTENTS       UNLIMITED
            PCTINCREASE      0
            BUFFER_POOL      DEFAULT
           )
NOPARALLEL;


--
-- PK_PASSPORT  (Index) 
--
CREATE UNIQUE INDEX SQMS_PRIVATE_0927.PK_PASSPORT ON SQMS_PRIVATE_0927.PASSPORT
(PASSPORTID)
LOGGING
TABLESPACE SQMS
PCTFREE    10
INITRANS   2
MAXTRANS   255
STORAGE    (
            INITIAL          64K
            MINEXTENTS       1
            MAXEXTENTS       UNLIMITED
            PCTINCREASE      0
            BUFFER_POOL      DEFAULT
           )
NOPARALLEL;


--
-- PK_PROJECT  (Index) 
--
CREATE UNIQUE INDEX SQMS_PRIVATE_0927.PK_PROJECT ON SQMS_PRIVATE_0927.PROJECT
(PROJECTID)
LOGGING
TABLESPACE SQMS
PCTFREE    10
INITRANS   2
MAXTRANS   255
STORAGE    (
            INITIAL          64K
            MINEXTENTS       1
            MAXEXTENTS       UNLIMITED
            PCTINCREASE      0
            BUFFER_POOL      DEFAULT
           )
NOPARALLEL;


--
-- PK_RESPERMISSION  (Index) 
--
CREATE UNIQUE INDEX SQMS_PRIVATE_0927.PK_RESPERMISSION ON SQMS_PRIVATE_0927.RESPERMISSION
(ROLEID, RESID, OPID)
LOGGING
TABLESPACE SQMS
PCTFREE    10
INITRANS   2
MAXTRANS   255
STORAGE    (
            INITIAL          64K
            MINEXTENTS       1
            MAXEXTENTS       UNLIMITED
            PCTINCREASE      0
            BUFFER_POOL      DEFAULT
           )
NOPARALLEL;


--
-- PK_ROAD  (Index) 
--
CREATE UNIQUE INDEX SQMS_PRIVATE_0927.PK_ROAD ON SQMS_PRIVATE_0927.ROAD
(ROADID)
LOGGING
TABLESPACE SQMS
PCTFREE    10
INITRANS   2
MAXTRANS   255
STORAGE    (
            INITIAL          64K
            MINEXTENTS       1
            MAXEXTENTS       UNLIMITED
            PCTINCREASE      0
            BUFFER_POOL      DEFAULT
           )
NOPARALLEL;


--
-- PK_TIMEITEM  (Index) 
--
CREATE UNIQUE INDEX SQMS_PRIVATE_0927.PK_TIMEITEM ON SQMS_PRIVATE_0927.TIMEITEM
(TIMEITEMID)
LOGGING
TABLESPACE SQMS
PCTFREE    10
INITRANS   2
MAXTRANS   255
STORAGE    (
            INITIAL          64K
            MINEXTENTS       1
            MAXEXTENTS       UNLIMITED
            PCTINCREASE      0
            BUFFER_POOL      DEFAULT
           )
NOPARALLEL;


--
-- PK_USERROLE  (Index) 
--
CREATE UNIQUE INDEX SQMS_PRIVATE_0927.PK_USERROLE ON SQMS_PRIVATE_0927.USERROLE
(ROLEID, PASSPORTID)
LOGGING
TABLESPACE SQMS
PCTFREE    10
INITRANS   2
MAXTRANS   255
STORAGE    (
            INITIAL          64K
            MINEXTENTS       1
            MAXEXTENTS       UNLIMITED
            PCTINCREASE      0
            BUFFER_POOL      DEFAULT
           )
NOPARALLEL;


--
-- PK_VEHICLETASK  (Index) 
--
CREATE UNIQUE INDEX SQMS_PRIVATE_0927.PK_VEHICLETASK ON SQMS_PRIVATE_0927.VEHICLETASK
(TASKID)
LOGGING
TABLESPACE SQMS
PCTFREE    10
INITRANS   2
MAXTRANS   255
STORAGE    (
            INITIAL          64K
            MINEXTENTS       1
            MAXEXTENTS       UNLIMITED
            PCTINCREASE      0
            BUFFER_POOL      DEFAULT
           )
NOPARALLEL;


--
-- PK_VEHICLETASKDATA  (Index) 
--
CREATE UNIQUE INDEX SQMS_PRIVATE_0927.PK_VEHICLETASKDATA ON SQMS_PRIVATE_0927.VEHICLETASKDATA
(VTDID)
LOGGING
TABLESPACE SQMS
PCTFREE    10
INITRANS   2
MAXTRANS   255
STORAGE    (
            INITIAL          64K
            MINEXTENTS       1
            MAXEXTENTS       UNLIMITED
            PCTINCREASE      0
            BUFFER_POOL      DEFAULT
           )
NOPARALLEL;


ALTER TABLE SQMS_PRIVATE_0927.EMERGENCYEVENT
 DROP PRIMARY KEY CASCADE;

DROP TABLE SQMS_PRIVATE_0927.EMERGENCYEVENT CASCADE CONSTRAINTS;

--
-- EMERGENCYEVENT  (Table) 
--
CREATE TABLE SQMS_PRIVATE_0927.EMERGENCYEVENT
(
  EVENTID                VARCHAR2(40 BYTE)      NOT NULL,
  EVENTCODE              VARCHAR2(60 BYTE),
  SCHEMAID               VARCHAR2(40 BYTE),
  EVENTNAME              VARCHAR2(60 BYTE),
  ISVOID                 CHAR(1 BYTE),
  CREATED                DATE,
  CREATEDBY              VARCHAR2(40 BYTE),
  MODIFIED               DATE,
  MODIFIEDBY             VARCHAR2(40 BYTE),
  ORGANIZATIONID         VARCHAR2(40 BYTE),
  CHECKTIME              DATE,
  CHECKUNIT              VARCHAR2(1000 BYTE),
  PRIVILIGE              VARCHAR2(40 BYTE),
  EMERGENCYCHARGEPERSON  VARCHAR2(40 BYTE),
  MEMO                   VARCHAR2(1000 BYTE)
)
TABLESPACE SQMS
PCTUSED    0
PCTFREE    10
INITRANS   1
MAXTRANS   255
STORAGE    (
            INITIAL          64K
            MINEXTENTS       1
            MAXEXTENTS       UNLIMITED
            PCTINCREASE      0
            BUFFER_POOL      DEFAULT
           )
LOGGING 
NOCOMPRESS 
NOCACHE
NOPARALLEL
MONITORING;

COMMENT ON TABLE SQMS_PRIVATE_0927.EMERGENCYEVENT IS '应急事件处理';

COMMENT ON COLUMN SQMS_PRIVATE_0927.EMERGENCYEVENT.EVENTID IS '事件ID';

COMMENT ON COLUMN SQMS_PRIVATE_0927.EMERGENCYEVENT.EVENTCODE IS '事件编码';

COMMENT ON COLUMN SQMS_PRIVATE_0927.EMERGENCYEVENT.SCHEMAID IS '模版ID';

COMMENT ON COLUMN SQMS_PRIVATE_0927.EMERGENCYEVENT.EVENTNAME IS '事件名称';

COMMENT ON COLUMN SQMS_PRIVATE_0927.EMERGENCYEVENT.ISVOID IS '禁用';

COMMENT ON COLUMN SQMS_PRIVATE_0927.EMERGENCYEVENT.CREATED IS '创建时间';

COMMENT ON COLUMN SQMS_PRIVATE_0927.EMERGENCYEVENT.CREATEDBY IS '创建人';

COMMENT ON COLUMN SQMS_PRIVATE_0927.EMERGENCYEVENT.MODIFIED IS '修改时间';

COMMENT ON COLUMN SQMS_PRIVATE_0927.EMERGENCYEVENT.MODIFIEDBY IS '修改人';

COMMENT ON COLUMN SQMS_PRIVATE_0927.EMERGENCYEVENT.ORGANIZATIONID IS 'ORGANIZATIONID';

COMMENT ON COLUMN SQMS_PRIVATE_0927.EMERGENCYEVENT.CHECKTIME IS '检查时间';

COMMENT ON COLUMN SQMS_PRIVATE_0927.EMERGENCYEVENT.CHECKUNIT IS '应急检查单位';

COMMENT ON COLUMN SQMS_PRIVATE_0927.EMERGENCYEVENT.PRIVILIGE IS '优先级';

COMMENT ON COLUMN SQMS_PRIVATE_0927.EMERGENCYEVENT.EMERGENCYCHARGEPERSON IS '应急时间负责人';

COMMENT ON COLUMN SQMS_PRIVATE_0927.EMERGENCYEVENT.MEMO IS '备注';


ALTER TABLE SQMS_PRIVATE_0927.MPASSIGNMENT
 DROP PRIMARY KEY CASCADE;

DROP TABLE SQMS_PRIVATE_0927.MPASSIGNMENT CASCADE CONSTRAINTS;

--
-- MPASSIGNMENT  (Table) 
--
CREATE TABLE SQMS_PRIVATE_0927.MPASSIGNMENT
(
  MPID            VARCHAR2(40 BYTE)             NOT NULL,
  ROADID          VARCHAR2(40 BYTE),
  SCHEMAID        VARCHAR2(40 BYTE),
  MPCODE          VARCHAR2(40 BYTE),
  MPNAME          VARCHAR2(200 BYTE),
  LONGITUDE       NUMBER(17,14),
  LATITUDE        NUMBER(17,14),
  MEMO            VARCHAR2(2000 BYTE),
  CREATED         DATE                          DEFAULT SYSDATE               NOT NULL,
  CREATEDBY       VARCHAR2(40 BYTE),
  MODIFIED        DATE                          DEFAULT SYSDATE               NOT NULL,
  MODIFIEDBY      VARCHAR2(40 BYTE),
  ORGANIZATIONID  VARCHAR2(40 BYTE),
  SUITEID         VARCHAR2(40 BYTE),
  ISVOID          VARCHAR2(1 BYTE)              DEFAULT 'N'                   NOT NULL,
  MPLEVEL         NUMBER,
  FLOATDIST       NUMBER,
  IMPORTANCE      VARCHAR2(40 BYTE)             DEFAULT '0'                   NOT NULL,
  EVENTID         VARCHAR2(40 BYTE),
  LATESTQCLEVEL   NUMBER                        DEFAULT -1                    NOT NULL,
  ISSTART         CHAR(1 BYTE)                  DEFAULT 'N'                   NOT NULL,
  ISEND           CHAR(1 BYTE)                  DEFAULT 'N'                   NOT NULL,
  ORDERINROAD     NUMBER                        DEFAULT 0                     NOT NULL,
  MPTYPE          VARCHAR2(40 BYTE)
)
TABLESPACE SQMS
PCTUSED    0
PCTFREE    10
INITRANS   1
MAXTRANS   255
STORAGE    (
            INITIAL          64K
            MINEXTENTS       1
            MAXEXTENTS       UNLIMITED
            PCTINCREASE      0
            BUFFER_POOL      DEFAULT
           )
LOGGING 
NOCOMPRESS 
NOCACHE
NOPARALLEL
MONITORING;

COMMENT ON TABLE SQMS_PRIVATE_0927.MPASSIGNMENT IS '监控点';

COMMENT ON COLUMN SQMS_PRIVATE_0927.MPASSIGNMENT.MPID IS '监控点ID';

COMMENT ON COLUMN SQMS_PRIVATE_0927.MPASSIGNMENT.ROADID IS '路段ID';

COMMENT ON COLUMN SQMS_PRIVATE_0927.MPASSIGNMENT.SCHEMAID IS '时间模版';

COMMENT ON COLUMN SQMS_PRIVATE_0927.MPASSIGNMENT.MPCODE IS '监控点编码';

COMMENT ON COLUMN SQMS_PRIVATE_0927.MPASSIGNMENT.MPNAME IS '监控点名称';

COMMENT ON COLUMN SQMS_PRIVATE_0927.MPASSIGNMENT.LONGITUDE IS '经度';

COMMENT ON COLUMN SQMS_PRIVATE_0927.MPASSIGNMENT.LATITUDE IS '纬度';

COMMENT ON COLUMN SQMS_PRIVATE_0927.MPASSIGNMENT.MEMO IS '备注';

COMMENT ON COLUMN SQMS_PRIVATE_0927.MPASSIGNMENT.CREATED IS '创建时间';

COMMENT ON COLUMN SQMS_PRIVATE_0927.MPASSIGNMENT.CREATEDBY IS '创建人';

COMMENT ON COLUMN SQMS_PRIVATE_0927.MPASSIGNMENT.MODIFIED IS '修改时间';

COMMENT ON COLUMN SQMS_PRIVATE_0927.MPASSIGNMENT.MODIFIEDBY IS '修改人';

COMMENT ON COLUMN SQMS_PRIVATE_0927.MPASSIGNMENT.ORGANIZATIONID IS 'ORGANIZATIONID';

COMMENT ON COLUMN SQMS_PRIVATE_0927.MPASSIGNMENT.SUITEID IS 'SUITEID';

COMMENT ON COLUMN SQMS_PRIVATE_0927.MPASSIGNMENT.ISVOID IS '禁用';

COMMENT ON COLUMN SQMS_PRIVATE_0927.MPASSIGNMENT.MPLEVEL IS '地图缩放级别';

COMMENT ON COLUMN SQMS_PRIVATE_0927.MPASSIGNMENT.FLOATDIST IS '浮动距离';

COMMENT ON COLUMN SQMS_PRIVATE_0927.MPASSIGNMENT.IMPORTANCE IS '监控点重要性';

COMMENT ON COLUMN SQMS_PRIVATE_0927.MPASSIGNMENT.EVENTID IS '事件ID';

COMMENT ON COLUMN SQMS_PRIVATE_0927.MPASSIGNMENT.LATESTQCLEVEL IS '最新质量评分';

COMMENT ON COLUMN SQMS_PRIVATE_0927.MPASSIGNMENT.ISSTART IS '是否起点';

COMMENT ON COLUMN SQMS_PRIVATE_0927.MPASSIGNMENT.ISEND IS '是否终点';

COMMENT ON COLUMN SQMS_PRIVATE_0927.MPASSIGNMENT.ORDERINROAD IS '序号';

COMMENT ON COLUMN SQMS_PRIVATE_0927.MPASSIGNMENT.MPTYPE IS '监控点类型';


ALTER TABLE SQMS_PRIVATE_0927.QUALITY
 DROP PRIMARY KEY CASCADE;

DROP TABLE SQMS_PRIVATE_0927.QUALITY CASCADE CONSTRAINTS;

--
-- QUALITY  (Table) 
--
CREATE TABLE SQMS_PRIVATE_0927.QUALITY
(
  QMID             VARCHAR2(40 BYTE)            NOT NULL,
  CHARGEPERSON     VARCHAR2(40 BYTE),
  WORKUNIT         VARCHAR2(40 BYTE),
  STATUS           VARCHAR2(40 BYTE)            DEFAULT '_qc_state_valid'     NOT NULL,
  MPID             VARCHAR2(40 BYTE),
  EMERGENCYPERSON  VARCHAR2(40 BYTE),
  QMCODE           VARCHAR2(40 BYTE),
  CHECKPERSON      VARCHAR2(40 BYTE),
  ROADID           VARCHAR2(40 BYTE),
  MATERIAL         VARCHAR2(2000 BYTE)          NOT NULL,
  LONGITUDE        NUMBER(17,14),
  LATITUDE         NUMBER(17,14),
  TYPE             VARCHAR2(40 BYTE)            DEFAULT '_qc_type_normal'     NOT NULL,
  MEMO             VARCHAR2(2000 BYTE),
  CREATED          DATE                         DEFAULT SYSDATE               NOT NULL,
  CREATEDBY        VARCHAR2(40 BYTE),
  MODIFIED         DATE                         DEFAULT SYSDATE               NOT NULL,
  MODIFIEDBY       VARCHAR2(40 BYTE),
  ORGANIZATIONID   VARCHAR2(40 BYTE),
  SUITEID          VARCHAR2(40 BYTE),
  ISVOID           VARCHAR2(1 BYTE)             DEFAULT 'N'                   NOT NULL,
  QUALITYLEVEL     NUMBER,
  IMAGEURL         VARCHAR2(1000 BYTE),
  VIDEOURL         VARCHAR2(1000 BYTE)
)
TABLESPACE SQMS
PCTUSED    0
PCTFREE    10
INITRANS   1
MAXTRANS   255
STORAGE    (
            INITIAL          64K
            MINEXTENTS       1
            MAXEXTENTS       UNLIMITED
            PCTINCREASE      0
            BUFFER_POOL      DEFAULT
           )
LOGGING 
NOCOMPRESS 
NOCACHE
NOPARALLEL
MONITORING;

COMMENT ON TABLE SQMS_PRIVATE_0927.QUALITY IS '质量控制';

COMMENT ON COLUMN SQMS_PRIVATE_0927.QUALITY.MODIFIEDBY IS '修改人';

COMMENT ON COLUMN SQMS_PRIVATE_0927.QUALITY.ORGANIZATIONID IS 'ORGANIZATIONID';

COMMENT ON COLUMN SQMS_PRIVATE_0927.QUALITY.SUITEID IS 'SUITEID';

COMMENT ON COLUMN SQMS_PRIVATE_0927.QUALITY.ISVOID IS '禁用';

COMMENT ON COLUMN SQMS_PRIVATE_0927.QUALITY.QUALITYLEVEL IS 'QUALITYLEVEL';

COMMENT ON COLUMN SQMS_PRIVATE_0927.QUALITY.IMAGEURL IS '图片URL';

COMMENT ON COLUMN SQMS_PRIVATE_0927.QUALITY.VIDEOURL IS '视频URL';

COMMENT ON COLUMN SQMS_PRIVATE_0927.QUALITY.QMID IS 'QMID';

COMMENT ON COLUMN SQMS_PRIVATE_0927.QUALITY.CHARGEPERSON IS '责任人';

COMMENT ON COLUMN SQMS_PRIVATE_0927.QUALITY.WORKUNIT IS '作业单位';

COMMENT ON COLUMN SQMS_PRIVATE_0927.QUALITY.STATUS IS '状态';

COMMENT ON COLUMN SQMS_PRIVATE_0927.QUALITY.MPID IS '监控点ID';

COMMENT ON COLUMN SQMS_PRIVATE_0927.QUALITY.EMERGENCYPERSON IS '应急处理责任人';

COMMENT ON COLUMN SQMS_PRIVATE_0927.QUALITY.QMCODE IS '质控编码';

COMMENT ON COLUMN SQMS_PRIVATE_0927.QUALITY.CHECKPERSON IS '巡检员';

COMMENT ON COLUMN SQMS_PRIVATE_0927.QUALITY.ROADID IS '路段ID';

COMMENT ON COLUMN SQMS_PRIVATE_0927.QUALITY.MATERIAL IS '图片信息';

COMMENT ON COLUMN SQMS_PRIVATE_0927.QUALITY.LONGITUDE IS '数据采集地点经度';

COMMENT ON COLUMN SQMS_PRIVATE_0927.QUALITY.LATITUDE IS '数据采集地点纬度';

COMMENT ON COLUMN SQMS_PRIVATE_0927.QUALITY.TYPE IS '类型';

COMMENT ON COLUMN SQMS_PRIVATE_0927.QUALITY.MEMO IS '备注';

COMMENT ON COLUMN SQMS_PRIVATE_0927.QUALITY.CREATED IS '此字段必须保存时间数据，其格式为yyyy-mm-dd hh24:mi:ss';

COMMENT ON COLUMN SQMS_PRIVATE_0927.QUALITY.CREATEDBY IS '创建人';

COMMENT ON COLUMN SQMS_PRIVATE_0927.QUALITY.MODIFIED IS '此字段必须保存时间数据，其格式为yyyy-mm-dd hh24:mi:ss';


--
-- IDX_EVENT_ORGANIZATIONID  (Index) 
--
CREATE INDEX SQMS_PRIVATE_0927.IDX_EVENT_ORGANIZATIONID ON SQMS_PRIVATE_0927.EMERGENCYEVENT
(ORGANIZATIONID)
LOGGING
TABLESPACE SQMS
PCTFREE    10
INITRANS   2
MAXTRANS   255
STORAGE    (
            INITIAL          64K
            MINEXTENTS       1
            MAXEXTENTS       UNLIMITED
            PCTINCREASE      0
            BUFFER_POOL      DEFAULT
           )
NOPARALLEL;


--
-- IDX_QUALITY_CHARGEPERSON_FK  (Index) 
--
CREATE INDEX SQMS_PRIVATE_0927.IDX_QUALITY_CHARGEPERSON_FK ON SQMS_PRIVATE_0927.QUALITY
(CHARGEPERSON)
LOGGING
TABLESPACE SQMS
PCTFREE    10
INITRANS   2
MAXTRANS   255
STORAGE    (
            INITIAL          64K
            MINEXTENTS       1
            MAXEXTENTS       UNLIMITED
            PCTINCREASE      0
            BUFFER_POOL      DEFAULT
           )
NOPARALLEL;


--
-- IDX_QUALITY_CHECKPERSON_FK  (Index) 
--
CREATE INDEX SQMS_PRIVATE_0927.IDX_QUALITY_CHECKPERSON_FK ON SQMS_PRIVATE_0927.QUALITY
(CHECKPERSON)
LOGGING
TABLESPACE SQMS
PCTFREE    10
INITRANS   2
MAXTRANS   255
STORAGE    (
            INITIAL          64K
            MINEXTENTS       1
            MAXEXTENTS       UNLIMITED
            PCTINCREASE      0
            BUFFER_POOL      DEFAULT
           )
NOPARALLEL;


--
-- IDX_QUALITY_CREATED  (Index) 
--
CREATE INDEX SQMS_PRIVATE_0927.IDX_QUALITY_CREATED ON SQMS_PRIVATE_0927.QUALITY
("CREATED" DESC)
LOGGING
TABLESPACE SQMS
PCTFREE    10
INITRANS   2
MAXTRANS   255
STORAGE    (
            INITIAL          64K
            MINEXTENTS       1
            MAXEXTENTS       UNLIMITED
            PCTINCREASE      0
            BUFFER_POOL      DEFAULT
           )
NOPARALLEL;


--
-- IDX_QUALITY_EMERGENCYPERSON_FK  (Index) 
--
CREATE INDEX SQMS_PRIVATE_0927.IDX_QUALITY_EMERGENCYPERSON_FK ON SQMS_PRIVATE_0927.QUALITY
(EMERGENCYPERSON)
LOGGING
TABLESPACE SQMS
PCTFREE    10
INITRANS   2
MAXTRANS   255
STORAGE    (
            INITIAL          64K
            MINEXTENTS       1
            MAXEXTENTS       UNLIMITED
            PCTINCREASE      0
            BUFFER_POOL      DEFAULT
           )
NOPARALLEL;


--
-- IDX_QUALITY_MPID_FK  (Index) 
--
CREATE INDEX SQMS_PRIVATE_0927.IDX_QUALITY_MPID_FK ON SQMS_PRIVATE_0927.QUALITY
(MPID)
LOGGING
TABLESPACE SQMS
PCTFREE    10
INITRANS   2
MAXTRANS   255
STORAGE    (
            INITIAL          64K
            MINEXTENTS       1
            MAXEXTENTS       UNLIMITED
            PCTINCREASE      0
            BUFFER_POOL      DEFAULT
           )
NOPARALLEL;


--
-- IDX_QUALITY_ORGANIZATIONID  (Index) 
--
CREATE INDEX SQMS_PRIVATE_0927.IDX_QUALITY_ORGANIZATIONID ON SQMS_PRIVATE_0927.QUALITY
(ORGANIZATIONID)
LOGGING
TABLESPACE SQMS
PCTFREE    10
INITRANS   2
MAXTRANS   255
STORAGE    (
            INITIAL          64K
            MINEXTENTS       1
            MAXEXTENTS       UNLIMITED
            PCTINCREASE      0
            BUFFER_POOL      DEFAULT
           )
NOPARALLEL;


--
-- IDX_QUALITY_STATUS_FK  (Index) 
--
CREATE INDEX SQMS_PRIVATE_0927.IDX_QUALITY_STATUS_FK ON SQMS_PRIVATE_0927.QUALITY
(STATUS)
LOGGING
TABLESPACE SQMS
PCTFREE    10
INITRANS   2
MAXTRANS   255
STORAGE    (
            INITIAL          64K
            MINEXTENTS       1
            MAXEXTENTS       UNLIMITED
            PCTINCREASE      0
            BUFFER_POOL      DEFAULT
           )
NOPARALLEL;


--
-- IDX_QUALITY_WORKUNIT_FK  (Index) 
--
CREATE INDEX SQMS_PRIVATE_0927.IDX_QUALITY_WORKUNIT_FK ON SQMS_PRIVATE_0927.QUALITY
(WORKUNIT)
LOGGING
TABLESPACE SQMS
PCTFREE    10
INITRANS   2
MAXTRANS   255
STORAGE    (
            INITIAL          64K
            MINEXTENTS       1
            MAXEXTENTS       UNLIMITED
            PCTINCREASE      0
            BUFFER_POOL      DEFAULT
           )
NOPARALLEL;


--
-- IDX_ROAD_ORGANIZATIONID  (Index) 
--
CREATE INDEX SQMS_PRIVATE_0927.IDX_ROAD_ORGANIZATIONID ON SQMS_PRIVATE_0927.MPASSIGNMENT
(ORGANIZATIONID)
LOGGING
TABLESPACE SQMS
PCTFREE    10
INITRANS   2
MAXTRANS   255
STORAGE    (
            INITIAL          64K
            MINEXTENTS       1
            MAXEXTENTS       UNLIMITED
            PCTINCREASE      0
            BUFFER_POOL      DEFAULT
           )
NOPARALLEL;


--
-- IDX_ROAD_ROADID_FK  (Index) 
--
CREATE INDEX SQMS_PRIVATE_0927.IDX_ROAD_ROADID_FK ON SQMS_PRIVATE_0927.MPASSIGNMENT
(ROADID)
LOGGING
TABLESPACE SQMS
PCTFREE    10
INITRANS   2
MAXTRANS   255
STORAGE    (
            INITIAL          64K
            MINEXTENTS       1
            MAXEXTENTS       UNLIMITED
            PCTINCREASE      0
            BUFFER_POOL      DEFAULT
           )
NOPARALLEL;


--
-- PK_EMERGENCYEVENT  (Index) 
--
CREATE UNIQUE INDEX SQMS_PRIVATE_0927.PK_EMERGENCYEVENT ON SQMS_PRIVATE_0927.EMERGENCYEVENT
(EVENTID)
LOGGING
TABLESPACE SQMS
PCTFREE    10
INITRANS   2
MAXTRANS   255
STORAGE    (
            INITIAL          64K
            MINEXTENTS       1
            MAXEXTENTS       UNLIMITED
            PCTINCREASE      0
            BUFFER_POOL      DEFAULT
           )
NOPARALLEL;


--
-- PK_MPASSIGNMENT  (Index) 
--
CREATE UNIQUE INDEX SQMS_PRIVATE_0927.PK_MPASSIGNMENT ON SQMS_PRIVATE_0927.MPASSIGNMENT
(MPID)
LOGGING
TABLESPACE SQMS
PCTFREE    10
INITRANS   2
MAXTRANS   255
STORAGE    (
            INITIAL          64K
            MINEXTENTS       1
            MAXEXTENTS       UNLIMITED
            PCTINCREASE      0
            BUFFER_POOL      DEFAULT
           )
NOPARALLEL;


--
-- PK_QUALITY  (Index) 
--
CREATE UNIQUE INDEX SQMS_PRIVATE_0927.PK_QUALITY ON SQMS_PRIVATE_0927.QUALITY
(QMID)
LOGGING
TABLESPACE SQMS
PCTFREE    10
INITRANS   2
MAXTRANS   255
STORAGE    (
            INITIAL          64K
            MINEXTENTS       1
            MAXEXTENTS       UNLIMITED
            PCTINCREASE      0
            BUFFER_POOL      DEFAULT
           )
NOPARALLEL;


ALTER TABLE SQMS_PRIVATE_0927.MONITORPOINTINVIDEO
 DROP PRIMARY KEY CASCADE;

DROP TABLE SQMS_PRIVATE_0927.MONITORPOINTINVIDEO CASCADE CONSTRAINTS;

--
-- MONITORPOINTINVIDEO  (Table) 
--
CREATE TABLE SQMS_PRIVATE_0927.MONITORPOINTINVIDEO
(
  VIDEOID  VARCHAR2(40 BYTE)                    NOT NULL,
  MPID     VARCHAR2(40 BYTE)                    NOT NULL
)
TABLESPACE SQMS
PCTUSED    0
PCTFREE    10
INITRANS   1
MAXTRANS   255
STORAGE    (
            INITIAL          64K
            MINEXTENTS       1
            MAXEXTENTS       UNLIMITED
            PCTINCREASE      0
            BUFFER_POOL      DEFAULT
           )
LOGGING 
NOCOMPRESS 
NOCACHE
NOPARALLEL
MONITORING;

COMMENT ON TABLE SQMS_PRIVATE_0927.MONITORPOINTINVIDEO IS '监控点与视频关系表，存储视频中包含的监控点';

COMMENT ON COLUMN SQMS_PRIVATE_0927.MONITORPOINTINVIDEO.VIDEOID IS '视频ID';

COMMENT ON COLUMN SQMS_PRIVATE_0927.MONITORPOINTINVIDEO.MPID IS '监控点ID';


--
-- IDX_MONITORPOINTVIDEO_MPID_FK  (Index) 
--
CREATE INDEX SQMS_PRIVATE_0927.IDX_MONITORPOINTVIDEO_MPID_FK ON SQMS_PRIVATE_0927.MONITORPOINTINVIDEO
(MPID)
LOGGING
TABLESPACE SQMS
PCTFREE    10
INITRANS   2
MAXTRANS   255
STORAGE    (
            INITIAL          64K
            MINEXTENTS       1
            MAXEXTENTS       UNLIMITED
            PCTINCREASE      0
            BUFFER_POOL      DEFAULT
           )
NOPARALLEL;


--
-- IDX_MPV_VIDEOID_FK  (Index) 
--
CREATE INDEX SQMS_PRIVATE_0927.IDX_MPV_VIDEOID_FK ON SQMS_PRIVATE_0927.MONITORPOINTINVIDEO
(VIDEOID)
LOGGING
TABLESPACE SQMS
PCTFREE    10
INITRANS   2
MAXTRANS   255
STORAGE    (
            INITIAL          64K
            MINEXTENTS       1
            MAXEXTENTS       UNLIMITED
            PCTINCREASE      0
            BUFFER_POOL      DEFAULT
           )
NOPARALLEL;


--
-- PK_MONITORPOINTINVIDEO  (Index) 
--
CREATE UNIQUE INDEX SQMS_PRIVATE_0927.PK_MONITORPOINTINVIDEO ON SQMS_PRIVATE_0927.MONITORPOINTINVIDEO
(VIDEOID, MPID)
LOGGING
TABLESPACE SQMS
PCTFREE    10
INITRANS   2
MAXTRANS   255
STORAGE    (
            INITIAL          64K
            MINEXTENTS       1
            MAXEXTENTS       UNLIMITED
            PCTINCREASE      0
            BUFFER_POOL      DEFAULT
           )
NOPARALLEL;


-- 
-- Non Foreign Key Constraints for Table ENUMERATION 
-- 
ALTER TABLE SQMS_PRIVATE_0927.ENUMERATION ADD (
  CONSTRAINT PK_ENUMERATION
 PRIMARY KEY
 (ENUMID)
    USING INDEX 
    TABLESPACE SQMS
    PCTFREE    10
    INITRANS   2
    MAXTRANS   255
    STORAGE    (
                INITIAL          64K
                MINEXTENTS       1
                MAXEXTENTS       UNLIMITED
                PCTINCREASE      0
               ));

-- 
-- Non Foreign Key Constraints for Table EQUIPMENT 
-- 
ALTER TABLE SQMS_PRIVATE_0927.EQUIPMENT ADD (
  CONSTRAINT PK_EQUIPMENT
 PRIMARY KEY
 (EQUID)
    USING INDEX 
    TABLESPACE SQMS
    PCTFREE    10
    INITRANS   2
    MAXTRANS   255
    STORAGE    (
                INITIAL          64K
                MINEXTENTS       1
                MAXEXTENTS       UNLIMITED
                PCTINCREASE      0
               ));

-- 
-- Non Foreign Key Constraints for Table GEO 
-- 
ALTER TABLE SQMS_PRIVATE_0927.GEO ADD (
  CONSTRAINT PK_GEO
 PRIMARY KEY
 (GEOID)
    USING INDEX 
    TABLESPACE SQMS
    PCTFREE    10
    INITRANS   2
    MAXTRANS   255
    STORAGE    (
                INITIAL          64K
                MINEXTENTS       1
                MAXEXTENTS       UNLIMITED
                PCTINCREASE      0
               ));

-- 
-- Non Foreign Key Constraints for Table MENU 
-- 
ALTER TABLE SQMS_PRIVATE_0927.MENU ADD (
  CONSTRAINT PK_MENU
 PRIMARY KEY
 (MENUID)
    USING INDEX 
    TABLESPACE SQMS
    PCTFREE    10
    INITRANS   2
    MAXTRANS   255
    STORAGE    (
                INITIAL          64K
                MINEXTENTS       1
                MAXEXTENTS       UNLIMITED
                PCTINCREASE      0
               ));

-- 
-- Non Foreign Key Constraints for Table OPERATION 
-- 
ALTER TABLE SQMS_PRIVATE_0927.OPERATION ADD (
  CONSTRAINT PK_OPERATION
 PRIMARY KEY
 (OPID)
    USING INDEX 
    TABLESPACE SQMS
    PCTFREE    10
    INITRANS   2
    MAXTRANS   255
    STORAGE    (
                INITIAL          64K
                MINEXTENTS       1
                MAXEXTENTS       UNLIMITED
                PCTINCREASE      0
               ));

-- 
-- Non Foreign Key Constraints for Table ORGANIZATION 
-- 
ALTER TABLE SQMS_PRIVATE_0927.ORGANIZATION ADD (
  CONSTRAINT PK_ORGANIZATION
 PRIMARY KEY
 (ORGID)
    USING INDEX 
    TABLESPACE SQMS
    PCTFREE    10
    INITRANS   2
    MAXTRANS   255
    STORAGE    (
                INITIAL          64K
                MINEXTENTS       1
                MAXEXTENTS       UNLIMITED
                PCTINCREASE      0
               ));

-- 
-- Non Foreign Key Constraints for Table RESOURCEITEM 
-- 
ALTER TABLE SQMS_PRIVATE_0927.RESOURCEITEM ADD (
  CONSTRAINT PK_RESOURCEITEM
 PRIMARY KEY
 (RESID)
    USING INDEX 
    TABLESPACE SQMS
    PCTFREE    10
    INITRANS   2
    MAXTRANS   255
    STORAGE    (
                INITIAL          64K
                MINEXTENTS       1
                MAXEXTENTS       UNLIMITED
                PCTINCREASE      0
               ));

-- 
-- Non Foreign Key Constraints for Table ROLE 
-- 
ALTER TABLE SQMS_PRIVATE_0927.ROLE ADD (
  CONSTRAINT PK_ROLE
 PRIMARY KEY
 (ROLEID)
    USING INDEX 
    TABLESPACE SQMS
    PCTFREE    10
    INITRANS   2
    MAXTRANS   255
    STORAGE    (
                INITIAL          64K
                MINEXTENTS       1
                MAXEXTENTS       UNLIMITED
                PCTINCREASE      0
               ));

-- 
-- Non Foreign Key Constraints for Table TIMESCHEMA 
-- 
ALTER TABLE SQMS_PRIVATE_0927.TIMESCHEMA ADD (
  CONSTRAINT PK_TIMESCHEMA
 PRIMARY KEY
 (SCHEMAID)
    USING INDEX 
    TABLESPACE SQMS
    PCTFREE    10
    INITRANS   2
    MAXTRANS   255
    STORAGE    (
                INITIAL          64K
                MINEXTENTS       1
                MAXEXTENTS       UNLIMITED
                PCTINCREASE      0
               ));

-- 
-- Non Foreign Key Constraints for Table VIDEO 
-- 
ALTER TABLE SQMS_PRIVATE_0927.VIDEO ADD (
  CONSTRAINT PK_VIDEO
 PRIMARY KEY
 (VIDEOID)
    USING INDEX 
    TABLESPACE SQMS
    PCTFREE    10
    INITRANS   2
    MAXTRANS   255
    STORAGE    (
                INITIAL          64K
                MINEXTENTS       1
                MAXEXTENTS       UNLIMITED
                PCTINCREASE      0
               ));

-- 
-- Non Foreign Key Constraints for Table LOG 
-- 
ALTER TABLE SQMS_PRIVATE_0927.LOG ADD (
  CONSTRAINT PK_LOG
 PRIMARY KEY
 (LOGID)
    USING INDEX 
    TABLESPACE SQMS
    PCTFREE    10
    INITRANS   2
    MAXTRANS   255
    STORAGE    (
                INITIAL          64K
                MINEXTENTS       1
                MAXEXTENTS       UNLIMITED
                PCTINCREASE      0
               ));

-- 
-- Non Foreign Key Constraints for Table EMPLOYEE 
-- 
ALTER TABLE SQMS_PRIVATE_0927.EMPLOYEE ADD (
  CONSTRAINT PK_EMPLOYEE
 PRIMARY KEY
 (EMPID)
    USING INDEX 
    TABLESPACE SQMS
    PCTFREE    10
    INITRANS   2
    MAXTRANS   255
    STORAGE    (
                INITIAL          64K
                MINEXTENTS       1
                MAXEXTENTS       UNLIMITED
                PCTINCREASE      0
               ));

-- 
-- Non Foreign Key Constraints for Table PASSPORT 
-- 
ALTER TABLE SQMS_PRIVATE_0927.PASSPORT ADD (
  CONSTRAINT PK_PASSPORT
 PRIMARY KEY
 (PASSPORTID)
    USING INDEX 
    TABLESPACE SQMS
    PCTFREE    10
    INITRANS   2
    MAXTRANS   255
    STORAGE    (
                INITIAL          64K
                MINEXTENTS       1
                MAXEXTENTS       UNLIMITED
                PCTINCREASE      0
               ));

-- 
-- Non Foreign Key Constraints for Table PROJECT 
-- 
ALTER TABLE SQMS_PRIVATE_0927.PROJECT ADD (
  CONSTRAINT PK_PROJECT
 PRIMARY KEY
 (PROJECTID)
    USING INDEX 
    TABLESPACE SQMS
    PCTFREE    10
    INITRANS   2
    MAXTRANS   255
    STORAGE    (
                INITIAL          64K
                MINEXTENTS       1
                MAXEXTENTS       UNLIMITED
                PCTINCREASE      0
               ));

-- 
-- Non Foreign Key Constraints for Table RESPERMISSION 
-- 
ALTER TABLE SQMS_PRIVATE_0927.RESPERMISSION ADD (
  CONSTRAINT PK_RESPERMISSION
 PRIMARY KEY
 (ROLEID, RESID, OPID)
    USING INDEX 
    TABLESPACE SQMS
    PCTFREE    10
    INITRANS   2
    MAXTRANS   255
    STORAGE    (
                INITIAL          64K
                MINEXTENTS       1
                MAXEXTENTS       UNLIMITED
                PCTINCREASE      0
               ));

-- 
-- Non Foreign Key Constraints for Table ROAD 
-- 
ALTER TABLE SQMS_PRIVATE_0927.ROAD ADD (
  CONSTRAINT PK_ROAD
 PRIMARY KEY
 (ROADID)
    USING INDEX 
    TABLESPACE SQMS
    PCTFREE    10
    INITRANS   2
    MAXTRANS   255
    STORAGE    (
                INITIAL          64K
                MINEXTENTS       1
                MAXEXTENTS       UNLIMITED
                PCTINCREASE      0
               ));

-- 
-- Non Foreign Key Constraints for Table TIMEITEM 
-- 
ALTER TABLE SQMS_PRIVATE_0927.TIMEITEM ADD (
  CONSTRAINT PK_TIMEITEM
 PRIMARY KEY
 (TIMEITEMID)
    USING INDEX 
    TABLESPACE SQMS
    PCTFREE    10
    INITRANS   2
    MAXTRANS   255
    STORAGE    (
                INITIAL          64K
                MINEXTENTS       1
                MAXEXTENTS       UNLIMITED
                PCTINCREASE      0
               ));

-- 
-- Non Foreign Key Constraints for Table USERROLE 
-- 
ALTER TABLE SQMS_PRIVATE_0927.USERROLE ADD (
  CONSTRAINT PK_USERROLE
 PRIMARY KEY
 (ROLEID, PASSPORTID)
    USING INDEX 
    TABLESPACE SQMS
    PCTFREE    10
    INITRANS   2
    MAXTRANS   255
    STORAGE    (
                INITIAL          64K
                MINEXTENTS       1
                MAXEXTENTS       UNLIMITED
                PCTINCREASE      0
               ));

-- 
-- Non Foreign Key Constraints for Table VEHICLETASK 
-- 
ALTER TABLE SQMS_PRIVATE_0927.VEHICLETASK ADD (
  CONSTRAINT PK_VEHICLETASK
 PRIMARY KEY
 (TASKID)
    USING INDEX 
    TABLESPACE SQMS
    PCTFREE    10
    INITRANS   2
    MAXTRANS   255
    STORAGE    (
                INITIAL          64K
                MINEXTENTS       1
                MAXEXTENTS       UNLIMITED
                PCTINCREASE      0
               ));

-- 
-- Non Foreign Key Constraints for Table VEHICLETASKDATA 
-- 
ALTER TABLE SQMS_PRIVATE_0927.VEHICLETASKDATA ADD (
  CONSTRAINT PK_VEHICLETASKDATA
 PRIMARY KEY
 (VTDID)
    USING INDEX 
    TABLESPACE SQMS
    PCTFREE    10
    INITRANS   2
    MAXTRANS   255
    STORAGE    (
                INITIAL          64K
                MINEXTENTS       1
                MAXEXTENTS       UNLIMITED
                PCTINCREASE      0
               ));

-- 
-- Non Foreign Key Constraints for Table EMERGENCYEVENT 
-- 
ALTER TABLE SQMS_PRIVATE_0927.EMERGENCYEVENT ADD (
  CONSTRAINT PK_EMERGENCYEVENT
 PRIMARY KEY
 (EVENTID)
    USING INDEX 
    TABLESPACE SQMS
    PCTFREE    10
    INITRANS   2
    MAXTRANS   255
    STORAGE    (
                INITIAL          64K
                MINEXTENTS       1
                MAXEXTENTS       UNLIMITED
                PCTINCREASE      0
               ));

-- 
-- Non Foreign Key Constraints for Table MPASSIGNMENT 
-- 
ALTER TABLE SQMS_PRIVATE_0927.MPASSIGNMENT ADD (
  CONSTRAINT PK_MPASSIGNMENT
 PRIMARY KEY
 (MPID)
    USING INDEX 
    TABLESPACE SQMS
    PCTFREE    10
    INITRANS   2
    MAXTRANS   255
    STORAGE    (
                INITIAL          64K
                MINEXTENTS       1
                MAXEXTENTS       UNLIMITED
                PCTINCREASE      0
               ));

-- 
-- Non Foreign Key Constraints for Table QUALITY 
-- 
ALTER TABLE SQMS_PRIVATE_0927.QUALITY ADD (
  CONSTRAINT PK_QUALITY
 PRIMARY KEY
 (QMID)
    USING INDEX 
    TABLESPACE SQMS
    PCTFREE    10
    INITRANS   2
    MAXTRANS   255
    STORAGE    (
                INITIAL          64K
                MINEXTENTS       1
                MAXEXTENTS       UNLIMITED
                PCTINCREASE      0
               ));

-- 
-- Non Foreign Key Constraints for Table MONITORPOINTINVIDEO 
-- 
ALTER TABLE SQMS_PRIVATE_0927.MONITORPOINTINVIDEO ADD (
  CONSTRAINT PK_MONITORPOINTINVIDEO
 PRIMARY KEY
 (VIDEOID, MPID)
    USING INDEX 
    TABLESPACE SQMS
    PCTFREE    10
    INITRANS   2
    MAXTRANS   255
    STORAGE    (
                INITIAL          64K
                MINEXTENTS       1
                MAXEXTENTS       UNLIMITED
                PCTINCREASE      0
               ));

-- 
-- Foreign Key Constraints for Table GEO 
-- 
ALTER TABLE SQMS_PRIVATE_0927.GEO ADD (
  CONSTRAINT FK_GEO_RELGEO_GEO 
 FOREIGN KEY (PARENTGEO) 
 REFERENCES SQMS_PRIVATE_0927.GEO (GEOID));

-- 
-- Foreign Key Constraints for Table ORGANIZATION 
-- 
ALTER TABLE SQMS_PRIVATE_0927.ORGANIZATION ADD (
  CONSTRAINT FK_ORGANIZA_REFERENCE_ENUMERAT 
 FOREIGN KEY (ORGTYPE) 
 REFERENCES SQMS_PRIVATE_0927.ENUMERATION (ENUMID),
  CONSTRAINT FK_ORGANIZA_RELORGCIT_GEO 
 FOREIGN KEY (CITY) 
 REFERENCES SQMS_PRIVATE_0927.GEO (GEOID),
  CONSTRAINT FK_ORGANIZA_RELORGCOU_GEO 
 FOREIGN KEY (COUNTRY) 
 REFERENCES SQMS_PRIVATE_0927.GEO (GEOID),
  CONSTRAINT FK_ORGANIZA_RELORGPRO_GEO 
 FOREIGN KEY (PROVINCE) 
 REFERENCES SQMS_PRIVATE_0927.GEO (GEOID),
  CONSTRAINT FK_ORGANIZA_RELPARENT_ORGANIZA 
 FOREIGN KEY (PARENTORG) 
 REFERENCES SQMS_PRIVATE_0927.ORGANIZATION (ORGID));

-- 
-- Foreign Key Constraints for Table EMPLOYEE 
-- 
ALTER TABLE SQMS_PRIVATE_0927.EMPLOYEE ADD (
  CONSTRAINT FK_EMPLOYEE_EMP_DEPT__ORGANIZA 
 FOREIGN KEY (DEPTID) 
 REFERENCES SQMS_PRIVATE_0927.ORGANIZATION (ORGID),
  CONSTRAINT FK_EMPLOYEE_EMP_ORG_R_ORGANIZA 
 FOREIGN KEY (ORGANIZATIONID) 
 REFERENCES SQMS_PRIVATE_0927.ORGANIZATION (ORGID),
  CONSTRAINT FK_EMPLOYEE_REFERENCE_ENUMERAT 
 FOREIGN KEY (DEGREE) 
 REFERENCES SQMS_PRIVATE_0927.ENUMERATION (ENUMID),
  CONSTRAINT FK_EMPLOYEE_RELATIONS_ENUMERAT 
 FOREIGN KEY (SEX) 
 REFERENCES SQMS_PRIVATE_0927.ENUMERATION (ENUMID),
  CONSTRAINT FK_EMPLOYEE_RELEQUBIN_EQUIPMEN 
 FOREIGN KEY (EQUID) 
 REFERENCES SQMS_PRIVATE_0927.EQUIPMENT (EQUID));

-- 
-- Foreign Key Constraints for Table PASSPORT 
-- 
ALTER TABLE SQMS_PRIVATE_0927.PASSPORT ADD (
  CONSTRAINT FK_PASSPORT_EMPPASSPO_EMPLOYEE 
 FOREIGN KEY (EMPID) 
 REFERENCES SQMS_PRIVATE_0927.EMPLOYEE (EMPID));

-- 
-- Foreign Key Constraints for Table PROJECT 
-- 
ALTER TABLE SQMS_PRIVATE_0927.PROJECT ADD (
  CONSTRAINT FK_PROJECT_REFERENCE_EMPLOYEE 
 FOREIGN KEY (EMPID) 
 REFERENCES SQMS_PRIVATE_0927.EMPLOYEE (EMPID));

-- 
-- Foreign Key Constraints for Table RESPERMISSION 
-- 
ALTER TABLE SQMS_PRIVATE_0927.RESPERMISSION ADD (
  CONSTRAINT FK_RESPERMI_REFERENCE_ROLE 
 FOREIGN KEY (ROLEID) 
 REFERENCES SQMS_PRIVATE_0927.ROLE (ROLEID),
  CONSTRAINT FK_RESPERMI_REFERENCE_RESOURCE 
 FOREIGN KEY (RESID) 
 REFERENCES SQMS_PRIVATE_0927.RESOURCEITEM (RESID),
  CONSTRAINT FK_RESPERMI_REFERENCE_OPERATIO 
 FOREIGN KEY (OPID) 
 REFERENCES SQMS_PRIVATE_0927.OPERATION (OPID));

-- 
-- Foreign Key Constraints for Table ROAD 
-- 
ALTER TABLE SQMS_PRIVATE_0927.ROAD ADD (
  CONSTRAINT FK_ROAD_RELATIONS_PROJECT 
 FOREIGN KEY (PROJECTID) 
 REFERENCES SQMS_PRIVATE_0927.PROJECT (PROJECTID));

-- 
-- Foreign Key Constraints for Table TIMEITEM 
-- 
ALTER TABLE SQMS_PRIVATE_0927.TIMEITEM ADD (
  CONSTRAINT FK_TIMEITEM_REFERENCE_TIMESCHE 
 FOREIGN KEY (SCHEMAID) 
 REFERENCES SQMS_PRIVATE_0927.TIMESCHEMA (SCHEMAID));

-- 
-- Foreign Key Constraints for Table USERROLE 
-- 
ALTER TABLE SQMS_PRIVATE_0927.USERROLE ADD (
  CONSTRAINT FK_USERROLE_USERROLE_ROLE 
 FOREIGN KEY (ROLEID) 
 REFERENCES SQMS_PRIVATE_0927.ROLE (ROLEID),
  CONSTRAINT FK_USERROLE_USERROLE2_PASSPORT 
 FOREIGN KEY (PASSPORTID) 
 REFERENCES SQMS_PRIVATE_0927.PASSPORT (PASSPORTID));

-- 
-- Foreign Key Constraints for Table VEHICLETASK 
-- 
ALTER TABLE SQMS_PRIVATE_0927.VEHICLETASK ADD (
  CONSTRAINT FK_VEHICLET_REFERENCE_EMPLOYEE 
 FOREIGN KEY (CHARGEMAN) 
 REFERENCES SQMS_PRIVATE_0927.EMPLOYEE (EMPID),
  CONSTRAINT FK_VEHICLET_REFERENCE_ENUMERAT 
 FOREIGN KEY (TASKTYPE) 
 REFERENCES SQMS_PRIVATE_0927.ENUMERATION (ENUMID));

-- 
-- Foreign Key Constraints for Table VEHICLETASKDATA 
-- 
ALTER TABLE SQMS_PRIVATE_0927.VEHICLETASKDATA ADD (
  CONSTRAINT FK_VEHICLET_REFERENCE_VEHICLET 
 FOREIGN KEY (TASKID) 
 REFERENCES SQMS_PRIVATE_0927.VEHICLETASK (TASKID));

-- 
-- Foreign Key Constraints for Table EMERGENCYEVENT 
-- 
ALTER TABLE SQMS_PRIVATE_0927.EMERGENCYEVENT ADD (
  CONSTRAINT FK_EMERGENC_REFERENCE_TIMESCHE 
 FOREIGN KEY (SCHEMAID) 
 REFERENCES SQMS_PRIVATE_0927.TIMESCHEMA (SCHEMAID),
  CONSTRAINT FK_EMERGENC_REFERENCE_EMPLOYEE 
 FOREIGN KEY (EMERGENCYCHARGEPERSON) 
 REFERENCES SQMS_PRIVATE_0927.EMPLOYEE (EMPID));

-- 
-- Foreign Key Constraints for Table MPASSIGNMENT 
-- 
ALTER TABLE SQMS_PRIVATE_0927.MPASSIGNMENT ADD (
  CONSTRAINT FK_MPASSIGN_RELATIONS_ROAD 
 FOREIGN KEY (ROADID) 
 REFERENCES SQMS_PRIVATE_0927.ROAD (ROADID),
  CONSTRAINT FK_MPASSIGN_REFERENCE_TIMESCHE 
 FOREIGN KEY (SCHEMAID) 
 REFERENCES SQMS_PRIVATE_0927.TIMESCHEMA (SCHEMAID),
  CONSTRAINT FK_MPASSIGN_REFERENCE_ENUMERAT 
 FOREIGN KEY (IMPORTANCE) 
 REFERENCES SQMS_PRIVATE_0927.ENUMERATION (ENUMID),
  CONSTRAINT FK_MPASSIGN_REFERENCE_EMERGENC 
 FOREIGN KEY (EVENTID) 
 REFERENCES SQMS_PRIVATE_0927.EMERGENCYEVENT (EVENTID));

-- 
-- Foreign Key Constraints for Table QUALITY 
-- 
ALTER TABLE SQMS_PRIVATE_0927.QUALITY ADD (
  CONSTRAINT FK_QUALITY_REFERENCE_ROAD 
 FOREIGN KEY (ROADID) 
 REFERENCES SQMS_PRIVATE_0927.ROAD (ROADID),
  CONSTRAINT FK_QUALITY_RELATIONS_MPASSIGN 
 FOREIGN KEY (MPID) 
 REFERENCES SQMS_PRIVATE_0927.MPASSIGNMENT (MPID) DISABLE,
  CONSTRAINT FK_QUALITY_RELATIONS_ENUMERAT 
 FOREIGN KEY (STATUS) 
 REFERENCES SQMS_PRIVATE_0927.ENUMERATION (ENUMID),
  CONSTRAINT FK_QUALITY_RELCHARGE_EMPLOYEE 
 FOREIGN KEY (CHARGEPERSON) 
 REFERENCES SQMS_PRIVATE_0927.EMPLOYEE (EMPID),
  CONSTRAINT FK_QUALITY_RELEMERGE_EMPLOYEE 
 FOREIGN KEY (EMERGENCYPERSON) 
 REFERENCES SQMS_PRIVATE_0927.EMPLOYEE (EMPID),
  CONSTRAINT FK_QUALITY_RELEMPLOY_EMPLOYEE 
 FOREIGN KEY (CHECKPERSON) 
 REFERENCES SQMS_PRIVATE_0927.EMPLOYEE (EMPID),
  CONSTRAINT FK_QUALITY_RELWORKUN_ORGANIZA 
 FOREIGN KEY (WORKUNIT) 
 REFERENCES SQMS_PRIVATE_0927.ORGANIZATION (ORGID));

-- 
-- Foreign Key Constraints for Table MONITORPOINTINVIDEO 
-- 
ALTER TABLE SQMS_PRIVATE_0927.MONITORPOINTINVIDEO ADD (
  CONSTRAINT FK_MONITORP_REFERENCE_MPASSIGN 
 FOREIGN KEY (MPID) 
 REFERENCES SQMS_PRIVATE_0927.MPASSIGNMENT (MPID));


SET DEFINE OFF;
Insert into SQMS_PRIVATE_0927.EMERGENCYEVENT
   (EVENTID, EVENTCODE, SCHEMAID, EVENTNAME, ISVOID, 
    CREATED, CREATEDBY, MODIFIED, MODIFIEDBY, ORGANIZATIONID, 
    CHECKTIME, CHECKUNIT, PRIVILIGE, EMERGENCYCHARGEPERSON, MEMO)
 Values
   ('21', 'EM-633892490282187500', '0', 'gggg', 'Y', 
    TO_DATE('09/22/2009 00:00:00', 'MM/DD/YYYY HH24:MI:SS'), 't2', TO_DATE('09/22/2009 00:00:00', 'MM/DD/YYYY HH24:MI:SS'), 't2', 't1', 
    TO_DATE('09/01/2009 00:00:00', 'MM/DD/YYYY HH24:MI:SS'), 'dsfsd', '2', '59', 'dsfads');
Insert into SQMS_PRIVATE_0927.EMERGENCYEVENT
   (EVENTID, EVENTCODE, SCHEMAID, EVENTNAME, ISVOID, 
    CREATED, CREATEDBY, MODIFIED, MODIFIEDBY, ORGANIZATIONID, 
    CHECKTIME, CHECKUNIT, PRIVILIGE, EMERGENCYCHARGEPERSON, MEMO)
 Values
   ('3', 'EM-633892187313906250', '0', 'testevent', 'N', 
    TO_DATE('09/22/2009 00:00:00', 'MM/DD/YYYY HH24:MI:SS'), 't2', TO_DATE('09/22/2009 00:00:00', 'MM/DD/YYYY HH24:MI:SS'), 't2', 't1', 
    TO_DATE('09/22/2009 09:33:33', 'MM/DD/YYYY HH24:MI:SS'), 'testjjjlllss', '1', '357', 'asdfas');
Insert into SQMS_PRIVATE_0927.EMERGENCYEVENT
   (EVENTID, EVENTCODE, SCHEMAID, EVENTNAME, ISVOID, 
    CREATED, CREATEDBY, MODIFIED, MODIFIEDBY, ORGANIZATIONID, 
    CHECKTIME, CHECKUNIT, PRIVILIGE, EMERGENCYCHARGEPERSON, MEMO)
 Values
   ('A00001', 'EM000001', '1', '五桂收费站附近撒漏现象', 'N', 
    TO_DATE('09/22/2009 00:00:00', 'MM/DD/YYYY HH24:MI:SS'), NULL, TO_DATE('10/07/2009 00:00:00', 'MM/DD/YYYY HH24:MI:SS'), 't2', 't1', 
    TO_DATE('09/22/2009 00:00:00', 'MM/DD/YYYY HH24:MI:SS'), '江北五里店环卫所1', '2', '1', NULL);
COMMIT;

SET DEFINE OFF;
Insert into SQMS_PRIVATE_0927.EQUIPMENT
   (EQUID, EQUCODE, EQUNAME, IDENTIFY, MEMO, 
    CREATED, CREATEDBY, MODIFIED, MODIFIEDBY, ISVOID, 
    ORGANIZATIONID, SUITEID)
 Values
   ('t2', 'EQ0002', '设备2', '13252145785', NULL, 
    TO_DATE('08/14/2009 00:00:00', 'MM/DD/YYYY HH24:MI:SS'), 'admin', TO_DATE('09/24/2009 00:00:00', 'MM/DD/YYYY HH24:MI:SS'), 't2', 'N', 
    't1', NULL);
Insert into SQMS_PRIVATE_0927.EQUIPMENT
   (EQUID, EQUCODE, EQUNAME, IDENTIFY, MEMO, 
    CREATED, CREATEDBY, MODIFIED, MODIFIEDBY, ISVOID, 
    ORGANIZATIONID, SUITEID)
 Values
   ('t3', 'EQ0003', '设备3', '15425123658', NULL, 
    TO_DATE('08/14/2009 00:00:00', 'MM/DD/YYYY HH24:MI:SS'), 'admin', TO_DATE('08/12/2009 00:00:00', 'MM/DD/YYYY HH24:MI:SS'), 't1', 'N', 
    't1', NULL);
Insert into SQMS_PRIVATE_0927.EQUIPMENT
   (EQUID, EQUCODE, EQUNAME, IDENTIFY, MEMO, 
    CREATED, CREATEDBY, MODIFIED, MODIFIEDBY, ISVOID, 
    ORGANIZATIONID, SUITEID)
 Values
   ('t4', 'EQ0004', '设备4', '15425123652', NULL, 
    TO_DATE('08/14/2009 00:00:00', 'MM/DD/YYYY HH24:MI:SS'), 'admin', TO_DATE('08/25/2009 00:00:00', 'MM/DD/YYYY HH24:MI:SS'), 't2', 'N', 
    't1', NULL);
Insert into SQMS_PRIVATE_0927.EQUIPMENT
   (EQUID, EQUCODE, EQUNAME, IDENTIFY, MEMO, 
    CREATED, CREATEDBY, MODIFIED, MODIFIEDBY, ISVOID, 
    ORGANIZATIONID, SUITEID)
 Values
   ('t5', 'EQ0005', '设备5', '15421547896', NULL, 
    TO_DATE('08/14/2009 00:00:00', 'MM/DD/YYYY HH24:MI:SS'), 'admin', TO_DATE('08/14/2009 00:00:00', 'MM/DD/YYYY HH24:MI:SS'), 'admin', 'N', 
    't1', NULL);
Insert into SQMS_PRIVATE_0927.EQUIPMENT
   (EQUID, EQUCODE, EQUNAME, IDENTIFY, MEMO, 
    CREATED, CREATEDBY, MODIFIED, MODIFIEDBY, ISVOID, 
    ORGANIZATIONID, SUITEID)
 Values
   ('t6', 'EQ0006', '设备6', '13021458789', NULL, 
    TO_DATE('08/14/2009 00:00:00', 'MM/DD/YYYY HH24:MI:SS'), 'admin', TO_DATE('08/14/2009 00:00:00', 'MM/DD/YYYY HH24:MI:SS'), 'admin', 'N', 
    't1', NULL);
Insert into SQMS_PRIVATE_0927.EQUIPMENT
   (EQUID, EQUCODE, EQUNAME, IDENTIFY, MEMO, 
    CREATED, CREATEDBY, MODIFIED, MODIFIEDBY, ISVOID, 
    ORGANIZATIONID, SUITEID)
 Values
   ('t7', 'EQ0007', '设备7', '13458452369', NULL, 
    TO_DATE('08/14/2009 00:00:00', 'MM/DD/YYYY HH24:MI:SS'), 'admin', TO_DATE('08/14/2009 00:00:00', 'MM/DD/YYYY HH24:MI:SS'), 'admin', 'N', 
    't1', NULL);
Insert into SQMS_PRIVATE_0927.EQUIPMENT
   (EQUID, EQUCODE, EQUNAME, IDENTIFY, MEMO, 
    CREATED, CREATEDBY, MODIFIED, MODIFIEDBY, ISVOID, 
    ORGANIZATIONID, SUITEID)
 Values
   ('t8', 'EQ0008', '设备8', '14574589652', NULL, 
    TO_DATE('08/14/2009 00:00:00', 'MM/DD/YYYY HH24:MI:SS'), 'admin', TO_DATE('08/14/2009 00:00:00', 'MM/DD/YYYY HH24:MI:SS'), 'admin', 'N', 
    't1', NULL);
Insert into SQMS_PRIVATE_0927.EQUIPMENT
   (EQUID, EQUCODE, EQUNAME, IDENTIFY, MEMO, 
    CREATED, CREATEDBY, MODIFIED, MODIFIEDBY, ISVOID, 
    ORGANIZATIONID, SUITEID)
 Values
   ('t9', 'EQ0009', '设备9', '16547845265', NULL, 
    TO_DATE('08/14/2009 00:00:00', 'MM/DD/YYYY HH24:MI:SS'), 'admin', TO_DATE('08/14/2009 00:00:00', 'MM/DD/YYYY HH24:MI:SS'), 'admin', 'N', 
    't1', NULL);
COMMIT;

SET DEFINE OFF;
Insert into SQMS_PRIVATE_0927.PROJECT
   (PROJECTID, EMPID, PROJECTCODE, PROJECTNAME, TOTALWORKTIME, 
    TOTALSCALE, ASSISTAMOUNT, LEADERAMOUNT, VISELEADERAMOUNT, TOTALWORKERAMOUNT, 
    MEMO, CREATED, CREATEDBY, MODIFIED, MODIFIEDBY, 
    ORGANIZATIONID, SUITEID, ISVOID)
 Values
   ('4', '361', 'GC00001', '港城', 735, 
    266119.6, 1, 2, 0, 26, 
    '港城A区：双向6车道，周边工地多
港城D区：在建设过程中', TO_DATE('09/15/2009 20:52:10', 'MM/DD/YYYY HH24:MI:SS'), '357', TO_DATE('09/15/2009 20:52:10', 'MM/DD/YYYY HH24:MI:SS'), '357', 
    't1', NULL, 'N');
Insert into SQMS_PRIVATE_0927.PROJECT
   (PROJECTID, EMPID, PROJECTCODE, PROJECTNAME, TOTALWORKTIME, 
    TOTALSCALE, ASSISTAMOUNT, LEADERAMOUNT, VISELEADERAMOUNT, TOTALWORKERAMOUNT, 
    MEMO, CREATED, CREATEDBY, MODIFIED, MODIFIEDBY, 
    ORGANIZATIONID, SUITEID, ISVOID)
 Values
   ('6', '361', 'GC00002', '海关塔坪', 24.5, 
    82180, 0, 1, 0, 27, 
    '门市多，人流大，摊点多，垃圾多', TO_DATE('09/15/2009 21:01:01', 'MM/DD/YYYY HH24:MI:SS'), '357', TO_DATE('09/15/2009 21:01:01', 'MM/DD/YYYY HH24:MI:SS'), '357', 
    't1', NULL, 'N');
Insert into SQMS_PRIVATE_0927.PROJECT
   (PROJECTID, EMPID, PROJECTCODE, PROJECTNAME, TOTALWORKTIME, 
    TOTALSCALE, ASSISTAMOUNT, LEADERAMOUNT, VISELEADERAMOUNT, TOTALWORKERAMOUNT, 
    MEMO, CREATED, CREATEDBY, MODIFIED, MODIFIEDBY, 
    ORGANIZATIONID, SUITEID, ISVOID)
 Values
   ('A00001', '1', 'A00001', '海尔路', NULL, 
    206191.29, NULL, NULL, NULL, NULL, 
    NULL, TO_DATE('09/06/2009 00:00:00', 'MM/DD/YYYY HH24:MI:SS'), 'admin', TO_DATE('09/06/2009 00:00:00', 'MM/DD/YYYY HH24:MI:SS'), 'admin', 
    't1', NULL, 'N');
COMMIT;

SET DEFINE OFF;
Insert into SQMS_PRIVATE_0927.ORGANIZATION
   (ORGID, COUNTRY, CITY, PARENTORG, PROVINCE, 
    ORGCODE, ORGNAME, ORGTYPE, ORGALIAS, ORGSTATUS, 
    ORGADDRESS, ZIPCODE, CONTACT, CONTACTTEL, EMAIL, 
    MEMO, CREATED, CREATEDBY, MODIFIEDBY, SUITEID, 
    DATABASEID, MODIFIED, ORGANIZATIONID, ISVOID)
 Values
   ('t1', NULL, NULL, NULL, NULL, 
    'MAINTEST_ORG', '专用测试机构', 'organization', '测试机构', '正常', 
    '重庆市沙坪坝区', '400044', '测试员', '13542154879', 'yinpsoft@gmail.com', 
    NULL, TO_DATE('08/14/2009 00:00:00', 'MM/DD/YYYY HH24:MI:SS'), 'admin', 'admin', NULL, 
    NULL, TO_DATE('08/14/2009 00:00:00', 'MM/DD/YYYY HH24:MI:SS'), NULL, 'N');
Insert into SQMS_PRIVATE_0927.ORGANIZATION
   (ORGID, COUNTRY, CITY, PARENTORG, PROVINCE, 
    ORGCODE, ORGNAME, ORGTYPE, ORGALIAS, ORGSTATUS, 
    ORGADDRESS, ZIPCODE, CONTACT, CONTACTTEL, EMAIL, 
    MEMO, CREATED, CREATEDBY, MODIFIEDBY, SUITEID, 
    DATABASEID, MODIFIED, ORGANIZATIONID, ISVOID)
 Values
   ('t2', NULL, NULL, 't1', NULL, 
    'MAINTEST_DEPT', '专用测试部门', 'department', '测试部门', '正常', 
    '重庆市沙坪坝区', '400044', '测试员', '13542154879', 'fishtrees@gmail.com', 
    NULL, TO_DATE('08/14/2009 00:00:00', 'MM/DD/YYYY HH24:MI:SS'), 'admin', 'admin', NULL, 
    NULL, TO_DATE('08/14/2009 00:00:00', 'MM/DD/YYYY HH24:MI:SS'), 't1', 'N');
Insert into SQMS_PRIVATE_0927.ORGANIZATION
   (ORGID, COUNTRY, CITY, PARENTORG, PROVINCE, 
    ORGCODE, ORGNAME, ORGTYPE, ORGALIAS, ORGSTATUS, 
    ORGADDRESS, ZIPCODE, CONTACT, CONTACTTEL, EMAIL, 
    MEMO, CREATED, CREATEDBY, MODIFIEDBY, SUITEID, 
    DATABASEID, MODIFIED, ORGANIZATIONID, ISVOID)
 Values
   ('t3', NULL, NULL, 't1', NULL, 
    'MAINTEST_SUBORG', '测试分支机构', 'organization', '测试机构', '正常', 
    '重庆市杨家坪', '400043', '测试员', '132456789', 'yul@126.com', 
    NULL, TO_DATE('08/15/2009 00:00:00', 'MM/DD/YYYY HH24:MI:SS'), 'admin', 'admin', NULL, 
    NULL, TO_DATE('08/15/2009 00:00:00', 'MM/DD/YYYY HH24:MI:SS'), 't1', 'N');
Insert into SQMS_PRIVATE_0927.ORGANIZATION
   (ORGID, COUNTRY, CITY, PARENTORG, PROVINCE, 
    ORGCODE, ORGNAME, ORGTYPE, ORGALIAS, ORGSTATUS, 
    ORGADDRESS, ZIPCODE, CONTACT, CONTACTTEL, EMAIL, 
    MEMO, CREATED, CREATEDBY, MODIFIEDBY, SUITEID, 
    DATABASEID, MODIFIED, ORGANIZATIONID, ISVOID)
 Values
   ('t4', NULL, NULL, 't2', NULL, 
    'MAINTEST_SUBDEPT', '测试分支部门', 'department', '测试部门', '正常', 
    '重庆市九龙坡', '400021', '测试员', '423423423432', 'yin.p.soft@gmail.com', 
    NULL, TO_DATE('08/15/2009 00:00:00', 'MM/DD/YYYY HH24:MI:SS'), 'admin', 'admin', NULL, 
    NULL, TO_DATE('08/15/2009 00:00:00', 'MM/DD/YYYY HH24:MI:SS'), 't1', 'N');
COMMIT;

SET DEFINE OFF;
Insert into SQMS_PRIVATE_0927.LOG
   (LOGID, LOGCODE, LOGTYPE, LOGLEVEL, LOGSOURCE, 
    CONTENT, RECORDTIME, ISVOID, CREATED, CREATEDBY, 
    MODIFIED, MODIFIEDBY, ORGANIZATIONID, SUITEID)
 Values
   ('1', 'LO-633900437698281250', '89f0c21d-0326-4984-a', 'be7836a7-3c0e-45c3-a', '52df1e96-b57f-4198-8dfa-2f82947c7d15', 
    NULL, TO_DATE('10/02/2009 01:29:29', 'MM/DD/YYYY HH24:MI:SS'), NULL, TO_DATE('10/02/2009 00:00:00', 'MM/DD/YYYY HH24:MI:SS'), 't2', 
    TO_DATE('10/02/2009 01:36:00', 'MM/DD/YYYY HH24:MI:SS'), 't2', 't1', NULL);
COMMIT;

SET DEFINE OFF;
Insert into SQMS_PRIVATE_0927.EMPLOYEE
   (EMPID, DEPTID, EQUID, SEX, EMPNAME, 
    EMPCODE, EMPSTATUS, MOBILE, ISVOID, JOBTITLE, 
    CONTACTTEL, BIRTHDAY, DEGREE, MEMO, CREATED, 
    CREATEDBY, MODIFIEDBY, MODIFIED, ORGANIZATIONID, SUITEID, 
    ISEQUACTIVATE)
 Values
   ('361', 't4', 't2', 'female', '杨义芳', 
    'EM-633886439328437500', 'incumbency', '13254124589', 'N', NULL, 
    '65112415', NULL, 'highschool', NULL, TO_DATE('09/15/2009 00:00:00', 'MM/DD/YYYY HH24:MI:SS'), 
    't2', 't2', TO_DATE('09/15/2009 20:40:01', 'MM/DD/YYYY HH24:MI:SS'), 't1', NULL, 
    'Y');
Insert into SQMS_PRIVATE_0927.EMPLOYEE
   (EMPID, DEPTID, EQUID, SEX, EMPNAME, 
    EMPCODE, EMPSTATUS, MOBILE, ISVOID, JOBTITLE, 
    CONTACTTEL, BIRTHDAY, DEGREE, MEMO, CREATED, 
    CREATEDBY, MODIFIEDBY, MODIFIED, ORGANIZATIONID, SUITEID, 
    ISEQUACTIVATE)
 Values
   ('400', 't2', 't5', 'male', 'demo2', 
    'EM-633865768122968750', 'incumbency', '2342342', 'N', NULL, 
    '45345', NULL, 'midschool', NULL, TO_DATE('08/22/2009 00:00:00', 'MM/DD/YYYY HH24:MI:SS'), 
    't2', 't2', TO_DATE('08/22/2009 22:27:38', 'MM/DD/YYYY HH24:MI:SS'), 't1', NULL, 
    'N');
Insert into SQMS_PRIVATE_0927.EMPLOYEE
   (EMPID, DEPTID, EQUID, SEX, EMPNAME, 
    EMPCODE, EMPSTATUS, MOBILE, ISVOID, JOBTITLE, 
    CONTACTTEL, BIRTHDAY, DEGREE, MEMO, CREATED, 
    CREATEDBY, MODIFIEDBY, MODIFIED, ORGANIZATIONID, SUITEID, 
    ISEQUACTIVATE)
 Values
   ('357', 't2', 't2', 'male', '超级用户', 
    'EM-633858074279843751', 'incumbency', '234324', 'N', 'admin', 
    '23432', TO_DATE('08/21/2009 00:00:00', 'MM/DD/YYYY HH24:MI:SS'), 'midschool', NULL, TO_DATE('08/30/2009 00:00:00', 'MM/DD/YYYY HH24:MI:SS'), 
    'admin', 't2', TO_DATE('08/30/2009 20:17:14', 'MM/DD/YYYY HH24:MI:SS'), 't1', NULL, 
    'N');
Insert into SQMS_PRIVATE_0927.EMPLOYEE
   (EMPID, DEPTID, EQUID, SEX, EMPNAME, 
    EMPCODE, EMPSTATUS, MOBILE, ISVOID, JOBTITLE, 
    CONTACTTEL, BIRTHDAY, DEGREE, MEMO, CREATED, 
    CREATEDBY, MODIFIEDBY, MODIFIED, ORGANIZATIONID, SUITEID, 
    ISEQUACTIVATE)
 Values
   ('58', 't2', 't3', 'male', 'admin', 
    'EM-633853491247656250', 'incumbency', '34234243', 'N', 'asdf', 
    '23432', NULL, 'midschool', NULL, TO_DATE('08/13/2009 00:00:00', 'MM/DD/YYYY HH24:MI:SS'), 
    NULL, 't1', TO_DATE('08/13/2009 23:53:12', 'MM/DD/YYYY HH24:MI:SS'), 't1', NULL, 
    'Y');
Insert into SQMS_PRIVATE_0927.EMPLOYEE
   (EMPID, DEPTID, EQUID, SEX, EMPNAME, 
    EMPCODE, EMPSTATUS, MOBILE, ISVOID, JOBTITLE, 
    CONTACTTEL, BIRTHDAY, DEGREE, MEMO, CREATED, 
    CREATEDBY, MODIFIEDBY, MODIFIED, ORGANIZATIONID, SUITEID, 
    ISEQUACTIVATE)
 Values
   ('59', 't2', 't4', 'male', 'admin', 
    'EM-633853491247656250', 'asdf', '34234243', 'N', 'asdf', 
    '23432', NULL, 'midschool', NULL, TO_DATE('08/08/2009 00:00:00', 'MM/DD/YYYY HH24:MI:SS'), 
    NULL, NULL, TO_DATE('08/08/2009 00:00:00', 'MM/DD/YYYY HH24:MI:SS'), 't1', NULL, 
    'Y');
Insert into SQMS_PRIVATE_0927.EMPLOYEE
   (EMPID, DEPTID, EQUID, SEX, EMPNAME, 
    EMPCODE, EMPSTATUS, MOBILE, ISVOID, JOBTITLE, 
    CONTACTTEL, BIRTHDAY, DEGREE, MEMO, CREATED, 
    CREATEDBY, MODIFIEDBY, MODIFIED, ORGANIZATIONID, SUITEID, 
    ISEQUACTIVATE)
 Values
   ('117', 't2', 't7', 'male', '蒲胤', 
    'EM-633853725689375000', 'incumbency', '435324523', 'N', 'ad', 
    '234324', NULL, 'midschool', NULL, TO_DATE('08/11/2009 00:00:00', 'MM/DD/YYYY HH24:MI:SS'), 
    'devuser', 'devuser', TO_DATE('08/11/2009 00:00:00', 'MM/DD/YYYY HH24:MI:SS'), 't1', NULL, 
    'Y');
Insert into SQMS_PRIVATE_0927.EMPLOYEE
   (EMPID, DEPTID, EQUID, SEX, EMPNAME, 
    EMPCODE, EMPSTATUS, MOBILE, ISVOID, JOBTITLE, 
    CONTACTTEL, BIRTHDAY, DEGREE, MEMO, CREATED, 
    CREATEDBY, MODIFIEDBY, MODIFIED, ORGANIZATIONID, SUITEID, 
    ISEQUACTIVATE)
 Values
   ('144', 't2', 't2', 'male', '测试参照', 
    'EM-633854550213281250', 'incumbency', '32424', 'N', NULL, 
    '24324223', NULL, 'midschool', NULL, TO_DATE('08/14/2009 00:00:00', 'MM/DD/YYYY HH24:MI:SS'), 
    'devuser', 't1', TO_DATE('08/14/2009 22:55:03', 'MM/DD/YYYY HH24:MI:SS'), 't1', NULL, 
    'N');
Insert into SQMS_PRIVATE_0927.EMPLOYEE
   (EMPID, DEPTID, EQUID, SEX, EMPNAME, 
    EMPCODE, EMPSTATUS, MOBILE, ISVOID, JOBTITLE, 
    CONTACTTEL, BIRTHDAY, DEGREE, MEMO, CREATED, 
    CREATEDBY, MODIFIEDBY, MODIFIED, ORGANIZATIONID, SUITEID, 
    ISEQUACTIVATE)
 Values
   ('65', 't2', 't9', 'male', 'admin', 
    'EM-633853498841562500', 'asdf', '324324', 'N', 'sdfs', 
    '23432', NULL, 'midschool', NULL, TO_DATE('08/08/2009 00:00:00', 'MM/DD/YYYY HH24:MI:SS'), 
    NULL, NULL, TO_DATE('08/08/2009 00:00:00', 'MM/DD/YYYY HH24:MI:SS'), 't1', NULL, 
    'Y');
Insert into SQMS_PRIVATE_0927.EMPLOYEE
   (EMPID, DEPTID, EQUID, SEX, EMPNAME, 
    EMPCODE, EMPSTATUS, MOBILE, ISVOID, JOBTITLE, 
    CONTACTTEL, BIRTHDAY, DEGREE, MEMO, CREATED, 
    CREATEDBY, MODIFIEDBY, MODIFIED, ORGANIZATIONID, SUITEID, 
    ISEQUACTIVATE)
 Values
   ('1', 't2', 't8', 'male', 'test1_modified', 
    'code0001', 'incumbency', NULL, 'N', NULL, 
    NULL, TO_DATE('08/11/2009 00:00:00', 'MM/DD/YYYY HH24:MI:SS'), 'midschool', NULL, TO_DATE('08/11/2009 00:00:00', 'MM/DD/YYYY HH24:MI:SS'), 
    'devuser', 'devuser', TO_DATE('08/11/2009 00:00:00', 'MM/DD/YYYY HH24:MI:SS'), 't1', NULL, 
    'Y');
Insert into SQMS_PRIVATE_0927.EMPLOYEE
   (EMPID, DEPTID, EQUID, SEX, EMPNAME, 
    EMPCODE, EMPSTATUS, MOBILE, ISVOID, JOBTITLE, 
    CONTACTTEL, BIRTHDAY, DEGREE, MEMO, CREATED, 
    CREATEDBY, MODIFIEDBY, MODIFIED, ORGANIZATIONID, SUITEID, 
    ISEQUACTIVATE)
 Values
   ('356', 't2', 't6', 'male', 'testemployee', 
    'EM-633858074279843750', 'incumbency', '4352342342', 'N', NULL, 
    '435324', NULL, 'midschool', NULL, TO_DATE('08/14/2009 00:00:00', 'MM/DD/YYYY HH24:MI:SS'), 
    't1', 't1', TO_DATE('08/14/2009 00:45:12', 'MM/DD/YYYY HH24:MI:SS'), 't1', NULL, 
    'Y');
Insert into SQMS_PRIVATE_0927.EMPLOYEE
   (EMPID, DEPTID, EQUID, SEX, EMPNAME, 
    EMPCODE, EMPSTATUS, MOBILE, ISVOID, JOBTITLE, 
    CONTACTTEL, BIRTHDAY, DEGREE, MEMO, CREATED, 
    CREATEDBY, MODIFIEDBY, MODIFIED, ORGANIZATIONID, SUITEID, 
    ISEQUACTIVATE)
 Values
   ('359', 't2', 't5', 'male', 'zy2', 
    'EM-633908957133750000', 'incumbency', '435345435', 'N', NULL, 
    '4324324', NULL, 'midschool', NULL, TO_DATE('10/11/2009 00:00:00', 'MM/DD/YYYY HH24:MI:SS'), 
    't2', 't2', TO_DATE('10/11/2009 22:09:07', 'MM/DD/YYYY HH24:MI:SS'), 't1', NULL, 
    'N');
Insert into SQMS_PRIVATE_0927.EMPLOYEE
   (EMPID, DEPTID, EQUID, SEX, EMPNAME, 
    EMPCODE, EMPSTATUS, MOBILE, ISVOID, JOBTITLE, 
    CONTACTTEL, BIRTHDAY, DEGREE, MEMO, CREATED, 
    CREATEDBY, MODIFIEDBY, MODIFIED, ORGANIZATIONID, SUITEID, 
    ISEQUACTIVATE)
 Values
   ('360', 't2', 't5', 'male', 'zy2', 
    'EM-633908957133750000', 'incumbency', '435345435', 'N', NULL, 
    '4324324', NULL, 'midschool', NULL, TO_DATE('10/11/2009 00:00:00', 'MM/DD/YYYY HH24:MI:SS'), 
    't2', 't2', TO_DATE('10/11/2009 22:18:37', 'MM/DD/YYYY HH24:MI:SS'), 't1', NULL, 
    'Y');
COMMIT;

SET DEFINE OFF;
Insert into SQMS_PRIVATE_0927.MONITORPOINTINVIDEO
   (VIDEOID, MPID)
 Values
   ('A00002', 'A00007');
Insert into SQMS_PRIVATE_0927.MONITORPOINTINVIDEO
   (VIDEOID, MPID)
 Values
   ('A00003', 'A00007');
COMMIT;

SET DEFINE OFF;
Insert into SQMS_PRIVATE_0927.GEO
   (GEOID, PARENTGEO, GEOCODE, GEONAME, MEMO, 
    CREATED, CREATEDBY, MODIFIED, MODIFIEDBY, ISVOID)
 Values
   ('T1', NULL, '111', 'NONAME', NULL, 
    NULL, NULL, NULL, NULL, 'N');
Insert into SQMS_PRIVATE_0927.GEO
   (GEOID, PARENTGEO, GEOCODE, GEONAME, MEMO, 
    CREATED, CREATEDBY, MODIFIED, MODIFIEDBY, ISVOID)
 Values
   ('T2', NULL, '222', 'NONAME', NULL, 
    NULL, NULL, NULL, NULL, 'N');
Insert into SQMS_PRIVATE_0927.GEO
   (GEOID, PARENTGEO, GEOCODE, GEONAME, MEMO, 
    CREATED, CREATEDBY, MODIFIED, MODIFIEDBY, ISVOID)
 Values
   ('t3', NULL, 'code01', 'NONAME', NULL, 
    NULL, NULL, NULL, NULL, NULL);
COMMIT;

SET DEFINE OFF;
Insert into SQMS_PRIVATE_0927.ROAD
   (ROADID, PROJECTID, ROADCODE, ROADNAME, ROADTYPE, 
    BEGINTIME, ENDTIME, WORKTIME, WORKERAMOUNT, MEMO, 
    AVGWORKERAMOUNT, CREATED, CREATEDBY, MODIFIED, MODIFIEDBY, 
    ISVOID, ORGANIZATIONID, SUITEID, SCALE)
 Values
   ('5', '4', 'RO00001', '港城A区', '_road_type_industry', 
    TO_DATE('01/01/0001 00:00:00', 'MM/DD/YYYY HH24:MI:SS'), TO_DATE('01/01/0001 00:00:00', 'MM/DD/YYYY HH24:MI:SS'), 0, 27, '双向6车道，周边工地多', 
    10474.527, TO_DATE('09/15/2009 21:18:32', 'MM/DD/YYYY HH24:MI:SS'), '357', TO_DATE('09/15/2009 21:18:38', 'MM/DD/YYYY HH24:MI:SS'), '357', 
    'N', 't1', NULL, NULL);
Insert into SQMS_PRIVATE_0927.ROAD
   (ROADID, PROJECTID, ROADCODE, ROADNAME, ROADTYPE, 
    BEGINTIME, ENDTIME, WORKTIME, WORKERAMOUNT, MEMO, 
    AVGWORKERAMOUNT, CREATED, CREATEDBY, MODIFIED, MODIFIEDBY, 
    ISVOID, ORGANIZATIONID, SUITEID, SCALE)
 Values
   ('8', '4', 'RO00002', '港城D区', '_road_type_mun_main_road', 
    TO_DATE('01/01/0001 00:00:00', 'MM/DD/YYYY HH24:MI:SS'), TO_DATE('01/01/0001 00:00:00', 'MM/DD/YYYY HH24:MI:SS'), 0, 5, NULL, 
    17840, TO_DATE('09/15/2009 21:22:45', 'MM/DD/YYYY HH24:MI:SS'), '357', TO_DATE('09/15/2009 21:22:45', 'MM/DD/YYYY HH24:MI:SS'), '357', 
    'N', 't1', NULL, NULL);
Insert into SQMS_PRIVATE_0927.ROAD
   (ROADID, PROJECTID, ROADCODE, ROADNAME, ROADTYPE, 
    BEGINTIME, ENDTIME, WORKTIME, WORKERAMOUNT, MEMO, 
    AVGWORKERAMOUNT, CREATED, CREATEDBY, MODIFIED, MODIFIEDBY, 
    ISVOID, ORGANIZATIONID, SUITEID, SCALE)
 Values
   ('A00001', 'A00001', 'A00001', '海尔路干道', '_city_main_road', 
    NULL, NULL, NULL, NULL, NULL, 
    NULL, TO_DATE('09/13/2009 00:00:00', 'MM/DD/YYYY HH24:MI:SS'), NULL, TO_DATE('09/13/2009 00:00:00', 'MM/DD/YYYY HH24:MI:SS'), NULL, 
    'N', 't1', NULL, NULL);
Insert into SQMS_PRIVATE_0927.ROAD
   (ROADID, PROJECTID, ROADCODE, ROADNAME, ROADTYPE, 
    BEGINTIME, ENDTIME, WORKTIME, WORKERAMOUNT, MEMO, 
    AVGWORKERAMOUNT, CREATED, CREATEDBY, MODIFIED, MODIFIEDBY, 
    ISVOID, ORGANIZATIONID, SUITEID, SCALE)
 Values
   ('A00002', 'A00001', 'A00002', '金渝路', '_city_road', 
    NULL, NULL, NULL, NULL, NULL, 
    NULL, TO_DATE('09/13/2009 00:00:00', 'MM/DD/YYYY HH24:MI:SS'), NULL, TO_DATE('09/13/2009 00:00:00', 'MM/DD/YYYY HH24:MI:SS'), NULL, 
    'N', 't1', NULL, NULL);
Insert into SQMS_PRIVATE_0927.ROAD
   (ROADID, PROJECTID, ROADCODE, ROADNAME, ROADTYPE, 
    BEGINTIME, ENDTIME, WORKTIME, WORKERAMOUNT, MEMO, 
    AVGWORKERAMOUNT, CREATED, CREATEDBY, MODIFIED, MODIFIEDBY, 
    ISVOID, ORGANIZATIONID, SUITEID, SCALE)
 Values
   ('A00003', 'A00001', 'A00003', '行政中心周边', '_city_road', 
    NULL, NULL, NULL, NULL, NULL, 
    NULL, TO_DATE('09/13/2009 00:00:00', 'MM/DD/YYYY HH24:MI:SS'), NULL, TO_DATE('09/13/2009 00:00:00', 'MM/DD/YYYY HH24:MI:SS'), NULL, 
    'N', 't1', NULL, NULL);
COMMIT;

SET DEFINE OFF;
Insert into SQMS_PRIVATE_0927.MPASSIGNMENT
   (MPID, ROADID, SCHEMAID, MPCODE, MPNAME, 
    LONGITUDE, LATITUDE, MEMO, CREATED, CREATEDBY, 
    MODIFIED, MODIFIEDBY, ORGANIZATIONID, SUITEID, ISVOID, 
    MPLEVEL, FLOATDIST, IMPORTANCE, EVENTID, LATESTQCLEVEL, 
    ISSTART, ISEND, ORDERINROAD, MPTYPE)
 Values
   ('A00007', NULL, NULL, 'A00007', '海尔路应急监控点1', 
    106.5753865242, 29.6087318818572, NULL, TO_DATE('09/21/2009 23:25:01', 'MM/DD/YYYY HH24:MI:SS'), NULL, 
    TO_DATE('09/21/2009 23:25:01', 'MM/DD/YYYY HH24:MI:SS'), NULL, 't1', NULL, 'N', 
    14, NULL, '0', 'A00001', -1, 
    'Y', 'N', 0, NULL);
Insert into SQMS_PRIVATE_0927.MPASSIGNMENT
   (MPID, ROADID, SCHEMAID, MPCODE, MPNAME, 
    LONGITUDE, LATITUDE, MEMO, CREATED, CREATEDBY, 
    MODIFIED, MODIFIEDBY, ORGANIZATIONID, SUITEID, ISVOID, 
    MPLEVEL, FLOATDIST, IMPORTANCE, EVENTID, LATESTQCLEVEL, 
    ISSTART, ISEND, ORDERINROAD, MPTYPE)
 Values
   ('17', 'A00002', '1', 'MP-633895193449218750', 'trtrt', 
    106, 29, 'dfdsf', TO_DATE('09/25/2009 00:00:00', 'MM/DD/YYYY HH24:MI:SS'), 't2', 
    TO_DATE('09/25/2009 00:00:00', 'MM/DD/YYYY HH24:MI:SS'), 't2', 't1', NULL, 'N', 
    3, 3, '2', NULL, 0, 
    '1', '0', 0, 'trashentrance');
COMMIT;

SET DEFINE OFF;
Insert into SQMS_PRIVATE_0927.MENU
   (MENUID, TITLE, URL, RESOURCEKEY, MEMO, 
    PARENTMENU, ITEMORDER, TYPE)
 Values
   ('_trashentrancelist', '渣口监控管理', '/Views/Quality/TrashEntranceList.aspx?p=trashentrancelist', 'trashentrancelist', NULL, 
    '_qm', '18', '_func');
Insert into SQMS_PRIVATE_0927.MENU
   (MENUID, TITLE, URL, RESOURCEKEY, MEMO, 
    PARENTMENU, ITEMORDER, TYPE)
 Values
   ('_accidentlist', '事故现场监控管理', '/Views/Quality/AccidentList.aspx?p=accidentlist', 'accidentlist', NULL, 
    '_qm', '19', '_func');
Insert into SQMS_PRIVATE_0927.MENU
   (MENUID, TITLE, URL, RESOURCEKEY, MEMO, 
    PARENTMENU, ITEMORDER, TYPE)
 Values
   ('_emergencylist', '应急事件管理', '/Views/Quality/EmergencyEventList.aspx?p=emergencylist', 'emergencylist', NULL, 
    '_emergency', '17', '_func');
Insert into SQMS_PRIVATE_0927.MENU
   (MENUID, TITLE, URL, RESOURCEKEY, MEMO, 
    PARENTMENU, ITEMORDER, TYPE)
 Values
   ('_emergencymonitor', '应急事件监控', '/Views/Quality/EmergencyMonitor.aspx?p=EmergencyMonitor', 'EmergencyMonitor', NULL, 
    '_emergency', '26', '_func');
Insert into SQMS_PRIVATE_0927.MENU
   (MENUID, TITLE, URL, RESOURCEKEY, MEMO, 
    PARENTMENU, ITEMORDER, TYPE)
 Values
   ('_projectlist', '项目管理', '/Views/Project/ProjectList.aspx?p=projectlist', 'projectlist', NULL, 
    '_basedata', '14', '_func');
Insert into SQMS_PRIVATE_0927.MENU
   (MENUID, TITLE, URL, RESOURCEKEY, MEMO, 
    PARENTMENU, ITEMORDER, TYPE)
 Values
   ('_exit', '退出', '/Views/Security/Login.aspx?status=q', '__pub__', NULL, 
    '_app', '5', '_pub');
Insert into SQMS_PRIVATE_0927.MENU
   (MENUID, TITLE, URL, RESOURCEKEY, MEMO, 
    PARENTMENU, ITEMORDER, TYPE)
 Values
   ('_app', '应用程序根', NULL, '_app', NULL, 
    '_root', '0', '_pub');
Insert into SQMS_PRIVATE_0927.MENU
   (MENUID, TITLE, URL, RESOURCEKEY, MEMO, 
    PARENTMENU, ITEMORDER, TYPE)
 Values
   ('_qm', '质量监控管理', NULL, 'qualitymonitor', NULL, 
    '_app', '1', '_func');
Insert into SQMS_PRIVATE_0927.MENU
   (MENUID, TITLE, URL, RESOURCEKEY, MEMO, 
    PARENTMENU, ITEMORDER, TYPE)
 Values
   ('_companyqualitymonitor', '环卫公司质量监控', '/Views/Quality/CompanyQualityMonitor.aspx?p=QualityCompanyQualityMonitor', 'QualityCompanyQualityMonitor', NULL, 
    '_qm', '10', '_func');
Insert into SQMS_PRIVATE_0927.MENU
   (MENUID, TITLE, URL, RESOURCEKEY, MEMO, 
    PARENTMENU, ITEMORDER, TYPE)
 Values
   ('_mam', '市政管理质量监控', '/Views/Quality/MunicipalAdminMonitor.aspx?p=QualityMunicipalAdminMonitor', 'QualityMunicipalAdminMonitor', NULL, 
    '_qm', '11', '_func');
Insert into SQMS_PRIVATE_0927.MENU
   (MENUID, TITLE, URL, RESOURCEKEY, MEMO, 
    PARENTMENU, ITEMORDER, TYPE)
 Values
   ('_som', '环卫监督质量监控', '/Views/Quality/SanitationOfficeMonitor.aspx?p=QualitySanitationOfficeMonitor', 'QualitySanitationOfficeMonitor', NULL, 
    '_qm', '12', '_func');
Insert into SQMS_PRIVATE_0927.MENU
   (MENUID, TITLE, URL, RESOURCEKEY, MEMO, 
    PARENTMENU, ITEMORDER, TYPE)
 Values
   ('_basedata', '基础数据管理', NULL, 'basedata', NULL, 
    '_app', '4', '_func');
Insert into SQMS_PRIVATE_0927.MENU
   (MENUID, TITLE, URL, RESOURCEKEY, MEMO, 
    PARENTMENU, ITEMORDER, TYPE)
 Values
   ('_dept', '组织机构管理', '/Views/Basedata/OrganizationList.aspx?p=OrganizationList', 'OrganizationList', NULL, 
    '_basedata', '20', '_func');
Insert into SQMS_PRIVATE_0927.MENU
   (MENUID, TITLE, URL, RESOURCEKEY, MEMO, 
    PARENTMENU, ITEMORDER, TYPE)
 Values
   ('_employeelist', '职员管理', '/Views/Basedata/EmployeeList.aspx?p=employeelist', 'employeelist', NULL, 
    '_basedata', '21', '_func');
Insert into SQMS_PRIVATE_0927.MENU
   (MENUID, TITLE, URL, RESOURCEKEY, MEMO, 
    PARENTMENU, ITEMORDER, TYPE)
 Values
   ('_equlist', '设备管理', '/Views/Basedata/EquipmentList.aspx?p=equlist', 'equlist', NULL, 
    '_basedata', '22', '_func');
Insert into SQMS_PRIVATE_0927.MENU
   (MENUID, TITLE, URL, RESOURCEKEY, MEMO, 
    PARENTMENU, ITEMORDER, TYPE)
 Values
   ('_rolelist', '角色管理', '/Views/Basedata/RoleList.aspx?p=rolelist', 'rolelist', NULL, 
    '_basedata', '23', '_func');
Insert into SQMS_PRIVATE_0927.MENU
   (MENUID, TITLE, URL, RESOURCEKEY, MEMO, 
    PARENTMENU, ITEMORDER, TYPE)
 Values
   ('_reslist', '资源管理', '/Views/Basedata/ResourceList.aspx?p=reslist', 'reslist', NULL, 
    '_basedata', '24', '_func');
Insert into SQMS_PRIVATE_0927.MENU
   (MENUID, TITLE, URL, RESOURCEKEY, MEMO, 
    PARENTMENU, ITEMORDER, TYPE)
 Values
   ('_operationlist', '操作管理', '/Views/Basedata/OperationList.aspx?p=operationlist', 'operationlist', NULL, 
    '_basedata', '25', '_func');
Insert into SQMS_PRIVATE_0927.MENU
   (MENUID, TITLE, URL, RESOURCEKEY, MEMO, 
    PARENTMENU, ITEMORDER, TYPE)
 Values
   ('_RoadList', '路段管理', '/Views/Road/RoadList.aspx?p=roadlist', 'roadlist', NULL, 
    '_basedata', '13', '_func');
Insert into SQMS_PRIVATE_0927.MENU
   (MENUID, TITLE, URL, RESOURCEKEY, MEMO, 
    PARENTMENU, ITEMORDER, TYPE)
 Values
   ('_mplist', '监控点管理', '/Views/Quality/MonitorPointList.aspx?p=mplist', 'mplist', NULL, 
    '_qm', '14', '_func');
Insert into SQMS_PRIVATE_0927.MENU
   (MENUID, TITLE, URL, RESOURCEKEY, MEMO, 
    PARENTMENU, ITEMORDER, TYPE)
 Values
   ('_tslist', '监控时间段设置', '/Views/Quality/TimeSchemaList.aspx?p=timeschemalist', 'timeschemalist', NULL, 
    '_qm', '15', '_func');
Insert into SQMS_PRIVATE_0927.MENU
   (MENUID, TITLE, URL, RESOURCEKEY, MEMO, 
    PARENTMENU, ITEMORDER, TYPE)
 Values
   ('_aplist', '质量评估列表', '/Views/Quality/QualityAppraisalList.aspx?p=qalist', 'qalist', NULL, 
    '_qm', '16', '_func');
Insert into SQMS_PRIVATE_0927.MENU
   (MENUID, TITLE, URL, RESOURCEKEY, MEMO, 
    PARENTMENU, ITEMORDER, TYPE)
 Values
   ('_vehiclemonitor', '行车任务监控', '/Views/Vehicle/VehicleMonitor.aspx?p=VehicleMonitor', 'VehicleMonitor', NULL, 
    '_vehicle', '27', '_func');
Insert into SQMS_PRIVATE_0927.MENU
   (MENUID, TITLE, URL, RESOURCEKEY, MEMO, 
    PARENTMENU, ITEMORDER, TYPE)
 Values
   ('_vtlist', '行车管理', '/Views/Vehicle/VehicleTaskList.aspx?p=vtlist', 'vtlist', NULL, 
    '_vehicle', '190', '_func');
Insert into SQMS_PRIVATE_0927.MENU
   (MENUID, TITLE, URL, RESOURCEKEY, MEMO, 
    PARENTMENU, ITEMORDER, TYPE)
 Values
   ('_vehicle', '行车监控管理', NULL, 'vehicle', NULL, 
    '_app', '2', '_pub');
Insert into SQMS_PRIVATE_0927.MENU
   (MENUID, TITLE, URL, RESOURCEKEY, MEMO, 
    PARENTMENU, ITEMORDER, TYPE)
 Values
   ('_emergency', '应急事件', NULL, 'emergency', NULL, 
    '_app', '3', '_app');
COMMIT;

SET DEFINE OFF;
Insert into SQMS_PRIVATE_0927.ENUMERATION
   (ENUMID, ENUMCODE, ENUMNAME, ENUMTYPE, MEMO, 
    CREATED, CREATEDBY, MODIFIED, MODIFIEDBY)
 Values
   ('monitorpoint', 'monitorpoint', '监控点', '_mptype', NULL, 
    TO_DATE('09/24/2009 00:00:00', 'MM/DD/YYYY HH24:MI:SS'), 'admin', TO_DATE('09/24/2009 00:00:00', 'MM/DD/YYYY HH24:MI:SS'), 'admin');
Insert into SQMS_PRIVATE_0927.ENUMERATION
   (ENUMID, ENUMCODE, ENUMNAME, ENUMTYPE, MEMO, 
    CREATED, CREATEDBY, MODIFIED, MODIFIEDBY)
 Values
   ('accident', 'accident', '事故现场', '_mptype', NULL, 
    TO_DATE('09/24/2009 00:00:00', 'MM/DD/YYYY HH24:MI:SS'), 'admin', TO_DATE('09/24/2009 00:00:00', 'MM/DD/YYYY HH24:MI:SS'), 'admin');
Insert into SQMS_PRIVATE_0927.ENUMERATION
   (ENUMID, ENUMCODE, ENUMNAME, ENUMTYPE, MEMO, 
    CREATED, CREATEDBY, MODIFIED, MODIFIEDBY)
 Values
   ('trashentrance', 'trashentrance', '渣口', '_mptype', NULL, 
    TO_DATE('09/24/2009 00:00:00', 'MM/DD/YYYY HH24:MI:SS'), 'admin', TO_DATE('09/24/2009 00:00:00', 'MM/DD/YYYY HH24:MI:SS'), 'admin');
Insert into SQMS_PRIVATE_0927.ENUMERATION
   (ENUMID, ENUMCODE, ENUMNAME, ENUMTYPE, MEMO, 
    CREATED, CREATEDBY, MODIFIED, MODIFIEDBY)
 Values
   ('_road_type_mun_main_road', '_road_type_mun_main_road', '市政主道路', '_road_type', NULL, 
    NULL, NULL, NULL, NULL);
Insert into SQMS_PRIVATE_0927.ENUMERATION
   (ENUMID, ENUMCODE, ENUMNAME, ENUMTYPE, MEMO, 
    CREATED, CREATEDBY, MODIFIED, MODIFIEDBY)
 Values
   ('_road_type_mun_normal_road', '_road_type_mun_normal_road', '市政道路', '_road_type', NULL, 
    NULL, NULL, NULL, NULL);
Insert into SQMS_PRIVATE_0927.ENUMERATION
   (ENUMID, ENUMCODE, ENUMNAME, ENUMTYPE, MEMO, 
    CREATED, CREATEDBY, MODIFIED, MODIFIEDBY)
 Values
   ('_road_type_industry', '_road_typeindustry', '工业园区', '_road_type', NULL, 
    NULL, NULL, NULL, NULL);
Insert into SQMS_PRIVATE_0927.ENUMERATION
   (ENUMID, ENUMCODE, ENUMNAME, ENUMTYPE, MEMO, 
    CREATED, CREATEDBY, MODIFIED, MODIFIEDBY)
 Values
   ('_road_type_comm_road', '_road_type_comm_road', '社区道路', '_road_type', NULL, 
    NULL, NULL, NULL, NULL);
Insert into SQMS_PRIVATE_0927.ENUMERATION
   (ENUMID, ENUMCODE, ENUMNAME, ENUMTYPE, MEMO, 
    CREATED, CREATEDBY, MODIFIED, MODIFIEDBY)
 Values
   ('_road_type_triple_confuse', '_road_type_triple_confuse', '三乱作业', '_road_type', NULL, 
    NULL, NULL, NULL, NULL);
Insert into SQMS_PRIVATE_0927.ENUMERATION
   (ENUMID, ENUMCODE, ENUMNAME, ENUMTYPE, MEMO, 
    CREATED, CREATEDBY, MODIFIED, MODIFIEDBY)
 Values
   ('_road_type_garden_road', '_road_type_garden_road', '园区道路', '_road_type', NULL, 
    NULL, NULL, NULL, NULL);
Insert into SQMS_PRIVATE_0927.ENUMERATION
   (ENUMID, ENUMCODE, ENUMNAME, ENUMTYPE, MEMO, 
    CREATED, CREATEDBY, MODIFIED, MODIFIEDBY)
 Values
   ('_qc_state_valid', '_qc_state_valid', '有效', '_qc_state', NULL, 
    NULL, NULL, NULL, NULL);
Insert into SQMS_PRIVATE_0927.ENUMERATION
   (ENUMID, ENUMCODE, ENUMNAME, ENUMTYPE, MEMO, 
    CREATED, CREATEDBY, MODIFIED, MODIFIEDBY)
 Values
   ('_qc_state_not_valid', '_qc_state_not_valid', '无效', '_qc_state', NULL, 
    NULL, NULL, NULL, NULL);
Insert into SQMS_PRIVATE_0927.ENUMERATION
   (ENUMID, ENUMCODE, ENUMNAME, ENUMTYPE, MEMO, 
    CREATED, CREATEDBY, MODIFIED, MODIFIEDBY)
 Values
   ('_qc_type_normal', '_qc_type_normal', '常态监控', '_qc_type', NULL, 
    NULL, NULL, NULL, NULL);
Insert into SQMS_PRIVATE_0927.ENUMERATION
   (ENUMID, ENUMCODE, ENUMNAME, ENUMTYPE, MEMO, 
    CREATED, CREATEDBY, MODIFIED, MODIFIEDBY)
 Values
   ('_qc_type_dynamic', '_qc_type_dynamic', '巡检', '_qc_type', NULL, 
    NULL, NULL, NULL, NULL);
Insert into SQMS_PRIVATE_0927.ENUMERATION
   (ENUMID, ENUMCODE, ENUMNAME, ENUMTYPE, MEMO, 
    CREATED, CREATEDBY, MODIFIED, MODIFIEDBY)
 Values
   ('incumbency', 'incumbency', '在职', '_empstatus', NULL, 
    TO_DATE('08/09/2009 00:00:00', 'MM/DD/YYYY HH24:MI:SS'), 'admin', TO_DATE('08/09/2009 00:00:00', 'MM/DD/YYYY HH24:MI:SS'), 'adimin');
Insert into SQMS_PRIVATE_0927.ENUMERATION
   (ENUMID, ENUMCODE, ENUMNAME, ENUMTYPE, MEMO, 
    CREATED, CREATEDBY, MODIFIED, MODIFIEDBY)
 Values
   ('dimission', 'dimission', '离职', '_empstatus', NULL, 
    TO_DATE('08/09/2009 00:00:00', 'MM/DD/YYYY HH24:MI:SS'), 'admin', TO_DATE('08/09/2009 00:00:00', 'MM/DD/YYYY HH24:MI:SS'), 'admin');
Insert into SQMS_PRIVATE_0927.ENUMERATION
   (ENUMID, ENUMCODE, ENUMNAME, ENUMTYPE, MEMO, 
    CREATED, CREATEDBY, MODIFIED, MODIFIEDBY)
 Values
   ('department', 'department', '部门', '_org', NULL, 
    TO_DATE('08/14/2009 00:00:00', 'MM/DD/YYYY HH24:MI:SS'), 'admin', TO_DATE('08/14/2009 00:00:00', 'MM/DD/YYYY HH24:MI:SS'), 'admin');
Insert into SQMS_PRIVATE_0927.ENUMERATION
   (ENUMID, ENUMCODE, ENUMNAME, ENUMTYPE, MEMO, 
    CREATED, CREATEDBY, MODIFIED, MODIFIEDBY)
 Values
   ('organization', 'organization', '机构', '_org', NULL, 
    TO_DATE('08/14/2009 00:00:00', 'MM/DD/YYYY HH24:MI:SS'), 'admin', TO_DATE('08/14/2009 00:00:00', 'MM/DD/YYYY HH24:MI:SS'), 'admin');
Insert into SQMS_PRIVATE_0927.ENUMERATION
   (ENUMID, ENUMCODE, ENUMNAME, ENUMTYPE, MEMO, 
    CREATED, CREATEDBY, MODIFIED, MODIFIEDBY)
 Values
   ('midschool', 'midschool', '中学', '_degree', NULL, 
    TO_DATE('08/09/2009 00:00:00', 'MM/DD/YYYY HH24:MI:SS'), 'admin', TO_DATE('08/09/2009 00:00:00', 'MM/DD/YYYY HH24:MI:SS'), 'admin');
Insert into SQMS_PRIVATE_0927.ENUMERATION
   (ENUMID, ENUMCODE, ENUMNAME, ENUMTYPE, MEMO, 
    CREATED, CREATEDBY, MODIFIED, MODIFIEDBY)
 Values
   ('highschool', 'highschool', '学士', '_degree', NULL, 
    TO_DATE('08/09/2009 00:00:00', 'MM/DD/YYYY HH24:MI:SS'), 'admin', TO_DATE('08/09/2009 00:00:00', 'MM/DD/YYYY HH24:MI:SS'), 'admin');
Insert into SQMS_PRIVATE_0927.ENUMERATION
   (ENUMID, ENUMCODE, ENUMNAME, ENUMTYPE, MEMO, 
    CREATED, CREATEDBY, MODIFIED, MODIFIEDBY)
 Values
   ('master', 'master', '硕士', '_degree', NULL, 
    TO_DATE('08/09/2009 00:00:00', 'MM/DD/YYYY HH24:MI:SS'), 'admin', TO_DATE('08/09/2009 00:00:00', 'MM/DD/YYYY HH24:MI:SS'), 'admin');
Insert into SQMS_PRIVATE_0927.ENUMERATION
   (ENUMID, ENUMCODE, ENUMNAME, ENUMTYPE, MEMO, 
    CREATED, CREATEDBY, MODIFIED, MODIFIEDBY)
 Values
   ('male', 'male', '男', '_sex', NULL, 
    TO_DATE('08/07/2009 00:00:00', 'MM/DD/YYYY HH24:MI:SS'), 'admin', TO_DATE('08/07/2009 00:00:00', 'MM/DD/YYYY HH24:MI:SS'), 'admin');
Insert into SQMS_PRIVATE_0927.ENUMERATION
   (ENUMID, ENUMCODE, ENUMNAME, ENUMTYPE, MEMO, 
    CREATED, CREATEDBY, MODIFIED, MODIFIEDBY)
 Values
   ('female', 'female', '女', '_sex', NULL, 
    TO_DATE('08/07/2009 00:00:00', 'MM/DD/YYYY HH24:MI:SS'), 'admin', TO_DATE('08/07/2009 00:00:00', 'MM/DD/YYYY HH24:MI:SS'), 'admin');
Insert into SQMS_PRIVATE_0927.ENUMERATION
   (ENUMID, ENUMCODE, ENUMNAME, ENUMTYPE, MEMO, 
    CREATED, CREATEDBY, MODIFIED, MODIFIEDBY)
 Values
   ('picture', 'picture', '图像', '_quality_data_type', NULL, 
    TO_DATE('08/21/2009 00:00:00', 'MM/DD/YYYY HH24:MI:SS'), 'admin', TO_DATE('08/21/2009 00:00:00', 'MM/DD/YYYY HH24:MI:SS'), 'admin');
Insert into SQMS_PRIVATE_0927.ENUMERATION
   (ENUMID, ENUMCODE, ENUMNAME, ENUMTYPE, MEMO, 
    CREATED, CREATEDBY, MODIFIED, MODIFIEDBY)
 Values
   ('video', 'video', '视频', '_quality_data_type', NULL, 
    TO_DATE('08/21/2009 00:00:00', 'MM/DD/YYYY HH24:MI:SS'), 'admin', TO_DATE('08/21/2009 00:00:00', 'MM/DD/YYYY HH24:MI:SS'), 'admin');
Insert into SQMS_PRIVATE_0927.ENUMERATION
   (ENUMID, ENUMCODE, ENUMNAME, ENUMTYPE, MEMO, 
    CREATED, CREATEDBY, MODIFIED, MODIFIEDBY)
 Values
   ('2', 'mp_emergency', '紧急', '_mp_importance', NULL, 
    TO_DATE('09/05/2009 00:00:00', 'MM/DD/YYYY HH24:MI:SS'), 'admin', TO_DATE('09/05/2009 00:00:00', 'MM/DD/YYYY HH24:MI:SS'), 'admin');
Insert into SQMS_PRIVATE_0927.ENUMERATION
   (ENUMID, ENUMCODE, ENUMNAME, ENUMTYPE, MEMO, 
    CREATED, CREATEDBY, MODIFIED, MODIFIEDBY)
 Values
   ('1', 'mp_critical', '关键', '_mp_importance', NULL, 
    TO_DATE('09/05/2009 00:00:00', 'MM/DD/YYYY HH24:MI:SS'), 'admin', TO_DATE('09/05/2009 00:00:00', 'MM/DD/YYYY HH24:MI:SS'), 'admin');
Insert into SQMS_PRIVATE_0927.ENUMERATION
   (ENUMID, ENUMCODE, ENUMNAME, ENUMTYPE, MEMO, 
    CREATED, CREATEDBY, MODIFIED, MODIFIEDBY)
 Values
   ('0', 'mp_normal', '普通', '_mp_importance', NULL, 
    TO_DATE('09/05/2009 00:00:00', 'MM/DD/YYYY HH24:MI:SS'), 'admin', TO_DATE('09/05/2009 00:00:00', 'MM/DD/YYYY HH24:MI:SS'), 'admin');
Insert into SQMS_PRIVATE_0927.ENUMERATION
   (ENUMID, ENUMCODE, ENUMNAME, ENUMTYPE, MEMO, 
    CREATED, CREATEDBY, MODIFIED, MODIFIEDBY)
 Values
   ('watervehicle', 'watervehicle', '洒水车任务', '_vt_tasktype', NULL, 
    TO_DATE('09/30/2009 00:00:00', 'MM/DD/YYYY HH24:MI:SS'), 'admin', TO_DATE('09/30/2009 00:00:00', 'MM/DD/YYYY HH24:MI:SS'), 'admin');
Insert into SQMS_PRIVATE_0927.ENUMERATION
   (ENUMID, ENUMCODE, ENUMNAME, ENUMTYPE, MEMO, 
    CREATED, CREATEDBY, MODIFIED, MODIFIEDBY)
 Values
   ('junkvehicle', 'junkvehicle', '垃圾车任务', '_vt_tasktype', NULL, 
    TO_DATE('09/30/2009 00:00:00', 'MM/DD/YYYY HH24:MI:SS'), 'admin', TO_DATE('09/30/2009 00:00:00', 'MM/DD/YYYY HH24:MI:SS'), 'admin');
COMMIT;

SET DEFINE OFF;
Insert into SQMS_PRIVATE_0927.ROLE
   (ROLEID, ROLECODE, ROLENAME, ISVOID, MEMO, 
    CREATED, CREATEDBY, MODIFIED, MODIFIEDBY, ORGANIZATIONID, 
    SUITEID)
 Values
   ('t4', 'R0003', '演示角色', 'N', '系统演示使用角色', 
    TO_DATE('08/21/2009 00:00:00', 'MM/DD/YYYY HH24:MI:SS'), 'admin', TO_DATE('08/21/2009 10:51:52', 'MM/DD/YYYY HH24:MI:SS'), 't2', 't1', 
    NULL);
Insert into SQMS_PRIVATE_0927.ROLE
   (ROLEID, ROLECODE, ROLENAME, ISVOID, MEMO, 
    CREATED, CREATEDBY, MODIFIED, MODIFIEDBY, ORGANIZATIONID, 
    SUITEID)
 Values
   ('150', 'test', 'test', 'N', 'asdfasdfasdf', 
    TO_DATE('09/13/2009 00:00:00', 'MM/DD/YYYY HH24:MI:SS'), 'admin', TO_DATE('09/13/2009 00:00:00', 'MM/DD/YYYY HH24:MI:SS'), 'admin', 't1', 
    NULL);
Insert into SQMS_PRIVATE_0927.ROLE
   (ROLEID, ROLECODE, ROLENAME, ISVOID, MEMO, 
    CREATED, CREATEDBY, MODIFIED, MODIFIEDBY, ORGANIZATIONID, 
    SUITEID)
 Values
   ('t1', 'R0001', '角色一', 'N', '处理角色一的事务', 
    TO_DATE('08/07/2009 00:00:00', 'MM/DD/YYYY HH24:MI:SS'), 'admin', TO_DATE('08/15/2009 22:09:45', 'MM/DD/YYYY HH24:MI:SS'), 't1', 't1', 
    NULL);
Insert into SQMS_PRIVATE_0927.ROLE
   (ROLEID, ROLECODE, ROLENAME, ISVOID, MEMO, 
    CREATED, CREATEDBY, MODIFIED, MODIFIEDBY, ORGANIZATIONID, 
    SUITEID)
 Values
   ('t2', 'R0002', '角色二', 'N', '处理角色二的事务', 
    TO_DATE('08/07/2009 00:00:00', 'MM/DD/YYYY HH24:MI:SS'), 'admin', TO_DATE('08/07/2009 00:00:00', 'MM/DD/YYYY HH24:MI:SS'), 'admin', 't1', 
    NULL);
Insert into SQMS_PRIVATE_0927.ROLE
   (ROLEID, ROLECODE, ROLENAME, ISVOID, MEMO, 
    CREATED, CREATEDBY, MODIFIED, MODIFIEDBY, ORGANIZATIONID, 
    SUITEID)
 Values
   ('t3', 'R0003', '角色三', 'N', '处理角色三的事务', 
    TO_DATE('08/07/2009 00:00:00', 'MM/DD/YYYY HH24:MI:SS'), 'admin', TO_DATE('08/07/2009 00:00:00', 'MM/DD/YYYY HH24:MI:SS'), 'admin', 't1', 
    NULL);
COMMIT;

SET DEFINE OFF;
Insert into SQMS_PRIVATE_0927.RESOURCEITEM
   (RESID, RESCODE, RESIDENTITY, VIEWNAME, RESNAME, 
    RESTYPE, LOCATION, MEMO, ISVOID, CREATED, 
    CREATEDBY, MODIFIED, MODIFIEDBY, ORGANIZATIONID)
 Values
   ('trashentrancenew', 'res_trashentrancenew', 'trashentrancenew', '/Views/Quality/TrashEntranceEdit.aspx', '渣口监控点新增', 
    '渣口监控点管理', '/Quality', NULL, 'N', TO_DATE('09/25/2009 00:00:00', 'MM/DD/YYYY HH24:MI:SS'), 
    'admin', TO_DATE('09/25/2009 00:00:00', 'MM/DD/YYYY HH24:MI:SS'), 'admin', 't1');
Insert into SQMS_PRIVATE_0927.RESOURCEITEM
   (RESID, RESCODE, RESIDENTITY, VIEWNAME, RESNAME, 
    RESTYPE, LOCATION, MEMO, ISVOID, CREATED, 
    CREATEDBY, MODIFIED, MODIFIEDBY, ORGANIZATIONID)
 Values
   ('trashentranceedit', 'res_trashentranceedit', 'trashentranceedit', '/Views/Quality/TrashEntranceEdit.aspx', '渣口监控点编辑', 
    '渣口监控点管理', '/Quality', NULL, 'N', TO_DATE('09/25/2009 00:00:00', 'MM/DD/YYYY HH24:MI:SS'), 
    'admin', TO_DATE('09/25/2009 00:00:00', 'MM/DD/YYYY HH24:MI:SS'), 'admin', 't1');
Insert into SQMS_PRIVATE_0927.RESOURCEITEM
   (RESID, RESCODE, RESIDENTITY, VIEWNAME, RESNAME, 
    RESTYPE, LOCATION, MEMO, ISVOID, CREATED, 
    CREATEDBY, MODIFIED, MODIFIEDBY, ORGANIZATIONID)
 Values
   ('trashentranceview', 'res_trashentranceview', 'trashentranceview', '/Views/Quality/TrashEntranceView.aspx', '渣口监控点浏览', 
    '渣口监控点管理', '/Quality', NULL, 'N', TO_DATE('09/25/2009 00:00:00', 'MM/DD/YYYY HH24:MI:SS'), 
    'admin', TO_DATE('09/25/2009 00:00:00', 'MM/DD/YYYY HH24:MI:SS'), 'admin', 't1');
Insert into SQMS_PRIVATE_0927.RESOURCEITEM
   (RESID, RESCODE, RESIDENTITY, VIEWNAME, RESNAME, 
    RESTYPE, LOCATION, MEMO, ISVOID, CREATED, 
    CREATEDBY, MODIFIED, MODIFIEDBY, ORGANIZATIONID)
 Values
   ('trashentrancelist', 'res_trashentrancelist', 'trashentrancelist', '/Views/Quality/TrashEntranceList.aspx', '渣口监控点列表', 
    '渣口监控点管理', '/Quality', NULL, 'N', TO_DATE('09/25/2009 00:00:00', 'MM/DD/YYYY HH24:MI:SS'), 
    'admin', TO_DATE('09/25/2009 00:00:00', 'MM/DD/YYYY HH24:MI:SS'), 'admin', 't1');
Insert into SQMS_PRIVATE_0927.RESOURCEITEM
   (RESID, RESCODE, RESIDENTITY, VIEWNAME, RESNAME, 
    RESTYPE, LOCATION, MEMO, ISVOID, CREATED, 
    CREATEDBY, MODIFIED, MODIFIEDBY, ORGANIZATIONID)
 Values
   ('accidentnew', 'res_accidentnew', 'accidentnew', '/Views/Quality/AccidentEdit.aspx', '事故现场新增', 
    '事故现场管理', '/Quality', NULL, 'N', TO_DATE('09/25/2009 00:00:00', 'MM/DD/YYYY HH24:MI:SS'), 
    'admin', TO_DATE('09/25/2009 00:00:00', 'MM/DD/YYYY HH24:MI:SS'), 'admin', 't1');
Insert into SQMS_PRIVATE_0927.RESOURCEITEM
   (RESID, RESCODE, RESIDENTITY, VIEWNAME, RESNAME, 
    RESTYPE, LOCATION, MEMO, ISVOID, CREATED, 
    CREATEDBY, MODIFIED, MODIFIEDBY, ORGANIZATIONID)
 Values
   ('accidentedit', 'res_accidentedit', 'accidentedit', '/Views/Quality/AccidentEdit.aspx', '事故现场编辑', 
    '事故现场管理', '/Quality', NULL, 'N', TO_DATE('09/25/2009 00:00:00', 'MM/DD/YYYY HH24:MI:SS'), 
    'admin', TO_DATE('09/25/2009 00:00:00', 'MM/DD/YYYY HH24:MI:SS'), 'admin', 't1');
Insert into SQMS_PRIVATE_0927.RESOURCEITEM
   (RESID, RESCODE, RESIDENTITY, VIEWNAME, RESNAME, 
    RESTYPE, LOCATION, MEMO, ISVOID, CREATED, 
    CREATEDBY, MODIFIED, MODIFIEDBY, ORGANIZATIONID)
 Values
   ('accidentview', 'res_accidentview', 'accidentview', '/Views/Quality/AccidentView.aspx', '事故现场浏览', 
    '事故现场管理', '/Quality', NULL, 'N', TO_DATE('09/25/2009 00:00:00', 'MM/DD/YYYY HH24:MI:SS'), 
    'admin', TO_DATE('09/25/2009 00:00:00', 'MM/DD/YYYY HH24:MI:SS'), 'admin', 't1');
Insert into SQMS_PRIVATE_0927.RESOURCEITEM
   (RESID, RESCODE, RESIDENTITY, VIEWNAME, RESNAME, 
    RESTYPE, LOCATION, MEMO, ISVOID, CREATED, 
    CREATEDBY, MODIFIED, MODIFIEDBY, ORGANIZATIONID)
 Values
   ('accidentlist', 'res_accidentlist', 'accidentlist', '/Views/Quality/AccidentList.aspx', '事故现场列表', 
    '事故现场管理', '/Quality', NULL, 'N', TO_DATE('09/25/2009 00:00:00', 'MM/DD/YYYY HH24:MI:SS'), 
    'admin', TO_DATE('09/25/2009 00:00:00', 'MM/DD/YYYY HH24:MI:SS'), 'admin', 't1');
Insert into SQMS_PRIVATE_0927.RESOURCEITEM
   (RESID, RESCODE, RESIDENTITY, VIEWNAME, RESNAME, 
    RESTYPE, LOCATION, MEMO, ISVOID, CREATED, 
    CREATEDBY, MODIFIED, MODIFIEDBY, ORGANIZATIONID)
 Values
   ('emergencyedit', 'res_emergencyedit', 'emergencyedit', '/Views/Quality/EmergencyEventEdit.aspx', '应急事件编辑', 
    '应急事件管理', '/Quality', NULL, 'N', TO_DATE('09/22/2009 00:00:00', 'MM/DD/YYYY HH24:MI:SS'), 
    'admin', TO_DATE('09/22/2009 00:00:00', 'MM/DD/YYYY HH24:MI:SS'), 'admin', 't1');
Insert into SQMS_PRIVATE_0927.RESOURCEITEM
   (RESID, RESCODE, RESIDENTITY, VIEWNAME, RESNAME, 
    RESTYPE, LOCATION, MEMO, ISVOID, CREATED, 
    CREATEDBY, MODIFIED, MODIFIEDBY, ORGANIZATIONID)
 Values
   ('emergencynew', 'res_emergencynew', 'emergencynew', '/Views/Quality/EmergencyEventEdit.aspx', '应急事件新增', 
    '应急事件管理', '/Quality', NULL, 'N', TO_DATE('09/22/2009 00:00:00', 'MM/DD/YYYY HH24:MI:SS'), 
    'admin', TO_DATE('09/22/2009 00:00:00', 'MM/DD/YYYY HH24:MI:SS'), 'admin', 't1');
Insert into SQMS_PRIVATE_0927.RESOURCEITEM
   (RESID, RESCODE, RESIDENTITY, VIEWNAME, RESNAME, 
    RESTYPE, LOCATION, MEMO, ISVOID, CREATED, 
    CREATEDBY, MODIFIED, MODIFIEDBY, ORGANIZATIONID)
 Values
   ('emergencyview', 'res_emergencyview', 'emergencyview', '/Views/Quality/EmergencyEventView.aspx', '应急事件浏览', 
    '应急事件管理', '/Quality', NULL, 'N', TO_DATE('09/22/2009 00:00:00', 'MM/DD/YYYY HH24:MI:SS'), 
    'admin', TO_DATE('09/22/2009 00:00:00', 'MM/DD/YYYY HH24:MI:SS'), 'admin', 't1');
Insert into SQMS_PRIVATE_0927.RESOURCEITEM
   (RESID, RESCODE, RESIDENTITY, VIEWNAME, RESNAME, 
    RESTYPE, LOCATION, MEMO, ISVOID, CREATED, 
    CREATEDBY, MODIFIED, MODIFIEDBY, ORGANIZATIONID)
 Values
   ('emergencylist', 'res_emergencylist', 'emergencylist', '/Views/Quality/EmergencyEventList.aspx', '应急事件列表', 
    '应急事件管理', '/Quality', NULL, 'N', TO_DATE('09/22/2009 00:00:00', 'MM/DD/YYYY HH24:MI:SS'), 
    'admin', TO_DATE('09/22/2009 00:00:00', 'MM/DD/YYYY HH24:MI:SS'), 'admin', 't1');
Insert into SQMS_PRIVATE_0927.RESOURCEITEM
   (RESID, RESCODE, RESIDENTITY, VIEWNAME, RESNAME, 
    RESTYPE, LOCATION, MEMO, ISVOID, CREATED, 
    CREATEDBY, MODIFIED, MODIFIEDBY, ORGANIZATIONID)
 Values
   ('1', 'RE-633892526221098173', 'EmergencyMonitor', '/Views/Quality/EmergencyMonitor.aspx', '应急事件监控', 
    NULL, NULL, NULL, 'N', TO_DATE('09/22/2009 21:44:34', 'MM/DD/YYYY HH24:MI:SS'), 
    't2', TO_DATE('09/22/2009 21:46:41', 'MM/DD/YYYY HH24:MI:SS'), 't2', 't1');
Insert into SQMS_PRIVATE_0927.RESOURCEITEM
   (RESID, RESCODE, RESIDENTITY, VIEWNAME, RESNAME, 
    RESTYPE, LOCATION, MEMO, ISVOID, CREATED, 
    CREATEDBY, MODIFIED, MODIFIEDBY, ORGANIZATIONID)
 Values
   ('projectview', 'res_projectview', 'projectview', '/Views/Project/ProjectView.aspx', '项目浏览', 
    '项目管理', '/Project', NULL, 'N', TO_DATE('08/25/2009 00:00:00', 'MM/DD/YYYY HH24:MI:SS'), 
    'admin', TO_DATE('08/25/2009 00:00:00', 'MM/DD/YYYY HH24:MI:SS'), 'admin', 't1');
Insert into SQMS_PRIVATE_0927.RESOURCEITEM
   (RESID, RESCODE, RESIDENTITY, VIEWNAME, RESNAME, 
    RESTYPE, LOCATION, MEMO, ISVOID, CREATED, 
    CREATEDBY, MODIFIED, MODIFIEDBY, ORGANIZATIONID)
 Values
   ('roadview', 'res_roadview', 'roadview', '/Views/Road/RoadView.aspx', '路段浏览', 
    '路段管理', '/Road', NULL, 'N', TO_DATE('08/25/2009 00:00:00', 'MM/DD/YYYY HH24:MI:SS'), 
    'admin', TO_DATE('08/25/2009 00:00:00', 'MM/DD/YYYY HH24:MI:SS'), 'admin', 't1');
Insert into SQMS_PRIVATE_0927.RESOURCEITEM
   (RESID, RESCODE, RESIDENTITY, VIEWNAME, RESNAME, 
    RESTYPE, LOCATION, MEMO, ISVOID, CREATED, 
    CREATEDBY, MODIFIED, MODIFIEDBY, ORGANIZATIONID)
 Values
   ('mpedit', 'RES_mpedit', 'mpedit', '/Views/Quality/MonitorPointEdit.aspx', '监控点编辑', 
    '监控点管理', '/Quality', NULL, 'N', TO_DATE('08/31/2009 00:00:00', 'MM/DD/YYYY HH24:MI:SS'), 
    'admin', TO_DATE('08/31/2009 00:00:00', 'MM/DD/YYYY HH24:MI:SS'), 'admin', 't1');
Insert into SQMS_PRIVATE_0927.RESOURCEITEM
   (RESID, RESCODE, RESIDENTITY, VIEWNAME, RESNAME, 
    RESTYPE, LOCATION, MEMO, ISVOID, CREATED, 
    CREATEDBY, MODIFIED, MODIFIEDBY, ORGANIZATIONID)
 Values
   ('mpnew', 'RES_mpnew', 'mpnew', '/Views/Quality/MonitorPointEdit.aspx', '监控点新增', 
    '监控点管理', '/Quality', NULL, 'N', TO_DATE('08/31/2009 00:00:00', 'MM/DD/YYYY HH24:MI:SS'), 
    'admin', TO_DATE('08/31/2009 00:00:00', 'MM/DD/YYYY HH24:MI:SS'), 'admin', 't1');
Insert into SQMS_PRIVATE_0927.RESOURCEITEM
   (RESID, RESCODE, RESIDENTITY, VIEWNAME, RESNAME, 
    RESTYPE, LOCATION, MEMO, ISVOID, CREATED, 
    CREATEDBY, MODIFIED, MODIFIEDBY, ORGANIZATIONID)
 Values
   ('mpview', 'RES_mpview', 'mpview', '/Views/Quality/MonitorPointView.aspx', '监控点浏览', 
    '监控点管理', '/Quality', NULL, 'N', TO_DATE('08/31/2009 00:00:00', 'MM/DD/YYYY HH24:MI:SS'), 
    'admin', TO_DATE('08/31/2009 00:00:00', 'MM/DD/YYYY HH24:MI:SS'), 'admin', 't1');
Insert into SQMS_PRIVATE_0927.RESOURCEITEM
   (RESID, RESCODE, RESIDENTITY, VIEWNAME, RESNAME, 
    RESTYPE, LOCATION, MEMO, ISVOID, CREATED, 
    CREATEDBY, MODIFIED, MODIFIEDBY, ORGANIZATIONID)
 Values
   ('mplist', 'RES_mplist', 'mplist', '/Views/Quality/MonitorPointList.aspx', '监控点列表', 
    '监控点管理', '/Quality', NULL, 'N', TO_DATE('08/31/2009 00:00:00', 'MM/DD/YYYY HH24:MI:SS'), 
    'admin', TO_DATE('08/31/2009 00:00:00', 'MM/DD/YYYY HH24:MI:SS'), 'admin', 't1');
Insert into SQMS_PRIVATE_0927.RESOURCEITEM
   (RESID, RESCODE, RESIDENTITY, VIEWNAME, RESNAME, 
    RESTYPE, LOCATION, MEMO, ISVOID, CREATED, 
    CREATEDBY, MODIFIED, MODIFIEDBY, ORGANIZATIONID)
 Values
   ('projectlist', 'RES00028', 'projectlist', '/Views/Project/ProjectList.aspx', '项目列表', 
    '项目管理', '/Project', NULL, 'N', TO_DATE('08/23/2009 00:00:00', 'MM/DD/YYYY HH24:MI:SS'), 
    'admin', TO_DATE('08/23/2009 00:00:00', 'MM/DD/YYYY HH24:MI:SS'), 'admin', 't1');
Insert into SQMS_PRIVATE_0927.RESOURCEITEM
   (RESID, RESCODE, RESIDENTITY, VIEWNAME, RESNAME, 
    RESTYPE, LOCATION, MEMO, ISVOID, CREATED, 
    CREATEDBY, MODIFIED, MODIFIEDBY, ORGANIZATIONID)
 Values
   ('projectedit', 'RES00029', 'projectedit', '/Views/Project/ProjectEdit.aspx', '项目编辑', 
    '项目管理', '/Project', NULL, 'N', TO_DATE('08/23/2009 00:00:00', 'MM/DD/YYYY HH24:MI:SS'), 
    'admin', TO_DATE('08/23/2009 00:00:00', 'MM/DD/YYYY HH24:MI:SS'), 'admin', 't1');
Insert into SQMS_PRIVATE_0927.RESOURCEITEM
   (RESID, RESCODE, RESIDENTITY, VIEWNAME, RESNAME, 
    RESTYPE, LOCATION, MEMO, ISVOID, CREATED, 
    CREATEDBY, MODIFIED, MODIFIEDBY, ORGANIZATIONID)
 Values
   ('t24', 'RES00028', 'OrganizationView', '/Views/Basedata/OrganizationView.aspx', '组织浏览', 
    '组织管理', '/Basedata', NULL, 'N', TO_DATE('08/21/2009 00:00:00', 'MM/DD/YYYY HH24:MI:SS'), 
    'admin', TO_DATE('08/21/2009 00:00:00', 'MM/DD/YYYY HH24:MI:SS'), 'admin', 't1');
Insert into SQMS_PRIVATE_0927.RESOURCEITEM
   (RESID, RESCODE, RESIDENTITY, VIEWNAME, RESNAME, 
    RESTYPE, LOCATION, MEMO, ISVOID, CREATED, 
    CREATEDBY, MODIFIED, MODIFIEDBY, ORGANIZATIONID)
 Values
   ('t25', 'RES00029', 'OrganizationEdit', '/Views/Basedata/OrganizationEdit.aspx', '组织编辑', 
    '组织管理', '/Basedata', NULL, 'N', TO_DATE('08/21/2009 00:00:00', 'MM/DD/YYYY HH24:MI:SS'), 
    'admin', TO_DATE('08/21/2009 00:00:00', 'MM/DD/YYYY HH24:MI:SS'), 'admin', 't1');
Insert into SQMS_PRIVATE_0927.RESOURCEITEM
   (RESID, RESCODE, RESIDENTITY, VIEWNAME, RESNAME, 
    RESTYPE, LOCATION, MEMO, ISVOID, CREATED, 
    CREATEDBY, MODIFIED, MODIFIEDBY, ORGANIZATIONID)
 Values
   ('t26', 'RES00030', 'OrganizationList', '/Views/Basedata/OrganizationList.aspx', '组织列表', 
    '组织管理', '/Basedata', NULL, 'N', TO_DATE('08/21/2009 00:00:00', 'MM/DD/YYYY HH24:MI:SS'), 
    'admin', TO_DATE('08/21/2009 00:00:00', 'MM/DD/YYYY HH24:MI:SS'), 'admin', 't1');
Insert into SQMS_PRIVATE_0927.RESOURCEITEM
   (RESID, RESCODE, RESIDENTITY, VIEWNAME, RESNAME, 
    RESTYPE, LOCATION, MEMO, ISVOID, CREATED, 
    CREATEDBY, MODIFIED, MODIFIEDBY, ORGANIZATIONID)
 Values
   ('t27', 'RES00031', 'OrganizationNew', '/Views/Basedata/OrganizationEdit.aspx', '组织新增', 
    '组织管理', '/Basedata', NULL, 'N', TO_DATE('08/21/2009 00:00:00', 'MM/DD/YYYY HH24:MI:SS'), 
    'admin', TO_DATE('08/21/2009 00:00:00', 'MM/DD/YYYY HH24:MI:SS'), 'admin', 't1');
Insert into SQMS_PRIVATE_0927.RESOURCEITEM
   (RESID, RESCODE, RESIDENTITY, VIEWNAME, RESNAME, 
    RESTYPE, LOCATION, MEMO, ISVOID, CREATED, 
    CREATEDBY, MODIFIED, MODIFIEDBY, ORGANIZATIONID)
 Values
   ('AjaxVideo', 'RES00025', 'AjaxServicesQualityControlVideo', '/Views/AjaxServices/QualityControl/Video.aspx', '视频AJAX服务', 
    '质量监控', '/AjaxServices/QualityControl', NULL, 'N', TO_DATE('08/12/2009 00:00:00', 'MM/DD/YYYY HH24:MI:SS'), 
    'admin', TO_DATE('08/12/2009 00:00:00', 'MM/DD/YYYY HH24:MI:SS'), 'admin', 't1');
Insert into SQMS_PRIVATE_0927.RESOURCEITEM
   (RESID, RESCODE, RESIDENTITY, VIEWNAME, RESNAME, 
    RESTYPE, LOCATION, MEMO, ISVOID, CREATED, 
    CREATEDBY, MODIFIED, MODIFIEDBY, ORGANIZATIONID)
 Values
   ('MunicipalAdminMonitor', 'RES0016', 'QualityMunicipalAdminMonitor', '/Views/Quality/MunicipalAdminMonitor.aspx', '市政管理质量监控', 
    '质量监控', '/Quality', NULL, 'N', TO_DATE('08/07/2009 00:00:00', 'MM/DD/YYYY HH24:MI:SS'), 
    'admin', TO_DATE('08/07/2009 00:00:00', 'MM/DD/YYYY HH24:MI:SS'), 'admin', 't1');
Insert into SQMS_PRIVATE_0927.RESOURCEITEM
   (RESID, RESCODE, RESIDENTITY, VIEWNAME, RESNAME, 
    RESTYPE, LOCATION, MEMO, ISVOID, CREATED, 
    CREATEDBY, MODIFIED, MODIFIEDBY, ORGANIZATIONID)
 Values
   ('SanitationOfficeMonitor', 'RES0017', 'QualitySanitationOfficeMonitor', '/Views/Quality/SanitationOfficeMonitor.aspx', '环卫监督质量监控', 
    '质量监控', '/Quality', NULL, 'N', TO_DATE('08/07/2009 00:00:00', 'MM/DD/YYYY HH24:MI:SS'), 
    'admin', TO_DATE('08/07/2009 00:00:00', 'MM/DD/YYYY HH24:MI:SS'), 'admin', 't1');
Insert into SQMS_PRIVATE_0927.RESOURCEITEM
   (RESID, RESCODE, RESIDENTITY, VIEWNAME, RESNAME, 
    RESTYPE, LOCATION, MEMO, ISVOID, CREATED, 
    CREATEDBY, MODIFIED, MODIFIEDBY, ORGANIZATIONID)
 Values
   ('CompanyQualityMonitor', 'RES0003', 'QualityCompanyQualityMonitor', '/Views/Quality/CompanyQualityMonitor.aspx', '环卫公司质量监控', 
    '质量监控', '/Quality', NULL, 'N', TO_DATE('08/07/2009 00:00:00', 'MM/DD/YYYY HH24:MI:SS'), 
    'admin', TO_DATE('08/07/2009 00:00:00', 'MM/DD/YYYY HH24:MI:SS'), 'admin', 't1');
Insert into SQMS_PRIVATE_0927.RESOURCEITEM
   (RESID, RESCODE, RESIDENTITY, VIEWNAME, RESNAME, 
    RESTYPE, LOCATION, MEMO, ISVOID, CREATED, 
    CREATEDBY, MODIFIED, MODIFIEDBY, ORGANIZATIONID)
 Values
   ('MonitorPoint', 'RES0005', 'AjaxServicesQualityControlMonitorPoint', '/Views/AjaxServices/QualityControl/MonitorPoint.aspx', '监控点AJAX服务', 
    '质量监控', '/AjaxServices/QualityControl', NULL, 'N', TO_DATE('08/07/2009 00:00:00', 'MM/DD/YYYY HH24:MI:SS'), 
    'admin', TO_DATE('08/07/2009 00:00:00', 'MM/DD/YYYY HH24:MI:SS'), 'admin', 't1');
Insert into SQMS_PRIVATE_0927.RESOURCEITEM
   (RESID, RESCODE, RESIDENTITY, VIEWNAME, RESNAME, 
    RESTYPE, LOCATION, MEMO, ISVOID, CREATED, 
    CREATEDBY, MODIFIED, MODIFIEDBY, ORGANIZATIONID)
 Values
   ('QualityMonitorPointMap', 'RES0004', 'QualityQualityMonitorPointMap', '/Views/Quality/QualityMonitorPointMap.aspx', '监控点地图窗口', 
    '质量监控', '/Quality', NULL, 'N', TO_DATE('08/07/2009 00:00:00', 'MM/DD/YYYY HH24:MI:SS'), 
    'admin', TO_DATE('08/07/2009 00:00:00', 'MM/DD/YYYY HH24:MI:SS'), 'admin', 't1');
Insert into SQMS_PRIVATE_0927.RESOURCEITEM
   (RESID, RESCODE, RESIDENTITY, VIEWNAME, RESNAME, 
    RESTYPE, LOCATION, MEMO, ISVOID, CREATED, 
    CREATEDBY, MODIFIED, MODIFIEDBY, ORGANIZATIONID)
 Values
   ('MonitorPointDetail', 'RES0006', 'QualityMonitorPointDetail', '/Views/Quality/MonitorPointDetail.aspx', '监控点详细信息浏览', 
    '质量监控', '/Quality', NULL, 'N', TO_DATE('08/07/2009 00:00:00', 'MM/DD/YYYY HH24:MI:SS'), 
    'admin', TO_DATE('08/07/2009 00:00:00', 'MM/DD/YYYY HH24:MI:SS'), 'admin', 't1');
Insert into SQMS_PRIVATE_0927.RESOURCEITEM
   (RESID, RESCODE, RESIDENTITY, VIEWNAME, RESNAME, 
    RESTYPE, LOCATION, MEMO, ISVOID, CREATED, 
    CREATEDBY, MODIFIED, MODIFIEDBY, ORGANIZATIONID)
 Values
   ('RoadEdit', 'RES00026', 'roadedit', '/Views/Road/RoadEdit.aspx', '路段编辑', 
    '路段管理', '/Road', NULL, 'N', TO_DATE('08/12/2009 00:00:00', 'MM/DD/YYYY HH24:MI:SS'), 
    'admin', TO_DATE('08/12/2009 00:00:00', 'MM/DD/YYYY HH24:MI:SS'), 'admin', 't1');
Insert into SQMS_PRIVATE_0927.RESOURCEITEM
   (RESID, RESCODE, RESIDENTITY, VIEWNAME, RESNAME, 
    RESTYPE, LOCATION, MEMO, ISVOID, CREATED, 
    CREATEDBY, MODIFIED, MODIFIEDBY, ORGANIZATIONID)
 Values
   ('RoadList', 'RES0018', 'roadlist', '/Views/Road/RoadList.aspx', '路段列表', 
    '路段管理', '/Road', NULL, 'N', TO_DATE('08/07/2009 00:00:00', 'MM/DD/YYYY HH24:MI:SS'), 
    'admin', TO_DATE('08/07/2009 00:00:00', 'MM/DD/YYYY HH24:MI:SS'), 'admin', 't1');
Insert into SQMS_PRIVATE_0927.RESOURCEITEM
   (RESID, RESCODE, RESIDENTITY, VIEWNAME, RESNAME, 
    RESTYPE, LOCATION, MEMO, ISVOID, CREATED, 
    CREATEDBY, MODIFIED, MODIFIEDBY, ORGANIZATIONID)
 Values
   ('t3', 'RES0005', 'operationedit', '/Views/Basedata/OperationEdit.aspx', '操作编辑', 
    '操作管理', '/Basedata', NULL, 'N', TO_DATE('08/08/2009 00:00:00', 'MM/DD/YYYY HH24:MI:SS'), 
    'admin', TO_DATE('08/08/2009 00:00:00', 'MM/DD/YYYY HH24:MI:SS'), 'admin', 't1');
Insert into SQMS_PRIVATE_0927.RESOURCEITEM
   (RESID, RESCODE, RESIDENTITY, VIEWNAME, RESNAME, 
    RESTYPE, LOCATION, MEMO, ISVOID, CREATED, 
    CREATEDBY, MODIFIED, MODIFIEDBY, ORGANIZATIONID)
 Values
   ('t4', 'RES0006', 'operationview', '/Views/Basedata/OperationView.aspx', '操作浏览', 
    '操作管理', '/Basedata', NULL, 'N', TO_DATE('08/08/2009 00:00:00', 'MM/DD/YYYY HH24:MI:SS'), 
    'admin', TO_DATE('08/08/2009 00:00:00', 'MM/DD/YYYY HH24:MI:SS'), 'admin', 't1');
Insert into SQMS_PRIVATE_0927.RESOURCEITEM
   (RESID, RESCODE, RESIDENTITY, VIEWNAME, RESNAME, 
    RESTYPE, LOCATION, MEMO, ISVOID, CREATED, 
    CREATEDBY, MODIFIED, MODIFIEDBY, ORGANIZATIONID)
 Values
   ('t5', 'RES0007', 'employeelist', '/Views/Basedata/EmployeeList.aspx', '职员列表', 
    '职员管理', '/Basedata', NULL, 'N', TO_DATE('08/08/2009 00:00:00', 'MM/DD/YYYY HH24:MI:SS'), 
    'admin', TO_DATE('08/08/2009 00:00:00', 'MM/DD/YYYY HH24:MI:SS'), 'admin', 't1');
Insert into SQMS_PRIVATE_0927.RESOURCEITEM
   (RESID, RESCODE, RESIDENTITY, VIEWNAME, RESNAME, 
    RESTYPE, LOCATION, MEMO, ISVOID, CREATED, 
    CREATEDBY, MODIFIED, MODIFIEDBY, ORGANIZATIONID)
 Values
   ('t15', 'RES00016', 'equnew', '/Views/Basedata/EquipmentEdit.aspx', '设备新增', 
    '设备管理', '/Basedata', NULL, 'N', TO_DATE('08/12/2009 00:00:00', 'MM/DD/YYYY HH24:MI:SS'), 
    'admin', TO_DATE('08/12/2009 00:00:00', 'MM/DD/YYYY HH24:MI:SS'), 'admin', 't1');
Insert into SQMS_PRIVATE_0927.RESOURCEITEM
   (RESID, RESCODE, RESIDENTITY, VIEWNAME, RESNAME, 
    RESTYPE, LOCATION, MEMO, ISVOID, CREATED, 
    CREATEDBY, MODIFIED, MODIFIEDBY, ORGANIZATIONID)
 Values
   ('t16', 'RES00017', 'equedit', '/Views/Basedata/EquipmentEdit.aspx', '设备编辑', 
    '设备管理', '/Basedata', NULL, 'N', TO_DATE('08/12/2009 00:00:00', 'MM/DD/YYYY HH24:MI:SS'), 
    'admin', TO_DATE('08/12/2009 15:29:55', 'MM/DD/YYYY HH24:MI:SS'), 't1', 't1');
Insert into SQMS_PRIVATE_0927.RESOURCEITEM
   (RESID, RESCODE, RESIDENTITY, VIEWNAME, RESNAME, 
    RESTYPE, LOCATION, MEMO, ISVOID, CREATED, 
    CREATEDBY, MODIFIED, MODIFIEDBY, ORGANIZATIONID)
 Values
   ('t17', 'RES00018', 'equview', '/Views/Basedata/EquipmentView.aspx', '设备浏览', 
    '设备管理', '/Basedata', NULL, 'N', TO_DATE('08/12/2009 00:00:00', 'MM/DD/YYYY HH24:MI:SS'), 
    'admin', TO_DATE('08/12/2009 00:00:00', 'MM/DD/YYYY HH24:MI:SS'), 'admin', 't1');
Insert into SQMS_PRIVATE_0927.RESOURCEITEM
   (RESID, RESCODE, RESIDENTITY, VIEWNAME, RESNAME, 
    RESTYPE, LOCATION, MEMO, ISVOID, CREATED, 
    CREATEDBY, MODIFIED, MODIFIEDBY, ORGANIZATIONID)
 Values
   ('t18', 'RES00019', 'equlist', '/Views/Basedata/EquipmentList.aspx', '设备列表', 
    '设备管理', '/Basedata', NULL, 'N', TO_DATE('08/12/2009 00:00:00', 'MM/DD/YYYY HH24:MI:SS'), 
    'admin', TO_DATE('08/15/2009 16:04:01', 'MM/DD/YYYY HH24:MI:SS'), 't1', 't1');
Insert into SQMS_PRIVATE_0927.RESOURCEITEM
   (RESID, RESCODE, RESIDENTITY, VIEWNAME, RESNAME, 
    RESTYPE, LOCATION, MEMO, ISVOID, CREATED, 
    CREATEDBY, MODIFIED, MODIFIEDBY, ORGANIZATIONID)
 Values
   ('t19', 'RES00020', 'resnew', '/Views/Basedata/ResourceEdit.aspx', '资源新增', 
    '资源管理', '/Basedata', NULL, 'N', TO_DATE('08/12/2009 00:00:00', 'MM/DD/YYYY HH24:MI:SS'), 
    'admin', TO_DATE('08/12/2009 00:00:00', 'MM/DD/YYYY HH24:MI:SS'), 'admin', 't1');
Insert into SQMS_PRIVATE_0927.RESOURCEITEM
   (RESID, RESCODE, RESIDENTITY, VIEWNAME, RESNAME, 
    RESTYPE, LOCATION, MEMO, ISVOID, CREATED, 
    CREATEDBY, MODIFIED, MODIFIEDBY, ORGANIZATIONID)
 Values
   ('t20', 'RES00021', 'resedit', '/Views/Basedata/ResourceEdit.aspx', '资源编辑', 
    '资源管理', '/Basedata', NULL, 'N', TO_DATE('08/12/2009 00:00:00', 'MM/DD/YYYY HH24:MI:SS'), 
    'admin', TO_DATE('08/12/2009 00:00:00', 'MM/DD/YYYY HH24:MI:SS'), 'admin', 't1');
Insert into SQMS_PRIVATE_0927.RESOURCEITEM
   (RESID, RESCODE, RESIDENTITY, VIEWNAME, RESNAME, 
    RESTYPE, LOCATION, MEMO, ISVOID, CREATED, 
    CREATEDBY, MODIFIED, MODIFIEDBY, ORGANIZATIONID)
 Values
   ('t21', 'RES00022', 'resview', '/Views/Basedata/ResourceView.aspx', '资源浏览', 
    '资源管理', '/Basedata', NULL, 'N', TO_DATE('08/12/2009 00:00:00', 'MM/DD/YYYY HH24:MI:SS'), 
    'admin', TO_DATE('08/12/2009 00:00:00', 'MM/DD/YYYY HH24:MI:SS'), 'admin', 't1');
Insert into SQMS_PRIVATE_0927.RESOURCEITEM
   (RESID, RESCODE, RESIDENTITY, VIEWNAME, RESNAME, 
    RESTYPE, LOCATION, MEMO, ISVOID, CREATED, 
    CREATEDBY, MODIFIED, MODIFIEDBY, ORGANIZATIONID)
 Values
   ('t22', 'RES00023', 'reslist', '/Views/Basedata/ResourceList.aspx', '资源列表', 
    '资源管理', '/Basedata', NULL, 'N', TO_DATE('08/12/2009 00:00:00', 'MM/DD/YYYY HH24:MI:SS'), 
    'admin', TO_DATE('08/12/2009 00:00:00', 'MM/DD/YYYY HH24:MI:SS'), 'admin', 't1');
Insert into SQMS_PRIVATE_0927.RESOURCEITEM
   (RESID, RESCODE, RESIDENTITY, VIEWNAME, RESNAME, 
    RESTYPE, LOCATION, MEMO, ISVOID, CREATED, 
    CREATEDBY, MODIFIED, MODIFIEDBY, ORGANIZATIONID)
 Values
   ('t6', 'RES0008', 'companyqualitymonitor', '/Views/Quality/CompanyQualityMonitor.aspx', '质量监控', 
    '质量监控', '/Quality', NULL, 'N', TO_DATE('08/10/2009 00:00:00', 'MM/DD/YYYY HH24:MI:SS'), 
    'admin', TO_DATE('08/10/2009 00:00:00', 'MM/DD/YYYY HH24:MI:SS'), 'admin', 't1');
Insert into SQMS_PRIVATE_0927.RESOURCEITEM
   (RESID, RESCODE, RESIDENTITY, VIEWNAME, RESNAME, 
    RESTYPE, LOCATION, MEMO, ISVOID, CREATED, 
    CREATEDBY, MODIFIED, MODIFIEDBY, ORGANIZATIONID)
 Values
   ('t7', 'RES0009', 'operationlist', '/Views/Basedata/OperationList.aspx', '操作列表', 
    '操作管理', '/Basedata', NULL, 'N', TO_DATE('08/10/2009 00:00:00', 'MM/DD/YYYY HH24:MI:SS'), 
    'admin', TO_DATE('08/10/2009 00:00:00', 'MM/DD/YYYY HH24:MI:SS'), 'admin', 't1');
Insert into SQMS_PRIVATE_0927.RESOURCEITEM
   (RESID, RESCODE, RESIDENTITY, VIEWNAME, RESNAME, 
    RESTYPE, LOCATION, MEMO, ISVOID, CREATED, 
    CREATEDBY, MODIFIED, MODIFIEDBY, ORGANIZATIONID)
 Values
   ('t8', 'RES0010', 'employeenew', '/Views/Basedata/EmployeeEdit.aspx', '职员新增', 
    '职员管理', '/Basedata', NULL, 'N', TO_DATE('08/11/2009 00:00:00', 'MM/DD/YYYY HH24:MI:SS'), 
    'admin', TO_DATE('08/11/2009 00:00:00', 'MM/DD/YYYY HH24:MI:SS'), 'admin', 't1');
Insert into SQMS_PRIVATE_0927.RESOURCEITEM
   (RESID, RESCODE, RESIDENTITY, VIEWNAME, RESNAME, 
    RESTYPE, LOCATION, MEMO, ISVOID, CREATED, 
    CREATEDBY, MODIFIED, MODIFIEDBY, ORGANIZATIONID)
 Values
   ('t9', 'RES00012', 'rolelist', '/Views/Basedata/RoleList.aspx', '角色列表', 
    '角色管理', '/Basedata', NULL, 'N', TO_DATE('08/11/2009 00:00:00', 'MM/DD/YYYY HH24:MI:SS'), 
    'admin', TO_DATE('08/11/2009 00:00:00', 'MM/DD/YYYY HH24:MI:SS'), 'admin', 't1');
Insert into SQMS_PRIVATE_0927.RESOURCEITEM
   (RESID, RESCODE, RESIDENTITY, VIEWNAME, RESNAME, 
    RESTYPE, LOCATION, MEMO, ISVOID, CREATED, 
    CREATEDBY, MODIFIED, MODIFIEDBY, ORGANIZATIONID)
 Values
   ('t12', 'RES13', 'roleedit', '/Views/Basedata/RoleEdit.aspx', '角色编辑', 
    '角色管理', '/Basedata', NULL, 'N', TO_DATE('08/11/2009 00:00:00', 'MM/DD/YYYY HH24:MI:SS'), 
    'admin', TO_DATE('08/11/2009 00:00:00', 'MM/DD/YYYY HH24:MI:SS'), 'admin', 't1');
Insert into SQMS_PRIVATE_0927.RESOURCEITEM
   (RESID, RESCODE, RESIDENTITY, VIEWNAME, RESNAME, 
    RESTYPE, LOCATION, MEMO, ISVOID, CREATED, 
    CREATEDBY, MODIFIED, MODIFIEDBY, ORGANIZATIONID)
 Values
   ('t13', 'RES00014', 'rolenew', '/Views/Basedata/RoleEdit.aspx', '角色新增', 
    '角色管理', '/Basedata', NULL, 'N', TO_DATE('08/11/2009 00:00:00', 'MM/DD/YYYY HH24:MI:SS'), 
    'admin', TO_DATE('08/11/2009 00:00:00', 'MM/DD/YYYY HH24:MI:SS'), 'admin', 't1');
Insert into SQMS_PRIVATE_0927.RESOURCEITEM
   (RESID, RESCODE, RESIDENTITY, VIEWNAME, RESNAME, 
    RESTYPE, LOCATION, MEMO, ISVOID, CREATED, 
    CREATEDBY, MODIFIED, MODIFIEDBY, ORGANIZATIONID)
 Values
   ('t14', 'RES00015', 'roleview', '/Views/Basedata/RoleView.aspx', '角色浏览', 
    '角色管理', '/Basedata', NULL, 'N', TO_DATE('08/11/2009 00:00:00', 'MM/DD/YYYY HH24:MI:SS'), 
    'admin', TO_DATE('08/11/2009 00:00:00', 'MM/DD/YYYY HH24:MI:SS'), 'admin', 't1');
Insert into SQMS_PRIVATE_0927.RESOURCEITEM
   (RESID, RESCODE, RESIDENTITY, VIEWNAME, RESNAME, 
    RESTYPE, LOCATION, MEMO, ISVOID, CREATED, 
    CREATEDBY, MODIFIED, MODIFIEDBY, ORGANIZATIONID)
 Values
   ('vtlist', 'res_vtlist', 'vtlist', '/Views/Vehicle/VehicleTaskList.aspx', '行车任务列表', 
    '行车任务管理', '/Vehicle', NULL, 'N', TO_DATE('09/29/2009 00:00:00', 'MM/DD/YYYY HH24:MI:SS'), 
    'admin', TO_DATE('09/29/2009 00:00:00', 'MM/DD/YYYY HH24:MI:SS'), 'admin', 't1');
Insert into SQMS_PRIVATE_0927.RESOURCEITEM
   (RESID, RESCODE, RESIDENTITY, VIEWNAME, RESNAME, 
    RESTYPE, LOCATION, MEMO, ISVOID, CREATED, 
    CREATEDBY, MODIFIED, MODIFIEDBY, ORGANIZATIONID)
 Values
   ('vtedit', 'res_vtedit', 'vtedit', '/Views/Vehicle/VehicleTaskEdit.aspx', '行车任务编辑', 
    '行车任务管理', '/Vehicle', NULL, 'N', TO_DATE('09/29/2009 00:00:00', 'MM/DD/YYYY HH24:MI:SS'), 
    'admin', TO_DATE('09/29/2009 00:00:00', 'MM/DD/YYYY HH24:MI:SS'), 'admin', 't1');
Insert into SQMS_PRIVATE_0927.RESOURCEITEM
   (RESID, RESCODE, RESIDENTITY, VIEWNAME, RESNAME, 
    RESTYPE, LOCATION, MEMO, ISVOID, CREATED, 
    CREATEDBY, MODIFIED, MODIFIEDBY, ORGANIZATIONID)
 Values
   ('vtview', 'res_vtview', 'vtview', '/Views/Vehicle/VehicleTaskView.aspx', '行车任务浏览', 
    '行车任务管理', '/Vehicle', NULL, 'N', TO_DATE('09/29/2009 00:00:00', 'MM/DD/YYYY HH24:MI:SS'), 
    'admin', TO_DATE('09/29/2009 00:00:00', 'MM/DD/YYYY HH24:MI:SS'), 'admin', 't1');
Insert into SQMS_PRIVATE_0927.RESOURCEITEM
   (RESID, RESCODE, RESIDENTITY, VIEWNAME, RESNAME, 
    RESTYPE, LOCATION, MEMO, ISVOID, CREATED, 
    CREATEDBY, MODIFIED, MODIFIEDBY, ORGANIZATIONID)
 Values
   ('vtnew', 'res_vtnew', 'vtnew', '/Views/Vehicle/VehicleTaskEdit.aspx', '行车任务新增', 
    '行车任务管理', '/Vehicle', NULL, 'N', TO_DATE('09/29/2009 00:00:00', 'MM/DD/YYYY HH24:MI:SS'), 
    'admin', TO_DATE('09/29/2009 00:00:00', 'MM/DD/YYYY HH24:MI:SS'), 'admin', 't1');
Insert into SQMS_PRIVATE_0927.RESOURCEITEM
   (RESID, RESCODE, RESIDENTITY, VIEWNAME, RESNAME, 
    RESTYPE, LOCATION, MEMO, ISVOID, CREATED, 
    CREATEDBY, MODIFIED, MODIFIEDBY, ORGANIZATIONID)
 Values
   ('vehiclemonitor', 'res_vehiclemonitor', 'vehiclemonitor', '/Views/Vehicle/VehicleMonitor.aspx', '行车轨迹监控', 
    '行车轨迹监控', '/Vehicle', NULL, 'N', TO_DATE('09/30/2009 00:00:00', 'MM/DD/YYYY HH24:MI:SS'), 
    'admin', TO_DATE('09/30/2009 00:00:00', 'MM/DD/YYYY HH24:MI:SS'), 'admin', 't1');
Insert into SQMS_PRIVATE_0927.RESOURCEITEM
   (RESID, RESCODE, RESIDENTITY, VIEWNAME, RESNAME, 
    RESTYPE, LOCATION, MEMO, ISVOID, CREATED, 
    CREATEDBY, MODIFIED, MODIFIEDBY, ORGANIZATIONID)
 Values
   ('7', 'RE-633905199529375000', 'VehicleMonitor', '/Views/Vehicle/VehicleMonitor.aspx', '行车任务监控', 
    NULL, NULL, NULL, 'N', TO_DATE('10/07/2009 13:46:48', 'MM/DD/YYYY HH24:MI:SS'), 
    't2', TO_DATE('10/07/2009 14:44:32', 'MM/DD/YYYY HH24:MI:SS'), 't2', 't1');
Insert into SQMS_PRIVATE_0927.RESOURCEITEM
   (RESID, RESCODE, RESIDENTITY, VIEWNAME, RESNAME, 
    RESTYPE, LOCATION, MEMO, ISVOID, CREATED, 
    CREATEDBY, MODIFIED, MODIFIEDBY, ORGANIZATIONID)
 Values
   ('9', 'RE-633905213223281250', 'VehicleTaskAjaxSvc', '/Views/AjaxServices/VehicleMission/VehicleMission.aspx', '行车任务监控Ajax服务', 
    NULL, NULL, NULL, 'N', TO_DATE('10/07/2009 14:09:43', 'MM/DD/YYYY HH24:MI:SS'), 
    't2', TO_DATE('10/07/2009 14:44:25', 'MM/DD/YYYY HH24:MI:SS'), 't2', 't1');
Insert into SQMS_PRIVATE_0927.RESOURCEITEM
   (RESID, RESCODE, RESIDENTITY, VIEWNAME, RESNAME, 
    RESTYPE, LOCATION, MEMO, ISVOID, CREATED, 
    CREATEDBY, MODIFIED, MODIFIEDBY, ORGANIZATIONID)
 Values
   ('t10', 'RES0001', 'employeeedit', '/Views/Basedata/EmployeeEdit.aspx', '职员编辑', 
    '职员管理', '/Basedata', NULL, 'N', TO_DATE('08/07/2009 00:00:00', 'MM/DD/YYYY HH24:MI:SS'), 
    'admin', TO_DATE('08/07/2009 00:00:00', 'MM/DD/YYYY HH24:MI:SS'), 'admin', 't1');
Insert into SQMS_PRIVATE_0927.RESOURCEITEM
   (RESID, RESCODE, RESIDENTITY, VIEWNAME, RESNAME, 
    RESTYPE, LOCATION, MEMO, ISVOID, CREATED, 
    CREATEDBY, MODIFIED, MODIFIEDBY, ORGANIZATIONID)
 Values
   ('t11', 'RES0002', 'employeeview', '/Views/Basedata/EmployeeView.aspx', '职员浏览', 
    '职员管理', '/Basedata', NULL, 'N', TO_DATE('08/07/2009 00:00:00', 'MM/DD/YYYY HH24:MI:SS'), 
    'admin', TO_DATE('08/07/2009 00:00:00', 'MM/DD/YYYY HH24:MI:SS'), 'admin', 't1');
Insert into SQMS_PRIVATE_0927.RESOURCEITEM
   (RESID, RESCODE, RESIDENTITY, VIEWNAME, RESNAME, 
    RESTYPE, LOCATION, MEMO, ISVOID, CREATED, 
    CREATEDBY, MODIFIED, MODIFIEDBY, ORGANIZATIONID)
 Values
   ('t23', 'RES00024', 'operationnew', '/Views/Basedata/OperationEdit.aspx', '操作新增', 
    '操作管理', '/Basedata', NULL, 'N', TO_DATE('08/12/2009 00:00:00', 'MM/DD/YYYY HH24:MI:SS'), 
    'admin', TO_DATE('08/12/2009 00:00:00', 'MM/DD/YYYY HH24:MI:SS'), 'admin', 't1');
Insert into SQMS_PRIVATE_0927.RESOURCEITEM
   (RESID, RESCODE, RESIDENTITY, VIEWNAME, RESNAME, 
    RESTYPE, LOCATION, MEMO, ISVOID, CREATED, 
    CREATEDBY, MODIFIED, MODIFIEDBY, ORGANIZATIONID)
 Values
   ('RoadNew', 'RES00027', 'roadnew', '/Views/Road/RoadEdit.aspx', '路段新增', 
    '路段管理', '/Road', NULL, 'N', TO_DATE('08/12/2009 00:00:00', 'MM/DD/YYYY HH24:MI:SS'), 
    'admin', TO_DATE('08/12/2009 00:00:00', 'MM/DD/YYYY HH24:MI:SS'), 'admin', 't1');
Insert into SQMS_PRIVATE_0927.RESOURCEITEM
   (RESID, RESCODE, RESIDENTITY, VIEWNAME, RESNAME, 
    RESTYPE, LOCATION, MEMO, ISVOID, CREATED, 
    CREATEDBY, MODIFIED, MODIFIEDBY, ORGANIZATIONID)
 Values
   ('qualityappraisal', 'res_qualityappraisal', 'qualityappraisal', '/Views/Quality/QualityAppraisal.aspx', '质量评估', 
    '质量监控', '/Quality', NULL, 'N', TO_DATE('09/04/2009 00:00:00', 'MM/DD/YYYY HH24:MI:SS'), 
    'admin', TO_DATE('09/04/2009 00:00:00', 'MM/DD/YYYY HH24:MI:SS'), 'admin', 't1');
Insert into SQMS_PRIVATE_0927.RESOURCEITEM
   (RESID, RESCODE, RESIDENTITY, VIEWNAME, RESNAME, 
    RESTYPE, LOCATION, MEMO, ISVOID, CREATED, 
    CREATEDBY, MODIFIED, MODIFIEDBY, ORGANIZATIONID)
 Values
   ('qualityappraisallist', 'res_qualityappraisallist', 'qalist', '/Views/Quality/QualityAppraisalList.aspx', '质量评估列表', 
    '质量监控', '/Quality', NULL, 'N', TO_DATE('09/04/2009 00:00:00', 'MM/DD/YYYY HH24:MI:SS'), 
    'admin', TO_DATE('09/04/2009 00:00:00', 'MM/DD/YYYY HH24:MI:SS'), 'admin', 't1');
Insert into SQMS_PRIVATE_0927.RESOURCEITEM
   (RESID, RESCODE, RESIDENTITY, VIEWNAME, RESNAME, 
    RESTYPE, LOCATION, MEMO, ISVOID, CREATED, 
    CREATEDBY, MODIFIED, MODIFIEDBY, ORGANIZATIONID)
 Values
   ('timeschemanew', 'res_timeschemanew', 'timeschemanew', '/Views/Quality/TimeSchemaEdit.aspx', '时间段设置新增', 
    '质量监控', '/Quality', NULL, 'N', TO_DATE('09/06/2009 00:00:00', 'MM/DD/YYYY HH24:MI:SS'), 
    'admin', TO_DATE('09/06/2009 00:00:00', 'MM/DD/YYYY HH24:MI:SS'), 'admin', 't1');
Insert into SQMS_PRIVATE_0927.RESOURCEITEM
   (RESID, RESCODE, RESIDENTITY, VIEWNAME, RESNAME, 
    RESTYPE, LOCATION, MEMO, ISVOID, CREATED, 
    CREATEDBY, MODIFIED, MODIFIEDBY, ORGANIZATIONID)
 Values
   ('timeschemaedit', 'res_timeschemaedit', 'timeschemaedit', '/Views/Quality/TimeSchemaEdit.aspx', '时间段设置编辑', 
    '质量监控', '/Quality', NULL, 'N', TO_DATE('09/06/2009 00:00:00', 'MM/DD/YYYY HH24:MI:SS'), 
    'admin', TO_DATE('09/06/2009 00:00:00', 'MM/DD/YYYY HH24:MI:SS'), 'admin', 't1');
Insert into SQMS_PRIVATE_0927.RESOURCEITEM
   (RESID, RESCODE, RESIDENTITY, VIEWNAME, RESNAME, 
    RESTYPE, LOCATION, MEMO, ISVOID, CREATED, 
    CREATEDBY, MODIFIED, MODIFIEDBY, ORGANIZATIONID)
 Values
   ('timeschemalist', 'res_timeschemalist', 'timeschemalist', '/Views/Quality/TimeSchemaList.aspx', '时间段设置列表', 
    '质量监控', '/Quality', NULL, 'N', TO_DATE('09/06/2009 00:00:00', 'MM/DD/YYYY HH24:MI:SS'), 
    'admin', TO_DATE('09/06/2009 00:00:00', 'MM/DD/YYYY HH24:MI:SS'), 'admin', 't1');
Insert into SQMS_PRIVATE_0927.RESOURCEITEM
   (RESID, RESCODE, RESIDENTITY, VIEWNAME, RESNAME, 
    RESTYPE, LOCATION, MEMO, ISVOID, CREATED, 
    CREATEDBY, MODIFIED, MODIFIEDBY, ORGANIZATIONID)
 Values
   ('timeschemaview', 'res_timeschemaview', 'timeschemaview', '/Views/Quality/TimeSchemaView.aspx', '时间段设置浏览', 
    '质量监控', '/Quality', NULL, 'N', TO_DATE('09/06/2009 00:00:00', 'MM/DD/YYYY HH24:MI:SS'), 
    'admin', TO_DATE('09/06/2009 00:00:00', 'MM/DD/YYYY HH24:MI:SS'), 'admin', 't1');
Insert into SQMS_PRIVATE_0927.RESOURCEITEM
   (RESID, RESCODE, RESIDENTITY, VIEWNAME, RESNAME, 
    RESTYPE, LOCATION, MEMO, ISVOID, CREATED, 
    CREATEDBY, MODIFIED, MODIFIEDBY, ORGANIZATIONID)
 Values
   ('qualityinfo', 'res_qualityinfo', 'qualityinfo', '/Views/AjaxServices/QualityControl/QualityInfo.aspx', '质控信息', 
    '质量监控', '/AjaxServices', NULL, 'N', TO_DATE('09/13/2009 00:00:00', 'MM/DD/YYYY HH24:MI:SS'), 
    'admin', TO_DATE('09/13/2009 00:00:00', 'MM/DD/YYYY HH24:MI:SS'), 'admin', 't1');
Insert into SQMS_PRIVATE_0927.RESOURCEITEM
   (RESID, RESCODE, RESIDENTITY, VIEWNAME, RESNAME, 
    RESTYPE, LOCATION, MEMO, ISVOID, CREATED, 
    CREATEDBY, MODIFIED, MODIFIEDBY, ORGANIZATIONID)
 Values
   ('projectnew', 'RES00030', 'projectnew', '/Views/Project/ProjectEdit.aspx', '项目新增', 
    '项目管理', '/Project', NULL, 'N', TO_DATE('08/23/2009 00:00:00', 'MM/DD/YYYY HH24:MI:SS'), 
    'admin', TO_DATE('08/23/2009 00:00:00', 'MM/DD/YYYY HH24:MI:SS'), 'admin', 't1');
COMMIT;

SET DEFINE OFF;
Insert into SQMS_PRIVATE_0927.QUALITY
   (QMID, CHARGEPERSON, WORKUNIT, STATUS, MPID, 
    EMERGENCYPERSON, QMCODE, CHECKPERSON, ROADID, MATERIAL, 
    LONGITUDE, LATITUDE, TYPE, MEMO, CREATED, 
    CREATEDBY, MODIFIED, MODIFIEDBY, ORGANIZATIONID, SUITEID, 
    ISVOID, QUALITYLEVEL, IMAGEURL, VIDEOURL)
 Values
   ('A00034', '1', 't1', '_qc_state_valid', 'A00004', 
    '1', 'A00034', '361', NULL, 'http://pic.nipic.com/2007-08-14/200781412170982_2.jpg', 
    106.599740982056, 29.6006256449822, '_qc_type_normal', NULL, TO_DATE('09/13/2009 16:59:00', 'MM/DD/YYYY HH24:MI:SS'), 
    NULL, TO_DATE('09/13/2009 16:59:00', 'MM/DD/YYYY HH24:MI:SS'), NULL, 't1', NULL, 
    'N', NULL, 'http://pic.nipic.com/2007-08-14/200781412170982_2.jpg', 'http://localhost:6033/test.flv');
Insert into SQMS_PRIVATE_0927.QUALITY
   (QMID, CHARGEPERSON, WORKUNIT, STATUS, MPID, 
    EMERGENCYPERSON, QMCODE, CHECKPERSON, ROADID, MATERIAL, 
    LONGITUDE, LATITUDE, TYPE, MEMO, CREATED, 
    CREATEDBY, MODIFIED, MODIFIEDBY, ORGANIZATIONID, SUITEID, 
    ISVOID, QUALITYLEVEL, IMAGEURL, VIDEOURL)
 Values
   ('A00035', '1', 't1', '_qc_state_valid', 'A00004', 
    '1', 'A00035', '361', NULL, 'http://www.hn119.gov.cn/Files/newsimg/2006/2006.10/2006.10.12/200610121716587129.jpg', 
    106.599740982056, 29.6006256449822, '_qc_type_normal', NULL, TO_DATE('09/13/2009 13:53:00', 'MM/DD/YYYY HH24:MI:SS'), 
    NULL, TO_DATE('09/13/2009 13:53:00', 'MM/DD/YYYY HH24:MI:SS'), NULL, 't1', NULL, 
    'N', NULL, 'http://www.hn119.gov.cn/Files/newsimg/2006/2006.10/2006.10.12/200610121716587129.jpg', 'http://localhost:6033/test.flv');
Insert into SQMS_PRIVATE_0927.QUALITY
   (QMID, CHARGEPERSON, WORKUNIT, STATUS, MPID, 
    EMERGENCYPERSON, QMCODE, CHECKPERSON, ROADID, MATERIAL, 
    LONGITUDE, LATITUDE, TYPE, MEMO, CREATED, 
    CREATEDBY, MODIFIED, MODIFIEDBY, ORGANIZATIONID, SUITEID, 
    ISVOID, QUALITYLEVEL, IMAGEURL, VIDEOURL)
 Values
   ('A00036', '1', 't1', '_qc_state_valid', 'A00004', 
    '1', 'A00035', '361', NULL, 'http://www.gsw.gov.cn/UpFiles/Article/wyx/200902/200902261612549400.jpg', 
    106.599740982056, 29.6006256449822, '_qc_type_normal', NULL, TO_DATE('09/13/2009 14:00:00', 'MM/DD/YYYY HH24:MI:SS'), 
    NULL, TO_DATE('09/13/2009 14:00:00', 'MM/DD/YYYY HH24:MI:SS'), NULL, 't1', NULL, 
    'N', NULL, 'http://www.gsw.gov.cn/UpFiles/Article/wyx/200902/200902261612549400.jpg', 'http://localhost:6033/test.flv');
Insert into SQMS_PRIVATE_0927.QUALITY
   (QMID, CHARGEPERSON, WORKUNIT, STATUS, MPID, 
    EMERGENCYPERSON, QMCODE, CHECKPERSON, ROADID, MATERIAL, 
    LONGITUDE, LATITUDE, TYPE, MEMO, CREATED, 
    CREATEDBY, MODIFIED, MODIFIEDBY, ORGANIZATIONID, SUITEID, 
    ISVOID, QUALITYLEVEL, IMAGEURL, VIDEOURL)
 Values
   ('A00037', '1', 't1', '_qc_state_valid', 'A00004', 
    '1', 'A00037', '361', NULL, 'http://img.hc360.com/ep/info/images/200907/200907071514534391.jpg', 
    106.599740982056, 29.6006256449822, '_qc_type_normal', NULL, TO_DATE('09/14/2009 14:00:00', 'MM/DD/YYYY HH24:MI:SS'), 
    NULL, TO_DATE('09/14/2009 14:00:00', 'MM/DD/YYYY HH24:MI:SS'), NULL, 't1', NULL, 
    'N', NULL, 'http://img.hc360.com/ep/info/images/200907/200907071514534391.jpg', 'http://localhost:6033/test.flv');
Insert into SQMS_PRIVATE_0927.QUALITY
   (QMID, CHARGEPERSON, WORKUNIT, STATUS, MPID, 
    EMERGENCYPERSON, QMCODE, CHECKPERSON, ROADID, MATERIAL, 
    LONGITUDE, LATITUDE, TYPE, MEMO, CREATED, 
    CREATEDBY, MODIFIED, MODIFIEDBY, ORGANIZATIONID, SUITEID, 
    ISVOID, QUALITYLEVEL, IMAGEURL, VIDEOURL)
 Values
   ('A00038', '1', 't1', '_qc_state_valid', 'A00004', 
    '1', 'A00038', '361', NULL, 'http://img1.zxxk.com/2009-8/ZXXKCOM2009080509411234300.jpg', 
    106.599740982056, 29.6006256449822, '_qc_type_normal', NULL, TO_DATE('09/14/2009 12:00:00', 'MM/DD/YYYY HH24:MI:SS'), 
    NULL, TO_DATE('09/14/2009 12:00:00', 'MM/DD/YYYY HH24:MI:SS'), NULL, 't1', NULL, 
    'N', NULL, 'http://img1.zxxk.com/2009-8/ZXXKCOM2009080509411234300.jpg', 'http://localhost:6033/test.flv');
Insert into SQMS_PRIVATE_0927.QUALITY
   (QMID, CHARGEPERSON, WORKUNIT, STATUS, MPID, 
    EMERGENCYPERSON, QMCODE, CHECKPERSON, ROADID, MATERIAL, 
    LONGITUDE, LATITUDE, TYPE, MEMO, CREATED, 
    CREATEDBY, MODIFIED, MODIFIEDBY, ORGANIZATIONID, SUITEID, 
    ISVOID, QUALITYLEVEL, IMAGEURL, VIDEOURL)
 Values
   ('A00039', '1', 't1', '_qc_state_valid', 'A00004', 
    '1', 'A00039', '361', NULL, 'http://www.xunleil.com.cn/uploadfile/200905/25/727155485.jpg', 
    106.599740982056, 29.6006256449822, '_qc_type_normal', NULL, TO_DATE('09/14/2009 12:00:00', 'MM/DD/YYYY HH24:MI:SS'), 
    NULL, TO_DATE('09/14/2009 12:00:00', 'MM/DD/YYYY HH24:MI:SS'), NULL, 't1', NULL, 
    'N', NULL, 'http://www.xunleil.com.cn/uploadfile/200905/25/727155485.jpg', 'http://localhost:6033/test.flv');
Insert into SQMS_PRIVATE_0927.QUALITY
   (QMID, CHARGEPERSON, WORKUNIT, STATUS, MPID, 
    EMERGENCYPERSON, QMCODE, CHECKPERSON, ROADID, MATERIAL, 
    LONGITUDE, LATITUDE, TYPE, MEMO, CREATED, 
    CREATEDBY, MODIFIED, MODIFIEDBY, ORGANIZATIONID, SUITEID, 
    ISVOID, QUALITYLEVEL, IMAGEURL, VIDEOURL)
 Values
   ('A00040', '1', 't1', '_qc_state_valid', 'A00004', 
    '1', 'A00040', '361', NULL, 'http://news.xinhuanet.com/environment/2006-10/20/xin_5321003201620640216911.jpg', 
    106.599740982056, 29.6006256449822, '_qc_type_normal', NULL, TO_DATE('09/14/2009 14:00:00', 'MM/DD/YYYY HH24:MI:SS'), 
    NULL, TO_DATE('09/14/2009 14:00:00', 'MM/DD/YYYY HH24:MI:SS'), NULL, 't1', NULL, 
    'N', NULL, 'http://news.xinhuanet.com/environment/2006-10/20/xin_5321003201620640216911.jpg', 'http://localhost:6033/test.flv');
Insert into SQMS_PRIVATE_0927.QUALITY
   (QMID, CHARGEPERSON, WORKUNIT, STATUS, MPID, 
    EMERGENCYPERSON, QMCODE, CHECKPERSON, ROADID, MATERIAL, 
    LONGITUDE, LATITUDE, TYPE, MEMO, CREATED, 
    CREATEDBY, MODIFIED, MODIFIEDBY, ORGANIZATIONID, SUITEID, 
    ISVOID, QUALITYLEVEL, IMAGEURL, VIDEOURL)
 Values
   ('A00041', '1', 't1', '_qc_state_valid', 'A00004', 
    '1', 'A00041', '361', NULL, 'http://210.87.144.54/jpkc/hjbh/imagesw/wykj901.jpg', 
    106.599740982056, 29.6006256449822, '_qc_type_normal', NULL, TO_DATE('09/14/2009 14:00:00', 'MM/DD/YYYY HH24:MI:SS'), 
    NULL, TO_DATE('09/14/2009 14:00:00', 'MM/DD/YYYY HH24:MI:SS'), NULL, 't1', NULL, 
    'N', NULL, 'http://210.87.144.54/jpkc/hjbh/imagesw/wykj901.jpg', 'http://localhost:6033/test.flv');
Insert into SQMS_PRIVATE_0927.QUALITY
   (QMID, CHARGEPERSON, WORKUNIT, STATUS, MPID, 
    EMERGENCYPERSON, QMCODE, CHECKPERSON, ROADID, MATERIAL, 
    LONGITUDE, LATITUDE, TYPE, MEMO, CREATED, 
    CREATEDBY, MODIFIED, MODIFIEDBY, ORGANIZATIONID, SUITEID, 
    ISVOID, QUALITYLEVEL, IMAGEURL, VIDEOURL)
 Values
   ('A00042', '1', 't1', '_qc_state_valid', 'A00004', 
    '1', 'A00042', '361', NULL, 'http://www.hksti.gov.cn/upload/2006_03/060321092099101.jpg', 
    106.599740982056, 29.6006256449822, '_qc_type_normal', NULL, TO_DATE('09/14/2009 17:01:00', 'MM/DD/YYYY HH24:MI:SS'), 
    NULL, TO_DATE('09/14/2009 17:01:00', 'MM/DD/YYYY HH24:MI:SS'), NULL, 't1', NULL, 
    'N', NULL, 'http://www.hksti.gov.cn/upload/2006_03/060321092099101.jpg', 'http://localhost:6033/test.flv');
Insert into SQMS_PRIVATE_0927.QUALITY
   (QMID, CHARGEPERSON, WORKUNIT, STATUS, MPID, 
    EMERGENCYPERSON, QMCODE, CHECKPERSON, ROADID, MATERIAL, 
    LONGITUDE, LATITUDE, TYPE, MEMO, CREATED, 
    CREATEDBY, MODIFIED, MODIFIEDBY, ORGANIZATIONID, SUITEID, 
    ISVOID, QUALITYLEVEL, IMAGEURL, VIDEOURL)
 Values
   ('A00043', '1', 't1', '_qc_state_valid', 'A00004', 
    '1', 'A00043', '361', NULL, 'http://pic1.nipic.com/2008-10-14/20081014111710389_2.jpg', 
    106.599740982056, 29.6006256449822, '_qc_type_normal', NULL, TO_DATE('09/14/2009 16:59:00', 'MM/DD/YYYY HH24:MI:SS'), 
    NULL, TO_DATE('09/14/2009 16:59:00', 'MM/DD/YYYY HH24:MI:SS'), NULL, 't1', NULL, 
    'N', NULL, 'http://pic1.nipic.com/2008-10-14/20081014111710389_2.jpg', 'http://localhost:6033/test.flv');
Insert into SQMS_PRIVATE_0927.QUALITY
   (QMID, CHARGEPERSON, WORKUNIT, STATUS, MPID, 
    EMERGENCYPERSON, QMCODE, CHECKPERSON, ROADID, MATERIAL, 
    LONGITUDE, LATITUDE, TYPE, MEMO, CREATED, 
    CREATEDBY, MODIFIED, MODIFIEDBY, ORGANIZATIONID, SUITEID, 
    ISVOID, QUALITYLEVEL, IMAGEURL, VIDEOURL)
 Values
   ('A00044', '1', 't1', '_qc_state_valid', 'A00004', 
    '1', 'A00044', '361', NULL, 'http://news.xinhuanet.com/newscenter/2007-09/23/xin_0020904232038515157499.jpg', 
    106.599740982056, 29.6006256449822, '_qc_type_normal', NULL, TO_DATE('09/15/2009 16:59:00', 'MM/DD/YYYY HH24:MI:SS'), 
    NULL, TO_DATE('09/15/2009 16:59:00', 'MM/DD/YYYY HH24:MI:SS'), NULL, 't1', NULL, 
    'N', NULL, 'http://news.xinhuanet.com/newscenter/2007-09/23/xin_0020904232038515157499.jpg', 'http://localhost:6033/test.flv');
Insert into SQMS_PRIVATE_0927.QUALITY
   (QMID, CHARGEPERSON, WORKUNIT, STATUS, MPID, 
    EMERGENCYPERSON, QMCODE, CHECKPERSON, ROADID, MATERIAL, 
    LONGITUDE, LATITUDE, TYPE, MEMO, CREATED, 
    CREATEDBY, MODIFIED, MODIFIEDBY, ORGANIZATIONID, SUITEID, 
    ISVOID, QUALITYLEVEL, IMAGEURL, VIDEOURL)
 Values
   ('A00045', '1', 't1', '_qc_state_valid', 'A00004', 
    '1', 'A00045', '361', NULL, 'http://news.xinhuanet.com/politics/2006-06/04/xinsrc_0820603041322765164404.jpg', 
    106.599740982056, 29.6006256449822, '_qc_type_normal', NULL, TO_DATE('09/15/2009 13:59:00', 'MM/DD/YYYY HH24:MI:SS'), 
    NULL, TO_DATE('09/15/2009 13:59:00', 'MM/DD/YYYY HH24:MI:SS'), NULL, 't1', NULL, 
    'N', NULL, 'http://news.xinhuanet.com/politics/2006-06/04/xinsrc_0820603041322765164404.jpg', 'http://localhost:6033/test.flv');
Insert into SQMS_PRIVATE_0927.QUALITY
   (QMID, CHARGEPERSON, WORKUNIT, STATUS, MPID, 
    EMERGENCYPERSON, QMCODE, CHECKPERSON, ROADID, MATERIAL, 
    LONGITUDE, LATITUDE, TYPE, MEMO, CREATED, 
    CREATEDBY, MODIFIED, MODIFIEDBY, ORGANIZATIONID, SUITEID, 
    ISVOID, QUALITYLEVEL, IMAGEURL, VIDEOURL)
 Values
   ('A00046', '1', 't1', '_qc_state_valid', 'A00004', 
    '1', 'A00046', '361', NULL, 'http://www.showchina.org/zt/xzjx/07/200902/W020090227691958337631.jpg', 
    106.599740982056, 29.6006256449822, '_qc_type_normal', NULL, TO_DATE('09/15/2009 13:59:00', 'MM/DD/YYYY HH24:MI:SS'), 
    NULL, TO_DATE('09/15/2009 13:59:00', 'MM/DD/YYYY HH24:MI:SS'), NULL, 't1', NULL, 
    'N', NULL, 'http://www.showchina.org/zt/xzjx/07/200902/W020090227691958337631.jpg', 'http://localhost:6033/test.flv');
Insert into SQMS_PRIVATE_0927.QUALITY
   (QMID, CHARGEPERSON, WORKUNIT, STATUS, MPID, 
    EMERGENCYPERSON, QMCODE, CHECKPERSON, ROADID, MATERIAL, 
    LONGITUDE, LATITUDE, TYPE, MEMO, CREATED, 
    CREATEDBY, MODIFIED, MODIFIEDBY, ORGANIZATIONID, SUITEID, 
    ISVOID, QUALITYLEVEL, IMAGEURL, VIDEOURL)
 Values
   ('A00047', '1', 't1', '_qc_state_valid', 'A00004', 
    '1', 'A00047', '361', NULL, 'http://www.hb.chinanews.com.cn/news/2007/2007-09-11/_1189471918_1.jpg', 
    106.599740982056, 29.6006256449822, '_qc_type_normal', NULL, TO_DATE('09/15/2009 10:00:00', 'MM/DD/YYYY HH24:MI:SS'), 
    NULL, TO_DATE('09/15/2009 10:00:00', 'MM/DD/YYYY HH24:MI:SS'), NULL, 't1', NULL, 
    'N', NULL, 'http://www.hb.chinanews.com.cn/news/2007/2007-09-11/_1189471918_1.jpg', 'http://localhost:6033/test.flv');
Insert into SQMS_PRIVATE_0927.QUALITY
   (QMID, CHARGEPERSON, WORKUNIT, STATUS, MPID, 
    EMERGENCYPERSON, QMCODE, CHECKPERSON, ROADID, MATERIAL, 
    LONGITUDE, LATITUDE, TYPE, MEMO, CREATED, 
    CREATEDBY, MODIFIED, MODIFIEDBY, ORGANIZATIONID, SUITEID, 
    ISVOID, QUALITYLEVEL, IMAGEURL, VIDEOURL)
 Values
   ('A00048', '1', 't1', '_qc_state_valid', 'A00004', 
    '1', 'A00048', '361', NULL, 'http://www.gxta.gov.cn/ImageDB/2008/1/ImgS-23170-生态环境.jpg', 
    106.599740982056, 29.6006256449822, '_qc_type_normal', NULL, TO_DATE('09/15/2009 10:00:00', 'MM/DD/YYYY HH24:MI:SS'), 
    NULL, TO_DATE('09/15/2009 10:00:00', 'MM/DD/YYYY HH24:MI:SS'), NULL, 't1', NULL, 
    'N', NULL, 'http://www.gxta.gov.cn/ImageDB/2008/1/ImgS-23170-生态环境.jpg', 'http://localhost:6033/test.flv');
Insert into SQMS_PRIVATE_0927.QUALITY
   (QMID, CHARGEPERSON, WORKUNIT, STATUS, MPID, 
    EMERGENCYPERSON, QMCODE, CHECKPERSON, ROADID, MATERIAL, 
    LONGITUDE, LATITUDE, TYPE, MEMO, CREATED, 
    CREATEDBY, MODIFIED, MODIFIEDBY, ORGANIZATIONID, SUITEID, 
    ISVOID, QUALITYLEVEL, IMAGEURL, VIDEOURL)
 Values
   ('A00049', '1', 't1', '_qc_state_valid', 'A00004', 
    '1', 'A00049', '361', NULL, 'http://www.sc405.com/images/New_Folder/xx4.ht4.jpg', 
    106.599740982056, 29.6006256449822, '_qc_type_normal', NULL, TO_DATE('09/15/2009 12:00:00', 'MM/DD/YYYY HH24:MI:SS'), 
    NULL, TO_DATE('09/15/2009 12:00:00', 'MM/DD/YYYY HH24:MI:SS'), NULL, 't1', NULL, 
    'N', NULL, 'http://www.sc405.com/images/New_Folder/xx4.ht4.jpg', 'http://localhost:6033/test.flv');
Insert into SQMS_PRIVATE_0927.QUALITY
   (QMID, CHARGEPERSON, WORKUNIT, STATUS, MPID, 
    EMERGENCYPERSON, QMCODE, CHECKPERSON, ROADID, MATERIAL, 
    LONGITUDE, LATITUDE, TYPE, MEMO, CREATED, 
    CREATEDBY, MODIFIED, MODIFIEDBY, ORGANIZATIONID, SUITEID, 
    ISVOID, QUALITYLEVEL, IMAGEURL, VIDEOURL)
 Values
   ('A000441', '1', 't1', '_qc_state_valid', 'A00005', 
    '1', 'A00044', '361', NULL, 'http://i1.sinaimg.cn/hs/ul/2009/0728/U2609P361DT20090728101302.jpg', 
    106.599740982056, 29.6006256449822, '_qc_type_normal', NULL, TO_DATE('09/14/2009 16:59:00', 'MM/DD/YYYY HH24:MI:SS'), 
    NULL, TO_DATE('09/14/2009 16:59:00', 'MM/DD/YYYY HH24:MI:SS'), NULL, 't1', NULL, 
    'N', NULL, 'http://i1.sinaimg.cn/hs/ul/2009/0728/U2609P361DT20090728101302.jpg', 'http://localhost:6033/test.flv');
Insert into SQMS_PRIVATE_0927.QUALITY
   (QMID, CHARGEPERSON, WORKUNIT, STATUS, MPID, 
    EMERGENCYPERSON, QMCODE, CHECKPERSON, ROADID, MATERIAL, 
    LONGITUDE, LATITUDE, TYPE, MEMO, CREATED, 
    CREATEDBY, MODIFIED, MODIFIEDBY, ORGANIZATIONID, SUITEID, 
    ISVOID, QUALITYLEVEL, IMAGEURL, VIDEOURL)
 Values
   ('A000451', '1', 't1', '_qc_state_valid', 'A00005', 
    '1', 'A00045', '361', NULL, 'http://vod.zjkepb.gov.cn/images/uploadimg/200941010564686816.jpg', 
    106.599740982056, 29.6006256449822, '_qc_type_normal', NULL, TO_DATE('09/13/2009 16:59:00', 'MM/DD/YYYY HH24:MI:SS'), 
    NULL, TO_DATE('09/13/2009 16:59:00', 'MM/DD/YYYY HH24:MI:SS'), NULL, 't1', NULL, 
    'N', NULL, 'http://vod.zjkepb.gov.cn/images/uploadimg/200941010564686816.jpg', 'http://localhost:6033/test.flv');
Insert into SQMS_PRIVATE_0927.QUALITY
   (QMID, CHARGEPERSON, WORKUNIT, STATUS, MPID, 
    EMERGENCYPERSON, QMCODE, CHECKPERSON, ROADID, MATERIAL, 
    LONGITUDE, LATITUDE, TYPE, MEMO, CREATED, 
    CREATEDBY, MODIFIED, MODIFIEDBY, ORGANIZATIONID, SUITEID, 
    ISVOID, QUALITYLEVEL, IMAGEURL, VIDEOURL)
 Values
   ('A000461', '1', 't1', '_qc_state_valid', 'A00005', 
    '1', 'A00046', '361', NULL, 'http://www.lrn.cn/specialtopic/38EarthDay/xianzhuang/zibai/200704/W020070419626626009478.jpg', 
    106.599740982056, 29.6006256449822, '_qc_type_normal', NULL, TO_DATE('09/13/2009 16:59:00', 'MM/DD/YYYY HH24:MI:SS'), 
    NULL, TO_DATE('09/13/2009 16:59:00', 'MM/DD/YYYY HH24:MI:SS'), NULL, 't1', NULL, 
    'N', NULL, 'http://www.lrn.cn/specialtopic/38EarthDay/xianzhuang/zibai/200704/W020070419626626009478.jpg', 'http://localhost:6033/test.flv');
Insert into SQMS_PRIVATE_0927.QUALITY
   (QMID, CHARGEPERSON, WORKUNIT, STATUS, MPID, 
    EMERGENCYPERSON, QMCODE, CHECKPERSON, ROADID, MATERIAL, 
    LONGITUDE, LATITUDE, TYPE, MEMO, CREATED, 
    CREATEDBY, MODIFIED, MODIFIEDBY, ORGANIZATIONID, SUITEID, 
    ISVOID, QUALITYLEVEL, IMAGEURL, VIDEOURL)
 Values
   ('A000471', '1', 't1', '_qc_state_valid', 'A00005', 
    '1', 'A00047', '361', NULL, 'http://image2.sina.com.cn/dy/c/2005-03-09/U398P1T1D6036781F1394DT20050309164148.jpg', 
    106.599740982056, 29.6006256449822, '_qc_type_normal', NULL, TO_DATE('09/13/2009 11:59:00', 'MM/DD/YYYY HH24:MI:SS'), 
    NULL, TO_DATE('09/13/2009 11:59:00', 'MM/DD/YYYY HH24:MI:SS'), NULL, 't1', NULL, 
    'N', NULL, 'http://image2.sina.com.cn/dy/c/2005-03-09/U398P1T1D6036781F1394DT20050309164148.jpg', 'http://localhost:6033/test.flv');
Insert into SQMS_PRIVATE_0927.QUALITY
   (QMID, CHARGEPERSON, WORKUNIT, STATUS, MPID, 
    EMERGENCYPERSON, QMCODE, CHECKPERSON, ROADID, MATERIAL, 
    LONGITUDE, LATITUDE, TYPE, MEMO, CREATED, 
    CREATEDBY, MODIFIED, MODIFIEDBY, ORGANIZATIONID, SUITEID, 
    ISVOID, QUALITYLEVEL, IMAGEURL, VIDEOURL)
 Values
   ('A000481', '1', 't1', '_qc_state_valid', 'A00005', 
    '1', 'A00048', '361', NULL, 'http://image2.sina.com.cn/dy/c/2005-03-09/U398P1T1D6036781F1394DT20050309164148.jpg', 
    106.599740982056, 29.6006256449822, '_qc_type_normal', NULL, TO_DATE('09/13/2009 11:59:00', 'MM/DD/YYYY HH24:MI:SS'), 
    NULL, TO_DATE('09/13/2009 11:59:00', 'MM/DD/YYYY HH24:MI:SS'), NULL, 't1', NULL, 
    'N', NULL, 'http://image2.sina.com.cn/dy/c/2005-03-09/U398P1T1D6036781F1394DT20050309164148.jpg', 'http://localhost:6033/test.flv');
Insert into SQMS_PRIVATE_0927.QUALITY
   (QMID, CHARGEPERSON, WORKUNIT, STATUS, MPID, 
    EMERGENCYPERSON, QMCODE, CHECKPERSON, ROADID, MATERIAL, 
    LONGITUDE, LATITUDE, TYPE, MEMO, CREATED, 
    CREATEDBY, MODIFIED, MODIFIEDBY, ORGANIZATIONID, SUITEID, 
    ISVOID, QUALITYLEVEL, IMAGEURL, VIDEOURL)
 Values
   ('A000491', '1', 't1', '_qc_state_valid', 'A00005', 
    '1', 'A00049', '361', NULL, 'http://image2.sina.com.cn/dy/c/2005-03-09/U398P1T1D6036781F1395DT20050309164148.jpg', 
    106.599740982056, 29.6006256449822, '_qc_type_normal', NULL, TO_DATE('09/14/2009 11:59:00', 'MM/DD/YYYY HH24:MI:SS'), 
    NULL, TO_DATE('09/14/2009 11:59:00', 'MM/DD/YYYY HH24:MI:SS'), NULL, 't1', NULL, 
    'N', NULL, 'http://image2.sina.com.cn/dy/c/2005-03-09/U398P1T1D6036781F1395DT20050309164148.jpg', 'http://localhost:6033/test.flv');
Insert into SQMS_PRIVATE_0927.QUALITY
   (QMID, CHARGEPERSON, WORKUNIT, STATUS, MPID, 
    EMERGENCYPERSON, QMCODE, CHECKPERSON, ROADID, MATERIAL, 
    LONGITUDE, LATITUDE, TYPE, MEMO, CREATED, 
    CREATEDBY, MODIFIED, MODIFIEDBY, ORGANIZATIONID, SUITEID, 
    ISVOID, QUALITYLEVEL, IMAGEURL, VIDEOURL)
 Values
   ('A00050', '1', 't1', '_qc_state_valid', 'A00005', 
    '1', 'A00050', '361', NULL, 'http://blog.xmnn.cn/images/article/00/01/A0/4F.jpg', 
    106.599740982056, 29.6006256449822, '_qc_type_normal', NULL, TO_DATE('09/14/2009 13:59:00', 'MM/DD/YYYY HH24:MI:SS'), 
    NULL, TO_DATE('09/14/2009 13:59:00', 'MM/DD/YYYY HH24:MI:SS'), NULL, 't1', NULL, 
    'N', NULL, 'http://blog.xmnn.cn/images/article/00/01/A0/4F.jpg', 'http://localhost:6033/test.flv');
Insert into SQMS_PRIVATE_0927.QUALITY
   (QMID, CHARGEPERSON, WORKUNIT, STATUS, MPID, 
    EMERGENCYPERSON, QMCODE, CHECKPERSON, ROADID, MATERIAL, 
    LONGITUDE, LATITUDE, TYPE, MEMO, CREATED, 
    CREATEDBY, MODIFIED, MODIFIEDBY, ORGANIZATIONID, SUITEID, 
    ISVOID, QUALITYLEVEL, IMAGEURL, VIDEOURL)
 Values
   ('A00051', '1', 't1', '_qc_state_valid', 'A00005', 
    '1', 'A00051', '361', NULL, 'http://www.hb.xinhuanet.com/newscenter/2008-03/04/xin_0230305041043281116237.jpg', 
    106.599740982056, 29.6006256449822, '_qc_type_normal', NULL, TO_DATE('09/14/2009 10:00:00', 'MM/DD/YYYY HH24:MI:SS'), 
    NULL, TO_DATE('09/14/2009 10:00:00', 'MM/DD/YYYY HH24:MI:SS'), NULL, 't1', NULL, 
    'N', NULL, 'http://www.hb.xinhuanet.com/newscenter/2008-03/04/xin_0230305041043281116237.jpg', 'http://localhost:6033/test.flv');
Insert into SQMS_PRIVATE_0927.QUALITY
   (QMID, CHARGEPERSON, WORKUNIT, STATUS, MPID, 
    EMERGENCYPERSON, QMCODE, CHECKPERSON, ROADID, MATERIAL, 
    LONGITUDE, LATITUDE, TYPE, MEMO, CREATED, 
    CREATEDBY, MODIFIED, MODIFIEDBY, ORGANIZATIONID, SUITEID, 
    ISVOID, QUALITYLEVEL, IMAGEURL, VIDEOURL)
 Values
   ('A00053', '1', 't1', '_qc_state_valid', 'A00005', 
    '1', 'A00052', '361', NULL, 'http://info.tgnet.cn/Info/Images/2007/11/15/1812963703_266590.jpg', 
    106.599740982056, 29.6006256449822, '_qc_type_normal', NULL, TO_DATE('09/14/2009 10:00:00', 'MM/DD/YYYY HH24:MI:SS'), 
    NULL, TO_DATE('09/14/2009 10:00:00', 'MM/DD/YYYY HH24:MI:SS'), NULL, 't1', NULL, 
    'N', NULL, 'http://info.tgnet.cn/Info/Images/2007/11/15/1812963703_266590.jpg', 'http://localhost:6033/test.flv');
Insert into SQMS_PRIVATE_0927.QUALITY
   (QMID, CHARGEPERSON, WORKUNIT, STATUS, MPID, 
    EMERGENCYPERSON, QMCODE, CHECKPERSON, ROADID, MATERIAL, 
    LONGITUDE, LATITUDE, TYPE, MEMO, CREATED, 
    CREATEDBY, MODIFIED, MODIFIEDBY, ORGANIZATIONID, SUITEID, 
    ISVOID, QUALITYLEVEL, IMAGEURL, VIDEOURL)
 Values
   ('A00001', '1', 't1', '_qc_state_valid', 'A00001', 
    '1', 'A00001', '361', NULL, 'http://images.beijing-2008.org/20070412/Img214033995.jpg', 
    106.599740982056, 29.6006256449822, '_qc_type_normal', NULL, TO_DATE('09/13/2009 12:02:10', 'MM/DD/YYYY HH24:MI:SS'), 
    NULL, TO_DATE('09/13/2009 12:02:10', 'MM/DD/YYYY HH24:MI:SS'), NULL, 't1', NULL, 
    'N', 2, 'http://images.beijing-2008.org/20070412/Img214033995.jpg', 'http://localhost:6033/test.flv');
Insert into SQMS_PRIVATE_0927.QUALITY
   (QMID, CHARGEPERSON, WORKUNIT, STATUS, MPID, 
    EMERGENCYPERSON, QMCODE, CHECKPERSON, ROADID, MATERIAL, 
    LONGITUDE, LATITUDE, TYPE, MEMO, CREATED, 
    CREATEDBY, MODIFIED, MODIFIEDBY, ORGANIZATIONID, SUITEID, 
    ISVOID, QUALITYLEVEL, IMAGEURL, VIDEOURL)
 Values
   ('A00020', '1', 't1', '_qc_state_valid', 'A00002', 
    '1', 'A00020', '361', NULL, 'http://pic.nipic.com/2007-09-24/200792418596290_2.jpg', 
    106.599740982056, 29.6006256449822, '_qc_type_normal', NULL, TO_DATE('09/16/2009 17:00:00', 'MM/DD/YYYY HH24:MI:SS'), 
    NULL, TO_DATE('09/16/2009 17:00:00', 'MM/DD/YYYY HH24:MI:SS'), NULL, 't1', NULL, 
    'N', NULL, 'http://pic.nipic.com/2007-09-24/200792418596290_2.jpg', 'http://localhost:6033/test.flv');
Insert into SQMS_PRIVATE_0927.QUALITY
   (QMID, CHARGEPERSON, WORKUNIT, STATUS, MPID, 
    EMERGENCYPERSON, QMCODE, CHECKPERSON, ROADID, MATERIAL, 
    LONGITUDE, LATITUDE, TYPE, MEMO, CREATED, 
    CREATEDBY, MODIFIED, MODIFIEDBY, ORGANIZATIONID, SUITEID, 
    ISVOID, QUALITYLEVEL, IMAGEURL, VIDEOURL)
 Values
   ('A00021', '1', 't1', '_qc_state_valid', 'A00003', 
    '1', 'A00021', '361', NULL, 'http://a4.att.hudong.com/53/67/01300000167882121549678966552.jpg', 
    106.599740982056, 29.6006256449822, '_qc_type_normal', NULL, TO_DATE('09/16/2009 17:00:00', 'MM/DD/YYYY HH24:MI:SS'), 
    NULL, TO_DATE('09/16/2009 17:00:00', 'MM/DD/YYYY HH24:MI:SS'), NULL, 't1', NULL, 
    'N', NULL, 'http://a4.att.hudong.com/53/67/01300000167882121549678966552.jpg', 'http://localhost:6033/test.flv');
Insert into SQMS_PRIVATE_0927.QUALITY
   (QMID, CHARGEPERSON, WORKUNIT, STATUS, MPID, 
    EMERGENCYPERSON, QMCODE, CHECKPERSON, ROADID, MATERIAL, 
    LONGITUDE, LATITUDE, TYPE, MEMO, CREATED, 
    CREATEDBY, MODIFIED, MODIFIEDBY, ORGANIZATIONID, SUITEID, 
    ISVOID, QUALITYLEVEL, IMAGEURL, VIDEOURL)
 Values
   ('A00022', '1', 't1', '_qc_state_valid', 'A00003', 
    '1', 'A00022', '361', NULL, 'http://a0.att.hudong.com/84/80/01300000167882121549804420930.jpg', 
    106.599740982056, 29.6006256449822, '_qc_type_normal', NULL, TO_DATE('09/16/2009 12:00:00', 'MM/DD/YYYY HH24:MI:SS'), 
    NULL, TO_DATE('09/16/2009 12:00:00', 'MM/DD/YYYY HH24:MI:SS'), NULL, 't1', NULL, 
    'N', NULL, 'http://a0.att.hudong.com/84/80/01300000167882121549804420930.jpg', 'http://localhost:6033/test.flv');
Insert into SQMS_PRIVATE_0927.QUALITY
   (QMID, CHARGEPERSON, WORKUNIT, STATUS, MPID, 
    EMERGENCYPERSON, QMCODE, CHECKPERSON, ROADID, MATERIAL, 
    LONGITUDE, LATITUDE, TYPE, MEMO, CREATED, 
    CREATEDBY, MODIFIED, MODIFIEDBY, ORGANIZATIONID, SUITEID, 
    ISVOID, QUALITYLEVEL, IMAGEURL, VIDEOURL)
 Values
   ('A00023', '1', 't1', '_qc_state_valid', 'A00003', 
    '1', 'A00023', '361', NULL, 'http://pic1.nipic.com/2008-08-26/200882614120475_2.jpg', 
    106.599740982056, 29.6006256449822, '_qc_type_normal', NULL, TO_DATE('09/15/2009 12:00:00', 'MM/DD/YYYY HH24:MI:SS'), 
    NULL, TO_DATE('09/15/2009 12:00:00', 'MM/DD/YYYY HH24:MI:SS'), NULL, 't1', NULL, 
    'N', NULL, 'http://pic1.nipic.com/2008-08-26/200882614120475_2.jpg', 'http://localhost:6033/test.flv');
Insert into SQMS_PRIVATE_0927.QUALITY
   (QMID, CHARGEPERSON, WORKUNIT, STATUS, MPID, 
    EMERGENCYPERSON, QMCODE, CHECKPERSON, ROADID, MATERIAL, 
    LONGITUDE, LATITUDE, TYPE, MEMO, CREATED, 
    CREATEDBY, MODIFIED, MODIFIEDBY, ORGANIZATIONID, SUITEID, 
    ISVOID, QUALITYLEVEL, IMAGEURL, VIDEOURL)
 Values
   ('A00024', '1', 't1', '_qc_state_valid', 'A00003', 
    '1', 'A00024', '361', NULL, 'http://www.chinajnjpw.com/uploads/allimg/090505/2146000.jpg', 
    106.599740982056, 29.6006256449822, '_qc_type_normal', NULL, TO_DATE('09/15/2009 12:00:00', 'MM/DD/YYYY HH24:MI:SS'), 
    NULL, TO_DATE('09/15/2009 12:00:00', 'MM/DD/YYYY HH24:MI:SS'), NULL, 't1', NULL, 
    'N', NULL, 'http://www.chinajnjpw.com/uploads/allimg/090505/2146000.jpg', 'http://localhost:6033/test.flv');
Insert into SQMS_PRIVATE_0927.QUALITY
   (QMID, CHARGEPERSON, WORKUNIT, STATUS, MPID, 
    EMERGENCYPERSON, QMCODE, CHECKPERSON, ROADID, MATERIAL, 
    LONGITUDE, LATITUDE, TYPE, MEMO, CREATED, 
    CREATEDBY, MODIFIED, MODIFIEDBY, ORGANIZATIONID, SUITEID, 
    ISVOID, QUALITYLEVEL, IMAGEURL, VIDEOURL)
 Values
   ('A00025', '1', 't1', '_qc_state_valid', 'A00003', 
    '1', 'A00025', '361', NULL, 'http://www.sinaimg.cn/dy/c/p/2007-07-09/U414P1T1D13406623F23DT20070709111015.jpg', 
    106.599740982056, 29.6006256449822, '_qc_type_normal', NULL, TO_DATE('09/15/2009 12:00:00', 'MM/DD/YYYY HH24:MI:SS'), 
    NULL, TO_DATE('09/15/2009 12:00:00', 'MM/DD/YYYY HH24:MI:SS'), NULL, 't1', NULL, 
    'N', NULL, 'http://www.sinaimg.cn/dy/c/p/2007-07-09/U414P1T1D13406623F23DT20070709111015.jpg', 'http://localhost:6033/test.flv');
Insert into SQMS_PRIVATE_0927.QUALITY
   (QMID, CHARGEPERSON, WORKUNIT, STATUS, MPID, 
    EMERGENCYPERSON, QMCODE, CHECKPERSON, ROADID, MATERIAL, 
    LONGITUDE, LATITUDE, TYPE, MEMO, CREATED, 
    CREATEDBY, MODIFIED, MODIFIEDBY, ORGANIZATIONID, SUITEID, 
    ISVOID, QUALITYLEVEL, IMAGEURL, VIDEOURL)
 Values
   ('A00026', '1', 't1', '_qc_state_valid', 'A00003', 
    '1', 'A00026', '361', NULL, 'http://i0.sinaimg.cn/dy/c/p/2008-03-25/U2468P1T1D15218630F21DT20080325075855.jpg', 
    106.599740982056, 29.6006256449822, '_qc_type_normal', NULL, TO_DATE('09/15/2009 10:00:00', 'MM/DD/YYYY HH24:MI:SS'), 
    NULL, TO_DATE('09/15/2009 10:00:00', 'MM/DD/YYYY HH24:MI:SS'), NULL, 't1', NULL, 
    'N', NULL, 'http://i0.sinaimg.cn/dy/c/p/2008-03-25/U2468P1T1D15218630F21DT20080325075855.jpg', 'http://localhost:6033/test.flv');
Insert into SQMS_PRIVATE_0927.QUALITY
   (QMID, CHARGEPERSON, WORKUNIT, STATUS, MPID, 
    EMERGENCYPERSON, QMCODE, CHECKPERSON, ROADID, MATERIAL, 
    LONGITUDE, LATITUDE, TYPE, MEMO, CREATED, 
    CREATEDBY, MODIFIED, MODIFIEDBY, ORGANIZATIONID, SUITEID, 
    ISVOID, QUALITYLEVEL, IMAGEURL, VIDEOURL)
 Values
   ('A00027', '1', 't1', '_qc_state_valid', 'A00003', 
    '1', 'A00027', '361', NULL, 'http://www.dzhltw.com/upload/100(1).jpg', 
    106.599740982056, 29.6006256449822, '_qc_type_normal', NULL, TO_DATE('09/13/2009 10:00:00', 'MM/DD/YYYY HH24:MI:SS'), 
    NULL, TO_DATE('09/13/2009 10:00:00', 'MM/DD/YYYY HH24:MI:SS'), NULL, 't1', NULL, 
    'N', NULL, 'http://www.dzhltw.com/upload/100(1).jpg', 'http://localhost:6033/test.flv');
Insert into SQMS_PRIVATE_0927.QUALITY
   (QMID, CHARGEPERSON, WORKUNIT, STATUS, MPID, 
    EMERGENCYPERSON, QMCODE, CHECKPERSON, ROADID, MATERIAL, 
    LONGITUDE, LATITUDE, TYPE, MEMO, CREATED, 
    CREATEDBY, MODIFIED, MODIFIEDBY, ORGANIZATIONID, SUITEID, 
    ISVOID, QUALITYLEVEL, IMAGEURL, VIDEOURL)
 Values
   ('A00028', '1', 't1', '_qc_state_valid', 'A00003', 
    '1', 'A00028', '361', NULL, 'http://pic3.nipic.com/20090508/225028_022330146_2.jpg', 
    106.599740982056, 29.6006256449822, '_qc_type_normal', NULL, TO_DATE('09/13/2009 12:00:00', 'MM/DD/YYYY HH24:MI:SS'), 
    NULL, TO_DATE('09/13/2009 12:00:00', 'MM/DD/YYYY HH24:MI:SS'), NULL, 't1', NULL, 
    'N', NULL, 'http://pic3.nipic.com/20090508/225028_022330146_2.jpg', 'http://localhost:6033/test.flv');
Insert into SQMS_PRIVATE_0927.QUALITY
   (QMID, CHARGEPERSON, WORKUNIT, STATUS, MPID, 
    EMERGENCYPERSON, QMCODE, CHECKPERSON, ROADID, MATERIAL, 
    LONGITUDE, LATITUDE, TYPE, MEMO, CREATED, 
    CREATEDBY, MODIFIED, MODIFIEDBY, ORGANIZATIONID, SUITEID, 
    ISVOID, QUALITYLEVEL, IMAGEURL, VIDEOURL)
 Values
   ('A00029', '1', 't1', '_qc_state_valid', 'A00003', 
    '1', 'A00029', '361', NULL, 'http://www.szbaepb.gov.cn/editFiles/2008122112032471.jpg', 
    106.599740982056, 29.6006256449822, '_qc_type_normal', NULL, TO_DATE('09/13/2009 14:00:00', 'MM/DD/YYYY HH24:MI:SS'), 
    NULL, TO_DATE('09/13/2009 14:00:00', 'MM/DD/YYYY HH24:MI:SS'), NULL, 't1', NULL, 
    'N', NULL, 'http://www.szbaepb.gov.cn/editFiles/2008122112032471.jpg', 'http://localhost:6033/test.flv');
Insert into SQMS_PRIVATE_0927.QUALITY
   (QMID, CHARGEPERSON, WORKUNIT, STATUS, MPID, 
    EMERGENCYPERSON, QMCODE, CHECKPERSON, ROADID, MATERIAL, 
    LONGITUDE, LATITUDE, TYPE, MEMO, CREATED, 
    CREATEDBY, MODIFIED, MODIFIEDBY, ORGANIZATIONID, SUITEID, 
    ISVOID, QUALITYLEVEL, IMAGEURL, VIDEOURL)
 Values
   ('A00030', '1', 't1', '_qc_state_valid', 'A00003', 
    '1', 'A00030', '361', NULL, 'http://www.tjnkhwj.gov.cn/hwjFlack2.0/Uploads/Image/3_(2).JPG', 
    106.599740982056, 29.6006256449822, '_qc_type_normal', NULL, TO_DATE('09/13/2009 17:00:00', 'MM/DD/YYYY HH24:MI:SS'), 
    NULL, TO_DATE('09/13/2009 17:00:00', 'MM/DD/YYYY HH24:MI:SS'), NULL, 't1', NULL, 
    'N', NULL, 'http://www.tjnkhwj.gov.cn/hwjFlack2.0/Uploads/Image/3_(2).JPG', 'http://localhost:6033/test.flv');
Insert into SQMS_PRIVATE_0927.QUALITY
   (QMID, CHARGEPERSON, WORKUNIT, STATUS, MPID, 
    EMERGENCYPERSON, QMCODE, CHECKPERSON, ROADID, MATERIAL, 
    LONGITUDE, LATITUDE, TYPE, MEMO, CREATED, 
    CREATEDBY, MODIFIED, MODIFIEDBY, ORGANIZATIONID, SUITEID, 
    ISVOID, QUALITYLEVEL, IMAGEURL, VIDEOURL)
 Values
   ('A00031', '1', 't1', '_qc_state_valid', 'A00003', 
    '1', 'A00031', '361', NULL, 'http://pic.nipic.com/2008-07-23/2008723102642358_2.jpg', 
    106.599740982056, 29.6006256449822, '_qc_type_normal', NULL, TO_DATE('09/13/2009 09:59:00', 'MM/DD/YYYY HH24:MI:SS'), 
    NULL, TO_DATE('09/13/2009 09:59:00', 'MM/DD/YYYY HH24:MI:SS'), NULL, 't1', NULL, 
    'N', NULL, 'http://pic.nipic.com/2008-07-23/2008723102642358_2.jpg', 'http://localhost:6033/test.flv');
Insert into SQMS_PRIVATE_0927.QUALITY
   (QMID, CHARGEPERSON, WORKUNIT, STATUS, MPID, 
    EMERGENCYPERSON, QMCODE, CHECKPERSON, ROADID, MATERIAL, 
    LONGITUDE, LATITUDE, TYPE, MEMO, CREATED, 
    CREATEDBY, MODIFIED, MODIFIEDBY, ORGANIZATIONID, SUITEID, 
    ISVOID, QUALITYLEVEL, IMAGEURL, VIDEOURL)
 Values
   ('A00032', '1', 't1', '_qc_state_valid', 'A00003', 
    '1', 'A00032', '361', NULL, 'http://images.rednet.cn/articleimage/2008/10/20/010337402.jpg', 
    106.599740982056, 29.6006256449822, '_qc_type_normal', NULL, TO_DATE('09/13/2009 13:59:00', 'MM/DD/YYYY HH24:MI:SS'), 
    NULL, TO_DATE('09/13/2009 13:59:00', 'MM/DD/YYYY HH24:MI:SS'), NULL, 't1', NULL, 
    'N', NULL, 'http://images.rednet.cn/articleimage/2008/10/20/010337402.jpg', 'http://localhost:6033/test.flv');
Insert into SQMS_PRIVATE_0927.QUALITY
   (QMID, CHARGEPERSON, WORKUNIT, STATUS, MPID, 
    EMERGENCYPERSON, QMCODE, CHECKPERSON, ROADID, MATERIAL, 
    LONGITUDE, LATITUDE, TYPE, MEMO, CREATED, 
    CREATEDBY, MODIFIED, MODIFIEDBY, ORGANIZATIONID, SUITEID, 
    ISVOID, QUALITYLEVEL, IMAGEURL, VIDEOURL)
 Values
   ('A00033', '1', 't1', '_qc_state_valid', 'A00004', 
    '1', 'A00033', '361', NULL, 'http://i01.c.aliimg.com/club/upload/user/5/7/5/1/57517227cda6da7787f99f0f31869632.jpg', 
    106.599740982056, 29.6006256449822, '_qc_type_normal', NULL, TO_DATE('09/13/2009 16:59:00', 'MM/DD/YYYY HH24:MI:SS'), 
    NULL, TO_DATE('09/13/2009 16:59:00', 'MM/DD/YYYY HH24:MI:SS'), NULL, 't1', NULL, 
    'N', NULL, 'http://i01.c.aliimg.com/club/upload/user/5/7/5/1/57517227cda6da7787f99f0f31869632.jpg', 'http://localhost:6033/test.flv');
Insert into SQMS_PRIVATE_0927.QUALITY
   (QMID, CHARGEPERSON, WORKUNIT, STATUS, MPID, 
    EMERGENCYPERSON, QMCODE, CHECKPERSON, ROADID, MATERIAL, 
    LONGITUDE, LATITUDE, TYPE, MEMO, CREATED, 
    CREATEDBY, MODIFIED, MODIFIEDBY, ORGANIZATIONID, SUITEID, 
    ISVOID, QUALITYLEVEL, IMAGEURL, VIDEOURL)
 Values
   ('A00002', '1', 't1', '_qc_state_valid', 'A00001', 
    '1', 'A00002', '1', NULL, 'http://www.dreams-travel.com/pic/Three%20Gorges/重庆夜景2.jpg', 
    106.599740982056, 29.6006256449822, '_qc_type_dynamic', NULL, TO_DATE('09/13/2009 12:33:54', 'MM/DD/YYYY HH24:MI:SS'), 
    NULL, TO_DATE('08/10/2009 00:00:00', 'MM/DD/YYYY HH24:MI:SS'), NULL, 't1', NULL, 
    'N', 3, NULL, 'http://localhost:6033/test.flv');
Insert into SQMS_PRIVATE_0927.QUALITY
   (QMID, CHARGEPERSON, WORKUNIT, STATUS, MPID, 
    EMERGENCYPERSON, QMCODE, CHECKPERSON, ROADID, MATERIAL, 
    LONGITUDE, LATITUDE, TYPE, MEMO, CREATED, 
    CREATEDBY, MODIFIED, MODIFIEDBY, ORGANIZATIONID, SUITEID, 
    ISVOID, QUALITYLEVEL, IMAGEURL, VIDEOURL)
 Values
   ('A00003', '1', 't1', '_qc_state_valid', 'A00001', 
    '1', 'A00003', '361', NULL, 'http://upload.17u.com/uploadfile/2005/09/22/3/2005092216050981398.jpg', 
    106.599740982056, 29.6006256449822, '_qc_type_normal', NULL, TO_DATE('09/14/2009 16:58:03', 'MM/DD/YYYY HH24:MI:SS'), 
    NULL, TO_DATE('09/14/2009 16:58:03', 'MM/DD/YYYY HH24:MI:SS'), NULL, 't1', NULL, 
    'N', NULL, 'http://upload.17u.com/uploadfile/2005/09/22/3/2005092216050981398.jpg', NULL);
Insert into SQMS_PRIVATE_0927.QUALITY
   (QMID, CHARGEPERSON, WORKUNIT, STATUS, MPID, 
    EMERGENCYPERSON, QMCODE, CHECKPERSON, ROADID, MATERIAL, 
    LONGITUDE, LATITUDE, TYPE, MEMO, CREATED, 
    CREATEDBY, MODIFIED, MODIFIEDBY, ORGANIZATIONID, SUITEID, 
    ISVOID, QUALITYLEVEL, IMAGEURL, VIDEOURL)
 Values
   ('A00004', '1', 't1', '_qc_state_valid', 'A00001', 
    '1', 'A00004', '361', NULL, 'http://image2.sina.com.cn/dy/c/2007-04-01/U50P1T1D12668215F1394DT20070402000802.jpg', 
    106.599740982056, 29.6006256449822, '_qc_type_normal', NULL, TO_DATE('09/14/2009 10:01:22', 'MM/DD/YYYY HH24:MI:SS'), 
    NULL, TO_DATE('09/14/2009 10:01:22', 'MM/DD/YYYY HH24:MI:SS'), NULL, 't1', NULL, 
    'N', 2, 'http://image2.sina.com.cn/dy/c/2007-04-01/U50P1T1D12668215F1394DT20070402000802.jpg', 'http://localhost:6033/test.flv');
Insert into SQMS_PRIVATE_0927.QUALITY
   (QMID, CHARGEPERSON, WORKUNIT, STATUS, MPID, 
    EMERGENCYPERSON, QMCODE, CHECKPERSON, ROADID, MATERIAL, 
    LONGITUDE, LATITUDE, TYPE, MEMO, CREATED, 
    CREATEDBY, MODIFIED, MODIFIEDBY, ORGANIZATIONID, SUITEID, 
    ISVOID, QUALITYLEVEL, IMAGEURL, VIDEOURL)
 Values
   ('A00005', '1', 't1', '_qc_state_valid', 'A00001', 
    '1', 'A00005', '361', NULL, 'http://news.xinhuanet.com/politics/2007-10/09/xinsrc_31210040911056562371715.jpg', 
    106.599740982056, 29.6006256449822, '_qc_type_normal', NULL, TO_DATE('09/13/2009 17:01:43', 'MM/DD/YYYY HH24:MI:SS'), 
    NULL, TO_DATE('09/13/2009 17:01:43', 'MM/DD/YYYY HH24:MI:SS'), NULL, 't1', NULL, 
    'N', NULL, 'http://news.xinhuanet.com/politics/2007-10/09/xinsrc_31210040911056562371715.jpg', 'http://localhost:6033/test.flv');
Insert into SQMS_PRIVATE_0927.QUALITY
   (QMID, CHARGEPERSON, WORKUNIT, STATUS, MPID, 
    EMERGENCYPERSON, QMCODE, CHECKPERSON, ROADID, MATERIAL, 
    LONGITUDE, LATITUDE, TYPE, MEMO, CREATED, 
    CREATEDBY, MODIFIED, MODIFIEDBY, ORGANIZATIONID, SUITEID, 
    ISVOID, QUALITYLEVEL, IMAGEURL, VIDEOURL)
 Values
   ('A00006', '1', 't1', '_qc_state_valid', 'A00001', 
    '1', 'A00006', '361', NULL, 'http://202.120.96.5/ylwhvod/pic/YL_01STHJ.jpg', 
    106.599740982056, 29.6006256449822, '_qc_type_normal', NULL, TO_DATE('09/13/2009 12:00:00', 'MM/DD/YYYY HH24:MI:SS'), 
    NULL, TO_DATE('09/13/2009 12:00:00', 'MM/DD/YYYY HH24:MI:SS'), NULL, 't1', NULL, 
    'N', 9, 'http://202.120.96.5/ylwhvod/pic/YL_01STHJ.jpg', 'http://localhost:6033/test.flv');
Insert into SQMS_PRIVATE_0927.QUALITY
   (QMID, CHARGEPERSON, WORKUNIT, STATUS, MPID, 
    EMERGENCYPERSON, QMCODE, CHECKPERSON, ROADID, MATERIAL, 
    LONGITUDE, LATITUDE, TYPE, MEMO, CREATED, 
    CREATEDBY, MODIFIED, MODIFIEDBY, ORGANIZATIONID, SUITEID, 
    ISVOID, QUALITYLEVEL, IMAGEURL, VIDEOURL)
 Values
   ('A00007', '1', 't1', '_qc_state_valid', 'A00001', 
    '1', 'A00007', '361', NULL, 'http://www.hnbrj.com/Files/学生在澳大利亚的住宿周围环境.JPG', 
    106.599740982056, 29.6006256449822, '_qc_type_normal', NULL, TO_DATE('09/13/2009 14:01:00', 'MM/DD/YYYY HH24:MI:SS'), 
    NULL, TO_DATE('09/13/2009 14:01:00', 'MM/DD/YYYY HH24:MI:SS'), NULL, 't1', NULL, 
    'N', NULL, 'http://www.hnbrj.com/Files/学生在澳大利亚的住宿周围环境.JPG', 'http://localhost:6033/test.flv');
Insert into SQMS_PRIVATE_0927.QUALITY
   (QMID, CHARGEPERSON, WORKUNIT, STATUS, MPID, 
    EMERGENCYPERSON, QMCODE, CHECKPERSON, ROADID, MATERIAL, 
    LONGITUDE, LATITUDE, TYPE, MEMO, CREATED, 
    CREATEDBY, MODIFIED, MODIFIEDBY, ORGANIZATIONID, SUITEID, 
    ISVOID, QUALITYLEVEL, IMAGEURL, VIDEOURL)
 Values
   ('A00054', '1', 't1', '_qc_state_valid', 'A00006', 
    '1', 'A00054', '361', NULL, 'http://bbs.chla.com.cn/space/upload/2008/06/19/6269325005789.jpg', 
    106.599740982056, 29.6006256449822, '_qc_type_normal', NULL, TO_DATE('09/14/2009 10:00:00', 'MM/DD/YYYY HH24:MI:SS'), 
    NULL, TO_DATE('09/14/2009 10:00:00', 'MM/DD/YYYY HH24:MI:SS'), NULL, 't1', NULL, 
    'N', NULL, 'http://bbs.chla.com.cn/space/upload/2008/06/19/6269325005789.jpg', 'http://localhost:6033/test.flv');
Insert into SQMS_PRIVATE_0927.QUALITY
   (QMID, CHARGEPERSON, WORKUNIT, STATUS, MPID, 
    EMERGENCYPERSON, QMCODE, CHECKPERSON, ROADID, MATERIAL, 
    LONGITUDE, LATITUDE, TYPE, MEMO, CREATED, 
    CREATEDBY, MODIFIED, MODIFIEDBY, ORGANIZATIONID, SUITEID, 
    ISVOID, QUALITYLEVEL, IMAGEURL, VIDEOURL)
 Values
   ('A00055', '1', 't1', '_qc_state_valid', 'A00006', 
    '1', 'A00055', '361', NULL, 'http://i.weather.com.cn/i/c/images/2008/20081217/4948b9b6_6e47a.jpg', 
    106.599740982056, 29.6006256449822, '_qc_type_normal', NULL, TO_DATE('09/14/2009 10:00:00', 'MM/DD/YYYY HH24:MI:SS'), 
    NULL, TO_DATE('09/14/2009 10:00:00', 'MM/DD/YYYY HH24:MI:SS'), NULL, 't1', NULL, 
    'N', NULL, 'http://i.weather.com.cn/i/c/images/2008/20081217/4948b9b6_6e47a.jpg', 'http://localhost:6033/test.flv');
Insert into SQMS_PRIVATE_0927.QUALITY
   (QMID, CHARGEPERSON, WORKUNIT, STATUS, MPID, 
    EMERGENCYPERSON, QMCODE, CHECKPERSON, ROADID, MATERIAL, 
    LONGITUDE, LATITUDE, TYPE, MEMO, CREATED, 
    CREATEDBY, MODIFIED, MODIFIEDBY, ORGANIZATIONID, SUITEID, 
    ISVOID, QUALITYLEVEL, IMAGEURL, VIDEOURL)
 Values
   ('A00056', '1', 't1', '_qc_state_valid', 'A00006', 
    '1', 'A00055', '361', NULL, 'http://longhoo.net/gb/longhoo/news/pic/world/images/00145527.jpg', 
    106.599740982056, 29.6006256449822, '_qc_type_normal', NULL, TO_DATE('09/14/2009 12:00:00', 'MM/DD/YYYY HH24:MI:SS'), 
    NULL, TO_DATE('09/14/2009 12:00:00', 'MM/DD/YYYY HH24:MI:SS'), NULL, 't1', NULL, 
    'N', NULL, 'http://longhoo.net/gb/longhoo/news/pic/world/images/00145527.jpg', 'http://localhost:6033/test.flv');
Insert into SQMS_PRIVATE_0927.QUALITY
   (QMID, CHARGEPERSON, WORKUNIT, STATUS, MPID, 
    EMERGENCYPERSON, QMCODE, CHECKPERSON, ROADID, MATERIAL, 
    LONGITUDE, LATITUDE, TYPE, MEMO, CREATED, 
    CREATEDBY, MODIFIED, MODIFIEDBY, ORGANIZATIONID, SUITEID, 
    ISVOID, QUALITYLEVEL, IMAGEURL, VIDEOURL)
 Values
   ('A00057', '1', 't1', '_qc_state_valid', 'A00006', 
    '1', 'A00055', '361', NULL, 'http://kmgd.xxgk.yn.gov.cn/uploadfile/kmimage_20010518/8037.JPG', 
    106.599740982056, 29.6006256449822, '_qc_type_normal', NULL, TO_DATE('09/14/2009 12:00:00', 'MM/DD/YYYY HH24:MI:SS'), 
    NULL, TO_DATE('09/14/2009 12:00:00', 'MM/DD/YYYY HH24:MI:SS'), NULL, 't1', NULL, 
    'N', NULL, 'http://kmgd.xxgk.yn.gov.cn/uploadfile/kmimage_20010518/8037.JPG', 'http://localhost:6033/test.flv');
Insert into SQMS_PRIVATE_0927.QUALITY
   (QMID, CHARGEPERSON, WORKUNIT, STATUS, MPID, 
    EMERGENCYPERSON, QMCODE, CHECKPERSON, ROADID, MATERIAL, 
    LONGITUDE, LATITUDE, TYPE, MEMO, CREATED, 
    CREATEDBY, MODIFIED, MODIFIEDBY, ORGANIZATIONID, SUITEID, 
    ISVOID, QUALITYLEVEL, IMAGEURL, VIDEOURL)
 Values
   ('A00058', '1', 't1', '_qc_state_valid', 'A00006', 
    '1', 'A00055', '361', NULL, 'http://qyp.ncedu.gov.cn/UploadFiles/2008121510434176.jpg', 
    106.599740982056, 29.6006256449822, '_qc_type_normal', NULL, TO_DATE('09/14/2009 14:00:00', 'MM/DD/YYYY HH24:MI:SS'), 
    NULL, TO_DATE('09/14/2009 14:00:00', 'MM/DD/YYYY HH24:MI:SS'), NULL, 't1', NULL, 
    'N', NULL, 'http://qyp.ncedu.gov.cn/UploadFiles/2008121510434176.jpg', 'http://localhost:6033/test.flv');
Insert into SQMS_PRIVATE_0927.QUALITY
   (QMID, CHARGEPERSON, WORKUNIT, STATUS, MPID, 
    EMERGENCYPERSON, QMCODE, CHECKPERSON, ROADID, MATERIAL, 
    LONGITUDE, LATITUDE, TYPE, MEMO, CREATED, 
    CREATEDBY, MODIFIED, MODIFIEDBY, ORGANIZATIONID, SUITEID, 
    ISVOID, QUALITYLEVEL, IMAGEURL, VIDEOURL)
 Values
   ('A00059', '1', 't1', '_qc_state_valid', 'A00006', 
    '1', 'A00059', '361', NULL, 'http://www.lsl.gov.cn:81/lyxw/UploadFiles_8420/200607/20060704090033528.jpg', 
    106.599740982056, 29.6006256449822, '_qc_type_normal', NULL, TO_DATE('09/14/2009 14:00:00', 'MM/DD/YYYY HH24:MI:SS'), 
    NULL, TO_DATE('09/14/2009 14:00:00', 'MM/DD/YYYY HH24:MI:SS'), NULL, 't1', NULL, 
    'N', NULL, 'http://www.lsl.gov.cn:81/lyxw/UploadFiles_8420/200607/20060704090033528.jpg', 'http://localhost:6033/test.flv');
Insert into SQMS_PRIVATE_0927.QUALITY
   (QMID, CHARGEPERSON, WORKUNIT, STATUS, MPID, 
    EMERGENCYPERSON, QMCODE, CHECKPERSON, ROADID, MATERIAL, 
    LONGITUDE, LATITUDE, TYPE, MEMO, CREATED, 
    CREATEDBY, MODIFIED, MODIFIEDBY, ORGANIZATIONID, SUITEID, 
    ISVOID, QUALITYLEVEL, IMAGEURL, VIDEOURL)
 Values
   ('A00060', '1', 't1', '_qc_state_valid', 'A00006', 
    '1', 'A00060', '361', NULL, 'http://219.239.227.61:7070/upload/080602/CMS4J_0806021659259590.jpg', 
    106.599740982056, 29.6006256449822, '_qc_type_normal', NULL, TO_DATE('09/14/2009 17:00:00', 'MM/DD/YYYY HH24:MI:SS'), 
    NULL, TO_DATE('09/14/2009 17:00:00', 'MM/DD/YYYY HH24:MI:SS'), NULL, 't1', NULL, 
    'N', NULL, 'http://219.239.227.61:7070/upload/080602/CMS4J_0806021659259590.jpg', 'http://localhost:6033/test.flv');
Insert into SQMS_PRIVATE_0927.QUALITY
   (QMID, CHARGEPERSON, WORKUNIT, STATUS, MPID, 
    EMERGENCYPERSON, QMCODE, CHECKPERSON, ROADID, MATERIAL, 
    LONGITUDE, LATITUDE, TYPE, MEMO, CREATED, 
    CREATEDBY, MODIFIED, MODIFIEDBY, ORGANIZATIONID, SUITEID, 
    ISVOID, QUALITYLEVEL, IMAGEURL, VIDEOURL)
 Values
   ('A00061', '1', 't1', '_qc_state_valid', 'A00006', 
    '1', 'A00061', '361', NULL, 'http://i0.sinaimg.cn/dy/c/p/2008-12-01/U2596P1T1D16759335F23DT20081201101551.jpg', 
    106.599740982056, 29.6006256449822, '_qc_type_normal', NULL, TO_DATE('09/14/2009 17:00:00', 'MM/DD/YYYY HH24:MI:SS'), 
    NULL, TO_DATE('09/14/2009 17:00:00', 'MM/DD/YYYY HH24:MI:SS'), NULL, 't1', NULL, 
    'N', NULL, 'http://i0.sinaimg.cn/dy/c/p/2008-12-01/U2596P1T1D16759335F23DT20081201101551.jpg', 'http://localhost:6033/test.flv');
Insert into SQMS_PRIVATE_0927.QUALITY
   (QMID, CHARGEPERSON, WORKUNIT, STATUS, MPID, 
    EMERGENCYPERSON, QMCODE, CHECKPERSON, ROADID, MATERIAL, 
    LONGITUDE, LATITUDE, TYPE, MEMO, CREATED, 
    CREATEDBY, MODIFIED, MODIFIEDBY, ORGANIZATIONID, SUITEID, 
    ISVOID, QUALITYLEVEL, IMAGEURL, VIDEOURL)
 Values
   ('A00008', '1', 't1', '_qc_state_valid', 'A00001', 
    '1', 'A00008', '361', NULL, 'http://www.zhangye.gov.cn/zynews/UploadFiles_6887/200609/20069715342587.jpg', 
    106.599740982056, 29.6006256449822, '_qc_type_normal', NULL, TO_DATE('09/13/2009 14:01:00', 'MM/DD/YYYY HH24:MI:SS'), 
    NULL, TO_DATE('09/13/2009 14:02:10', 'MM/DD/YYYY HH24:MI:SS'), NULL, 't1', NULL, 
    'N', NULL, 'http://www.zhangye.gov.cn/zynews/UploadFiles_6887/200609/20069715342587.jpg', 'http://localhost:6033/test.flv');
Insert into SQMS_PRIVATE_0927.QUALITY
   (QMID, CHARGEPERSON, WORKUNIT, STATUS, MPID, 
    EMERGENCYPERSON, QMCODE, CHECKPERSON, ROADID, MATERIAL, 
    LONGITUDE, LATITUDE, TYPE, MEMO, CREATED, 
    CREATEDBY, MODIFIED, MODIFIEDBY, ORGANIZATIONID, SUITEID, 
    ISVOID, QUALITYLEVEL, IMAGEURL, VIDEOURL)
 Values
   ('A00009', '1', 't1', '_qc_state_valid', 'A00001', 
    '1', 'A00009', '361', NULL, 'http://www.lan27.com/Article/UploadFiles/200810/20081019175920509.jpg', 
    106.599740982056, 29.6006256449822, '_qc_type_normal', NULL, TO_DATE('09/13/2009 14:01:00', 'MM/DD/YYYY HH24:MI:SS'), 
    NULL, TO_DATE('09/13/2009 10:00:10', 'MM/DD/YYYY HH24:MI:SS'), NULL, 't1', NULL, 
    'N', NULL, 'http://www.lan27.com/Article/UploadFiles/200810/20081019175920509.jpg', 'http://localhost:6033/test.flv');
Insert into SQMS_PRIVATE_0927.QUALITY
   (QMID, CHARGEPERSON, WORKUNIT, STATUS, MPID, 
    EMERGENCYPERSON, QMCODE, CHECKPERSON, ROADID, MATERIAL, 
    LONGITUDE, LATITUDE, TYPE, MEMO, CREATED, 
    CREATEDBY, MODIFIED, MODIFIEDBY, ORGANIZATIONID, SUITEID, 
    ISVOID, QUALITYLEVEL, IMAGEURL, VIDEOURL)
 Values
   ('A00010', '1', 't1', '_qc_state_valid', 'A00001', 
    '1', 'A00010', '361', NULL, 'http://www.cnzyff.com/article/UploadPic/2009-1/2009181185877.jpg', 
    106.599740982056, 29.6006256449822, '_qc_type_normal', NULL, TO_DATE('09/14/2009 12:01:00', 'MM/DD/YYYY HH24:MI:SS'), 
    NULL, TO_DATE('09/14/2009 12:01:00', 'MM/DD/YYYY HH24:MI:SS'), NULL, 't1', NULL, 
    'N', NULL, 'http://www.cnzyff.com/article/UploadPic/2009-1/2009181185877.jpg', 'http://localhost:6033/test.flv');
Insert into SQMS_PRIVATE_0927.QUALITY
   (QMID, CHARGEPERSON, WORKUNIT, STATUS, MPID, 
    EMERGENCYPERSON, QMCODE, CHECKPERSON, ROADID, MATERIAL, 
    LONGITUDE, LATITUDE, TYPE, MEMO, CREATED, 
    CREATEDBY, MODIFIED, MODIFIEDBY, ORGANIZATIONID, SUITEID, 
    ISVOID, QUALITYLEVEL, IMAGEURL, VIDEOURL)
 Values
   ('A00011', '1', 't1', '_qc_state_valid', 'A00002', 
    '1', 'A00011', '361', NULL, 'http://pic.moobol.com/user_pic/060902/liujunfeng/060902/s/live_20070206092739.JPG', 
    106.599740982056, 29.6006256449822, '_qc_type_normal', NULL, TO_DATE('09/15/2009 12:02:10', 'MM/DD/YYYY HH24:MI:SS'), 
    NULL, TO_DATE('09/15/2009 12:02:10', 'MM/DD/YYYY HH24:MI:SS'), NULL, 't1', NULL, 
    'N', NULL, 'http://pic.moobol.com/user_pic/060902/liujunfeng/060902/s/live_20070206092739.JPG', 'http://localhost:6033/test.flv');
Insert into SQMS_PRIVATE_0927.QUALITY
   (QMID, CHARGEPERSON, WORKUNIT, STATUS, MPID, 
    EMERGENCYPERSON, QMCODE, CHECKPERSON, ROADID, MATERIAL, 
    LONGITUDE, LATITUDE, TYPE, MEMO, CREATED, 
    CREATEDBY, MODIFIED, MODIFIEDBY, ORGANIZATIONID, SUITEID, 
    ISVOID, QUALITYLEVEL, IMAGEURL, VIDEOURL)
 Values
   ('A00012', '1', 't1', '_qc_state_valid', 'A00002', 
    '1', 'A00012', '361', NULL, 'http://gb.cri.cn/mmsource/images/2007/04/20/cc070420010.jpg', 
    106.599740982056, 29.6006256449822, '_qc_type_normal', NULL, TO_DATE('09/16/2009 16:58:03', 'MM/DD/YYYY HH24:MI:SS'), 
    NULL, TO_DATE('09/16/2009 16:58:03', 'MM/DD/YYYY HH24:MI:SS'), NULL, 't1', NULL, 
    'N', NULL, 'http://gb.cri.cn/mmsource/images/2007/04/20/cc070420010.jpg', 'http://localhost:6033/test.flv');
Insert into SQMS_PRIVATE_0927.QUALITY
   (QMID, CHARGEPERSON, WORKUNIT, STATUS, MPID, 
    EMERGENCYPERSON, QMCODE, CHECKPERSON, ROADID, MATERIAL, 
    LONGITUDE, LATITUDE, TYPE, MEMO, CREATED, 
    CREATEDBY, MODIFIED, MODIFIEDBY, ORGANIZATIONID, SUITEID, 
    ISVOID, QUALITYLEVEL, IMAGEURL, VIDEOURL)
 Values
   ('A00013', '1', 't1', '_qc_state_valid', 'A00002', 
    '1', 'A00013', '361', NULL, 'http://pic.moobol.com/user_pic/060902/liujunfeng/060902/s/live_20070206092820.JPG', 
    106.599740982056, 29.6006256449822, '_qc_type_normal', NULL, TO_DATE('09/15/2009 17:01:43', 'MM/DD/YYYY HH24:MI:SS'), 
    NULL, TO_DATE('09/15/2009 17:01:43', 'MM/DD/YYYY HH24:MI:SS'), NULL, 't1', NULL, 
    'N', NULL, 'http://pic.moobol.com/user_pic/060902/liujunfeng/060902/s/live_20070206092820.JPG', 'http://localhost:6033/test.flv');
Insert into SQMS_PRIVATE_0927.QUALITY
   (QMID, CHARGEPERSON, WORKUNIT, STATUS, MPID, 
    EMERGENCYPERSON, QMCODE, CHECKPERSON, ROADID, MATERIAL, 
    LONGITUDE, LATITUDE, TYPE, MEMO, CREATED, 
    CREATEDBY, MODIFIED, MODIFIEDBY, ORGANIZATIONID, SUITEID, 
    ISVOID, QUALITYLEVEL, IMAGEURL, VIDEOURL)
 Values
   ('A00014', '1', 't1', '_qc_state_valid', 'A00002', 
    '1', 'A00014', '361', NULL, 'http://image1.chinanews.com.cn/07p/PhotoN/070115/070115023a_3.jpg', 
    106.599740982056, 29.6006256449822, '_qc_type_normal', NULL, TO_DATE('09/15/2009 14:01:00', 'MM/DD/YYYY HH24:MI:SS'), 
    NULL, TO_DATE('09/15/2009 14:01:00', 'MM/DD/YYYY HH24:MI:SS'), NULL, 't1', NULL, 
    'N', NULL, 'http://image1.chinanews.com.cn/07p/PhotoN/070115/070115023a_3.jpg', 'http://localhost:6033/test.flv');
Insert into SQMS_PRIVATE_0927.QUALITY
   (QMID, CHARGEPERSON, WORKUNIT, STATUS, MPID, 
    EMERGENCYPERSON, QMCODE, CHECKPERSON, ROADID, MATERIAL, 
    LONGITUDE, LATITUDE, TYPE, MEMO, CREATED, 
    CREATEDBY, MODIFIED, MODIFIEDBY, ORGANIZATIONID, SUITEID, 
    ISVOID, QUALITYLEVEL, IMAGEURL, VIDEOURL)
 Values
   ('A00015', '1', 't1', '_qc_state_valid', 'A00002', 
    '1', 'A00015', '361', NULL, 'http://202.120.96.5/ylwhvod/pic/YL_01HJHX.jpg', 
    106.599740982056, 29.6006256449822, '_qc_type_normal', NULL, TO_DATE('09/15/2009 10:01:00', 'MM/DD/YYYY HH24:MI:SS'), 
    NULL, TO_DATE('09/15/2009 10:01:00', 'MM/DD/YYYY HH24:MI:SS'), NULL, 't1', NULL, 
    'N', NULL, 'http://202.120.96.5/ylwhvod/pic/YL_01HJHX.jpg', 'http://localhost:6033/test.flv');
Insert into SQMS_PRIVATE_0927.QUALITY
   (QMID, CHARGEPERSON, WORKUNIT, STATUS, MPID, 
    EMERGENCYPERSON, QMCODE, CHECKPERSON, ROADID, MATERIAL, 
    LONGITUDE, LATITUDE, TYPE, MEMO, CREATED, 
    CREATEDBY, MODIFIED, MODIFIEDBY, ORGANIZATIONID, SUITEID, 
    ISVOID, QUALITYLEVEL, IMAGEURL, VIDEOURL)
 Values
   ('A00016', '1', 't1', '_qc_state_valid', 'A00002', 
    '1', 'A00016', '361', NULL, 'http://www.chinadialogue.net/UserFiles/Image/xinjiangforest2.jpg', 
    106.599740982056, 29.6006256449822, '_qc_type_normal', NULL, TO_DATE('09/15/2009 12:01:00', 'MM/DD/YYYY HH24:MI:SS'), 
    NULL, TO_DATE('09/15/2009 12:01:00', 'MM/DD/YYYY HH24:MI:SS'), NULL, 't1', NULL, 
    'N', NULL, 'http://www.chinadialogue.net/UserFiles/Image/xinjiangforest2.jpg', 'http://localhost:6033/test.flv');
Insert into SQMS_PRIVATE_0927.QUALITY
   (QMID, CHARGEPERSON, WORKUNIT, STATUS, MPID, 
    EMERGENCYPERSON, QMCODE, CHECKPERSON, ROADID, MATERIAL, 
    LONGITUDE, LATITUDE, TYPE, MEMO, CREATED, 
    CREATEDBY, MODIFIED, MODIFIEDBY, ORGANIZATIONID, SUITEID, 
    ISVOID, QUALITYLEVEL, IMAGEURL, VIDEOURL)
 Values
   ('A00017', '1', 't1', '_qc_state_valid', 'A00002', 
    '1', 'A00017', '361', NULL, 'http://image2.sina.com.cn/dy/c/2005-11-24/U1473P1T1D8394688F23DT20051125070340.jpg', 
    106.599740982056, 29.6006256449822, '_qc_type_normal', NULL, TO_DATE('09/15/2009 11:59:00', 'MM/DD/YYYY HH24:MI:SS'), 
    NULL, TO_DATE('09/15/2009 11:59:00', 'MM/DD/YYYY HH24:MI:SS'), NULL, 't1', NULL, 
    'N', NULL, 'http://image2.sina.com.cn/dy/c/2005-11-24/U1473P1T1D8394688F23DT20051125070340.jpg', 'http://localhost:6033/test.flv');
Insert into SQMS_PRIVATE_0927.QUALITY
   (QMID, CHARGEPERSON, WORKUNIT, STATUS, MPID, 
    EMERGENCYPERSON, QMCODE, CHECKPERSON, ROADID, MATERIAL, 
    LONGITUDE, LATITUDE, TYPE, MEMO, CREATED, 
    CREATEDBY, MODIFIED, MODIFIEDBY, ORGANIZATIONID, SUITEID, 
    ISVOID, QUALITYLEVEL, IMAGEURL, VIDEOURL)
 Values
   ('A00018', '1', 't1', '_qc_state_valid', 'A00002', 
    '1', 'A00018', '361', NULL, 'http://pic1.nipic.com/2008-08-26/200882614162215_2.jpg', 
    106.599740982056, 29.6006256449822, '_qc_type_normal', NULL, TO_DATE('09/16/2009 13:59:00', 'MM/DD/YYYY HH24:MI:SS'), 
    NULL, TO_DATE('09/16/2009 13:59:00', 'MM/DD/YYYY HH24:MI:SS'), NULL, 't1', NULL, 
    'N', NULL, 'http://pic1.nipic.com/2008-08-26/200882614162215_2.jpg', 'http://localhost:6033/test.flv');
Insert into SQMS_PRIVATE_0927.QUALITY
   (QMID, CHARGEPERSON, WORKUNIT, STATUS, MPID, 
    EMERGENCYPERSON, QMCODE, CHECKPERSON, ROADID, MATERIAL, 
    LONGITUDE, LATITUDE, TYPE, MEMO, CREATED, 
    CREATEDBY, MODIFIED, MODIFIEDBY, ORGANIZATIONID, SUITEID, 
    ISVOID, QUALITYLEVEL, IMAGEURL, VIDEOURL)
 Values
   ('A00019', '1', 't1', '_qc_state_valid', 'A00002', 
    '1', 'A00019', '361', NULL, 'http://pic1.nipic.com/2008-08-26/2008826141417471_2.jpg', 
    106.599740982056, 29.6006256449822, '_qc_type_normal', NULL, TO_DATE('09/15/2009 16:59:00', 'MM/DD/YYYY HH24:MI:SS'), 
    NULL, TO_DATE('09/15/2009 16:59:00', 'MM/DD/YYYY HH24:MI:SS'), NULL, 't1', NULL, 
    'N', NULL, 'http://pic1.nipic.com/2008-08-26/2008826141417471_2.jpg', 'http://localhost:6033/test.flv');
COMMIT;

SET DEFINE OFF;
Insert into SQMS_PRIVATE_0927.RESPERMISSION
   (ORGANIZATIONID, ROLEID, RESID, OPID)
 Values
   ('t1', 't4', 't24', 'view');
Insert into SQMS_PRIVATE_0927.RESPERMISSION
   (ORGANIZATIONID, ROLEID, RESID, OPID)
 Values
   ('t1', 't4', 't25', 'saveandnew');
Insert into SQMS_PRIVATE_0927.RESPERMISSION
   (ORGANIZATIONID, ROLEID, RESID, OPID)
 Values
   ('t1', 't4', 't25', 'create');
Insert into SQMS_PRIVATE_0927.RESPERMISSION
   (ORGANIZATIONID, ROLEID, RESID, OPID)
 Values
   ('t1', 't4', 't25', 'delete');
Insert into SQMS_PRIVATE_0927.RESPERMISSION
   (ORGANIZATIONID, ROLEID, RESID, OPID)
 Values
   ('t1', 't4', 't25', 'edit');
Insert into SQMS_PRIVATE_0927.RESPERMISSION
   (ORGANIZATIONID, ROLEID, RESID, OPID)
 Values
   ('t1', 't4', 't25', 'view');
Insert into SQMS_PRIVATE_0927.RESPERMISSION
   (ORGANIZATIONID, ROLEID, RESID, OPID)
 Values
   ('t1', 't4', 't26', 'saveandnew');
Insert into SQMS_PRIVATE_0927.RESPERMISSION
   (ORGANIZATIONID, ROLEID, RESID, OPID)
 Values
   ('t1', 't4', 't26', 'create');
Insert into SQMS_PRIVATE_0927.RESPERMISSION
   (ORGANIZATIONID, ROLEID, RESID, OPID)
 Values
   ('t1', 't4', 't26', 'delete');
Insert into SQMS_PRIVATE_0927.RESPERMISSION
   (ORGANIZATIONID, ROLEID, RESID, OPID)
 Values
   ('t1', 't4', 't26', 'edit');
Insert into SQMS_PRIVATE_0927.RESPERMISSION
   (ORGANIZATIONID, ROLEID, RESID, OPID)
 Values
   ('t1', 't4', 't26', 'view');
Insert into SQMS_PRIVATE_0927.RESPERMISSION
   (ORGANIZATIONID, ROLEID, RESID, OPID)
 Values
   ('t1', 't4', 't27', 'saveandnew');
Insert into SQMS_PRIVATE_0927.RESPERMISSION
   (ORGANIZATIONID, ROLEID, RESID, OPID)
 Values
   ('t1', 't4', 't27', 'create');
Insert into SQMS_PRIVATE_0927.RESPERMISSION
   (ORGANIZATIONID, ROLEID, RESID, OPID)
 Values
   ('t1', 't4', 't27', 'delete');
Insert into SQMS_PRIVATE_0927.RESPERMISSION
   (ORGANIZATIONID, ROLEID, RESID, OPID)
 Values
   ('t1', 't4', 't27', 'edit');
Insert into SQMS_PRIVATE_0927.RESPERMISSION
   (ORGANIZATIONID, ROLEID, RESID, OPID)
 Values
   ('t1', 't4', 't27', 'view');
Insert into SQMS_PRIVATE_0927.RESPERMISSION
   (ORGANIZATIONID, ROLEID, RESID, OPID)
 Values
   ('t1', 't4', 'projectview', 'default');
Insert into SQMS_PRIVATE_0927.RESPERMISSION
   (ORGANIZATIONID, ROLEID, RESID, OPID)
 Values
   ('t1', 't4', 'projectview', 'view');
Insert into SQMS_PRIVATE_0927.RESPERMISSION
   (ORGANIZATIONID, ROLEID, RESID, OPID)
 Values
   ('t1', 't4', 'projectview', 'edit');
Insert into SQMS_PRIVATE_0927.RESPERMISSION
   (ORGANIZATIONID, ROLEID, RESID, OPID)
 Values
   ('t1', 't4', 'projectview', 'delete');
Insert into SQMS_PRIVATE_0927.RESPERMISSION
   (ORGANIZATIONID, ROLEID, RESID, OPID)
 Values
   ('t1', 't4', 'projectview', 'saveandnew');
Insert into SQMS_PRIVATE_0927.RESPERMISSION
   (ORGANIZATIONID, ROLEID, RESID, OPID)
 Values
   ('t1', 't4', 'projectview', 'create');
Insert into SQMS_PRIVATE_0927.RESPERMISSION
   (ORGANIZATIONID, ROLEID, RESID, OPID)
 Values
   ('t1', 't4', 'roadview', 'view');
Insert into SQMS_PRIVATE_0927.RESPERMISSION
   (ORGANIZATIONID, ROLEID, RESID, OPID)
 Values
   ('t1', 't4', 'roadview', 'default');
Insert into SQMS_PRIVATE_0927.RESPERMISSION
   (ORGANIZATIONID, ROLEID, RESID, OPID)
 Values
   ('t1', 't4', 'roadview', 'edit');
Insert into SQMS_PRIVATE_0927.RESPERMISSION
   (ORGANIZATIONID, ROLEID, RESID, OPID)
 Values
   ('t1', 't4', 'roadview', 'create');
Insert into SQMS_PRIVATE_0927.RESPERMISSION
   (ORGANIZATIONID, ROLEID, RESID, OPID)
 Values
   ('t1', 't4', 'roadview', 'saveandnew');
Insert into SQMS_PRIVATE_0927.RESPERMISSION
   (ORGANIZATIONID, ROLEID, RESID, OPID)
 Values
   ('t1', 't4', 'roadview', 'delete');
Insert into SQMS_PRIVATE_0927.RESPERMISSION
   (ORGANIZATIONID, ROLEID, RESID, OPID)
 Values
   ('t1', 't4', 'timeschemaedit', 'default');
Insert into SQMS_PRIVATE_0927.RESPERMISSION
   (ORGANIZATIONID, ROLEID, RESID, OPID)
 Values
   ('t1', 't4', 'timeschemaedit', 'delete');
Insert into SQMS_PRIVATE_0927.RESPERMISSION
   (ORGANIZATIONID, ROLEID, RESID, OPID)
 Values
   ('t1', 't4', 'timeschemaedit', 'create');
Insert into SQMS_PRIVATE_0927.RESPERMISSION
   (ORGANIZATIONID, ROLEID, RESID, OPID)
 Values
   ('t1', 't4', 'timeschemaedit', 'saveandnew');
Insert into SQMS_PRIVATE_0927.RESPERMISSION
   (ORGANIZATIONID, ROLEID, RESID, OPID)
 Values
   ('t1', 't4', 'timeschemaedit', 'view');
Insert into SQMS_PRIVATE_0927.RESPERMISSION
   (ORGANIZATIONID, ROLEID, RESID, OPID)
 Values
   ('t1', 't4', 'timeschemaedit', 'edit');
Insert into SQMS_PRIVATE_0927.RESPERMISSION
   (ORGANIZATIONID, ROLEID, RESID, OPID)
 Values
   ('t1', 't4', 'timeschemanew', 'default');
Insert into SQMS_PRIVATE_0927.RESPERMISSION
   (ORGANIZATIONID, ROLEID, RESID, OPID)
 Values
   ('t1', 't4', 'timeschemanew', 'delete');
Insert into SQMS_PRIVATE_0927.RESPERMISSION
   (ORGANIZATIONID, ROLEID, RESID, OPID)
 Values
   ('t1', 't4', 'timeschemanew', 'create');
Insert into SQMS_PRIVATE_0927.RESPERMISSION
   (ORGANIZATIONID, ROLEID, RESID, OPID)
 Values
   ('t1', 't4', 'timeschemanew', 'saveandnew');
Insert into SQMS_PRIVATE_0927.RESPERMISSION
   (ORGANIZATIONID, ROLEID, RESID, OPID)
 Values
   ('t1', 't4', 'timeschemanew', 'view');
Insert into SQMS_PRIVATE_0927.RESPERMISSION
   (ORGANIZATIONID, ROLEID, RESID, OPID)
 Values
   ('t1', 't4', 'timeschemanew', 'edit');
Insert into SQMS_PRIVATE_0927.RESPERMISSION
   (ORGANIZATIONID, ROLEID, RESID, OPID)
 Values
   ('t1', 't4', 'timeschemaview', 'default');
Insert into SQMS_PRIVATE_0927.RESPERMISSION
   (ORGANIZATIONID, ROLEID, RESID, OPID)
 Values
   ('t1', 't4', 'timeschemaview', 'delete');
Insert into SQMS_PRIVATE_0927.RESPERMISSION
   (ORGANIZATIONID, ROLEID, RESID, OPID)
 Values
   ('t1', 't4', 'timeschemaview', 'create');
Insert into SQMS_PRIVATE_0927.RESPERMISSION
   (ORGANIZATIONID, ROLEID, RESID, OPID)
 Values
   ('t1', 't4', 'timeschemaview', 'saveandnew');
Insert into SQMS_PRIVATE_0927.RESPERMISSION
   (ORGANIZATIONID, ROLEID, RESID, OPID)
 Values
   ('t1', 't4', 'timeschemaview', 'view');
Insert into SQMS_PRIVATE_0927.RESPERMISSION
   (ORGANIZATIONID, ROLEID, RESID, OPID)
 Values
   ('t1', 't4', 'timeschemaview', 'edit');
Insert into SQMS_PRIVATE_0927.RESPERMISSION
   (ORGANIZATIONID, ROLEID, RESID, OPID)
 Values
   ('t1', 't4', 'timeschemalist', 'default');
Insert into SQMS_PRIVATE_0927.RESPERMISSION
   (ORGANIZATIONID, ROLEID, RESID, OPID)
 Values
   ('t1', 't4', 'timeschemalist', 'delete');
Insert into SQMS_PRIVATE_0927.RESPERMISSION
   (ORGANIZATIONID, ROLEID, RESID, OPID)
 Values
   ('t1', 't4', 'timeschemalist', 'create');
Insert into SQMS_PRIVATE_0927.RESPERMISSION
   (ORGANIZATIONID, ROLEID, RESID, OPID)
 Values
   ('t1', 't4', 'timeschemalist', 'saveandnew');
Insert into SQMS_PRIVATE_0927.RESPERMISSION
   (ORGANIZATIONID, ROLEID, RESID, OPID)
 Values
   ('t1', 't4', 'timeschemalist', 'view');
Insert into SQMS_PRIVATE_0927.RESPERMISSION
   (ORGANIZATIONID, ROLEID, RESID, OPID)
 Values
   ('t1', 't4', 'timeschemalist', 'edit');
Insert into SQMS_PRIVATE_0927.RESPERMISSION
   (ORGANIZATIONID, ROLEID, RESID, OPID)
 Values
   ('t1', 't4', 'qualityappraisal', 'default');
Insert into SQMS_PRIVATE_0927.RESPERMISSION
   (ORGANIZATIONID, ROLEID, RESID, OPID)
 Values
   ('t1', 't4', 'qualityappraisal', 'edit');
Insert into SQMS_PRIVATE_0927.RESPERMISSION
   (ORGANIZATIONID, ROLEID, RESID, OPID)
 Values
   ('t1', 't4', 'qualityappraisallist', 'default');
Insert into SQMS_PRIVATE_0927.RESPERMISSION
   (ORGANIZATIONID, ROLEID, RESID, OPID)
 Values
   ('t1', 't4', 'qualityappraisallist', 'view');
Insert into SQMS_PRIVATE_0927.RESPERMISSION
   (ORGANIZATIONID, ROLEID, RESID, OPID)
 Values
   ('t1', 't4', 'qualityinfo', 'view');
Insert into SQMS_PRIVATE_0927.RESPERMISSION
   (ORGANIZATIONID, ROLEID, RESID, OPID)
 Values
   ('t1', 't4', 'qualityinfo', 'default');
Insert into SQMS_PRIVATE_0927.RESPERMISSION
   (ORGANIZATIONID, ROLEID, RESID, OPID)
 Values
   ('t1', 't4', 'emergencyedit', 'default');
Insert into SQMS_PRIVATE_0927.RESPERMISSION
   (ORGANIZATIONID, ROLEID, RESID, OPID)
 Values
   ('t1', 't4', 'emergencyedit', 'delete');
Insert into SQMS_PRIVATE_0927.RESPERMISSION
   (ORGANIZATIONID, ROLEID, RESID, OPID)
 Values
   ('t1', 't4', 'emergencyedit', 'create');
Insert into SQMS_PRIVATE_0927.RESPERMISSION
   (ORGANIZATIONID, ROLEID, RESID, OPID)
 Values
   ('t1', 't4', 'emergencyedit', 'view');
Insert into SQMS_PRIVATE_0927.RESPERMISSION
   (ORGANIZATIONID, ROLEID, RESID, OPID)
 Values
   ('t1', 't4', 'emergencyedit', 'saveandnew');
Insert into SQMS_PRIVATE_0927.RESPERMISSION
   (ORGANIZATIONID, ROLEID, RESID, OPID)
 Values
   ('t1', 't4', 'emergencyedit', 'edit');
Insert into SQMS_PRIVATE_0927.RESPERMISSION
   (ORGANIZATIONID, ROLEID, RESID, OPID)
 Values
   ('t1', 't4', 'emergencynew', 'default');
Insert into SQMS_PRIVATE_0927.RESPERMISSION
   (ORGANIZATIONID, ROLEID, RESID, OPID)
 Values
   ('t1', 't4', 'emergencynew', 'delete');
Insert into SQMS_PRIVATE_0927.RESPERMISSION
   (ORGANIZATIONID, ROLEID, RESID, OPID)
 Values
   ('t1', 't4', 'emergencynew', 'create');
Insert into SQMS_PRIVATE_0927.RESPERMISSION
   (ORGANIZATIONID, ROLEID, RESID, OPID)
 Values
   ('t1', 't4', 'emergencynew', 'view');
Insert into SQMS_PRIVATE_0927.RESPERMISSION
   (ORGANIZATIONID, ROLEID, RESID, OPID)
 Values
   ('t1', 't4', 'emergencynew', 'saveandnew');
Insert into SQMS_PRIVATE_0927.RESPERMISSION
   (ORGANIZATIONID, ROLEID, RESID, OPID)
 Values
   ('t1', 't4', 'emergencynew', 'edit');
Insert into SQMS_PRIVATE_0927.RESPERMISSION
   (ORGANIZATIONID, ROLEID, RESID, OPID)
 Values
   ('t1', 't4', 'emergencyview', 'default');
Insert into SQMS_PRIVATE_0927.RESPERMISSION
   (ORGANIZATIONID, ROLEID, RESID, OPID)
 Values
   ('t1', 't4', 'emergencyview', 'delete');
Insert into SQMS_PRIVATE_0927.RESPERMISSION
   (ORGANIZATIONID, ROLEID, RESID, OPID)
 Values
   ('t1', 't4', 'emergencyview', 'create');
Insert into SQMS_PRIVATE_0927.RESPERMISSION
   (ORGANIZATIONID, ROLEID, RESID, OPID)
 Values
   ('t1', 't4', 'emergencyview', 'view');
Insert into SQMS_PRIVATE_0927.RESPERMISSION
   (ORGANIZATIONID, ROLEID, RESID, OPID)
 Values
   ('t1', 't4', 'emergencyview', 'saveandnew');
Insert into SQMS_PRIVATE_0927.RESPERMISSION
   (ORGANIZATIONID, ROLEID, RESID, OPID)
 Values
   ('t1', 't4', 'emergencyview', 'edit');
Insert into SQMS_PRIVATE_0927.RESPERMISSION
   (ORGANIZATIONID, ROLEID, RESID, OPID)
 Values
   ('t1', 't4', 'emergencylist', 'default');
Insert into SQMS_PRIVATE_0927.RESPERMISSION
   (ORGANIZATIONID, ROLEID, RESID, OPID)
 Values
   ('t1', 't4', 'emergencylist', 'delete');
Insert into SQMS_PRIVATE_0927.RESPERMISSION
   (ORGANIZATIONID, ROLEID, RESID, OPID)
 Values
   ('t1', 't4', 'emergencylist', 'create');
Insert into SQMS_PRIVATE_0927.RESPERMISSION
   (ORGANIZATIONID, ROLEID, RESID, OPID)
 Values
   ('t1', 't4', 'emergencylist', 'view');
Insert into SQMS_PRIVATE_0927.RESPERMISSION
   (ORGANIZATIONID, ROLEID, RESID, OPID)
 Values
   ('t1', 't4', 'emergencylist', 'saveandnew');
Insert into SQMS_PRIVATE_0927.RESPERMISSION
   (ORGANIZATIONID, ROLEID, RESID, OPID)
 Values
   ('t1', 't4', 'emergencylist', 'edit');
Insert into SQMS_PRIVATE_0927.RESPERMISSION
   (ORGANIZATIONID, ROLEID, RESID, OPID)
 Values
   (NULL, 't4', '1', 'saveandnew');
Insert into SQMS_PRIVATE_0927.RESPERMISSION
   (ORGANIZATIONID, ROLEID, RESID, OPID)
 Values
   (NULL, 't4', '1', 'create');
Insert into SQMS_PRIVATE_0927.RESPERMISSION
   (ORGANIZATIONID, ROLEID, RESID, OPID)
 Values
   (NULL, 't4', '1', 'delete');
Insert into SQMS_PRIVATE_0927.RESPERMISSION
   (ORGANIZATIONID, ROLEID, RESID, OPID)
 Values
   (NULL, 't4', '1', 'edit');
Insert into SQMS_PRIVATE_0927.RESPERMISSION
   (ORGANIZATIONID, ROLEID, RESID, OPID)
 Values
   (NULL, 't4', '1', 'view');
Insert into SQMS_PRIVATE_0927.RESPERMISSION
   (ORGANIZATIONID, ROLEID, RESID, OPID)
 Values
   (NULL, 't4', '1', 'default');
Insert into SQMS_PRIVATE_0927.RESPERMISSION
   (ORGANIZATIONID, ROLEID, RESID, OPID)
 Values
   ('t1', 't4', 'accidentedit', 'default');
Insert into SQMS_PRIVATE_0927.RESPERMISSION
   (ORGANIZATIONID, ROLEID, RESID, OPID)
 Values
   ('t1', 't4', 'accidentedit', 'delete');
Insert into SQMS_PRIVATE_0927.RESPERMISSION
   (ORGANIZATIONID, ROLEID, RESID, OPID)
 Values
   ('t1', 't4', 'accidentedit', 'create');
Insert into SQMS_PRIVATE_0927.RESPERMISSION
   (ORGANIZATIONID, ROLEID, RESID, OPID)
 Values
   ('t1', 't4', 'accidentedit', 'saveandnew');
Insert into SQMS_PRIVATE_0927.RESPERMISSION
   (ORGANIZATIONID, ROLEID, RESID, OPID)
 Values
   ('t1', 't4', 'accidentedit', 'view');
Insert into SQMS_PRIVATE_0927.RESPERMISSION
   (ORGANIZATIONID, ROLEID, RESID, OPID)
 Values
   ('t1', 't4', 'accidentedit', 'edit');
Insert into SQMS_PRIVATE_0927.RESPERMISSION
   (ORGANIZATIONID, ROLEID, RESID, OPID)
 Values
   ('t1', 't4', 'accidentnew', 'default');
Insert into SQMS_PRIVATE_0927.RESPERMISSION
   (ORGANIZATIONID, ROLEID, RESID, OPID)
 Values
   ('t1', 't4', 'accidentnew', 'delete');
Insert into SQMS_PRIVATE_0927.RESPERMISSION
   (ORGANIZATIONID, ROLEID, RESID, OPID)
 Values
   ('t1', 't4', 'accidentnew', 'create');
Insert into SQMS_PRIVATE_0927.RESPERMISSION
   (ORGANIZATIONID, ROLEID, RESID, OPID)
 Values
   ('t1', 't4', 'accidentnew', 'saveandnew');
Insert into SQMS_PRIVATE_0927.RESPERMISSION
   (ORGANIZATIONID, ROLEID, RESID, OPID)
 Values
   ('t1', 't4', 'accidentnew', 'view');
Insert into SQMS_PRIVATE_0927.RESPERMISSION
   (ORGANIZATIONID, ROLEID, RESID, OPID)
 Values
   ('t1', 't4', 'accidentnew', 'edit');
Insert into SQMS_PRIVATE_0927.RESPERMISSION
   (ORGANIZATIONID, ROLEID, RESID, OPID)
 Values
   ('t1', 't4', 'accidentlist', 'default');
Insert into SQMS_PRIVATE_0927.RESPERMISSION
   (ORGANIZATIONID, ROLEID, RESID, OPID)
 Values
   ('t1', 't4', 'accidentlist', 'delete');
Insert into SQMS_PRIVATE_0927.RESPERMISSION
   (ORGANIZATIONID, ROLEID, RESID, OPID)
 Values
   ('t1', 't4', 'accidentlist', 'create');
Insert into SQMS_PRIVATE_0927.RESPERMISSION
   (ORGANIZATIONID, ROLEID, RESID, OPID)
 Values
   ('t1', 't4', 'accidentlist', 'saveandnew');
Insert into SQMS_PRIVATE_0927.RESPERMISSION
   (ORGANIZATIONID, ROLEID, RESID, OPID)
 Values
   ('t1', 't4', 'accidentlist', 'view');
Insert into SQMS_PRIVATE_0927.RESPERMISSION
   (ORGANIZATIONID, ROLEID, RESID, OPID)
 Values
   ('t1', 't4', 'accidentlist', 'edit');
Insert into SQMS_PRIVATE_0927.RESPERMISSION
   (ORGANIZATIONID, ROLEID, RESID, OPID)
 Values
   ('t1', 't4', 'accidentview', 'default');
Insert into SQMS_PRIVATE_0927.RESPERMISSION
   (ORGANIZATIONID, ROLEID, RESID, OPID)
 Values
   ('t1', 't4', 'accidentview', 'delete');
Insert into SQMS_PRIVATE_0927.RESPERMISSION
   (ORGANIZATIONID, ROLEID, RESID, OPID)
 Values
   ('t1', 't4', 'accidentview', 'create');
Insert into SQMS_PRIVATE_0927.RESPERMISSION
   (ORGANIZATIONID, ROLEID, RESID, OPID)
 Values
   ('t1', 't4', 'accidentview', 'saveandnew');
Insert into SQMS_PRIVATE_0927.RESPERMISSION
   (ORGANIZATIONID, ROLEID, RESID, OPID)
 Values
   ('t1', 't4', 'accidentview', 'view');
Insert into SQMS_PRIVATE_0927.RESPERMISSION
   (ORGANIZATIONID, ROLEID, RESID, OPID)
 Values
   ('t1', 't4', 'accidentview', 'edit');
Insert into SQMS_PRIVATE_0927.RESPERMISSION
   (ORGANIZATIONID, ROLEID, RESID, OPID)
 Values
   ('t1', 't4', 'trashentranceedit', 'default');
Insert into SQMS_PRIVATE_0927.RESPERMISSION
   (ORGANIZATIONID, ROLEID, RESID, OPID)
 Values
   ('t1', 't4', 'trashentranceedit', 'delete');
Insert into SQMS_PRIVATE_0927.RESPERMISSION
   (ORGANIZATIONID, ROLEID, RESID, OPID)
 Values
   ('t1', 't4', 'trashentranceedit', 'create');
Insert into SQMS_PRIVATE_0927.RESPERMISSION
   (ORGANIZATIONID, ROLEID, RESID, OPID)
 Values
   ('t1', 't4', 'trashentranceedit', 'saveandnew');
Insert into SQMS_PRIVATE_0927.RESPERMISSION
   (ORGANIZATIONID, ROLEID, RESID, OPID)
 Values
   ('t1', 't4', 'trashentranceedit', 'view');
Insert into SQMS_PRIVATE_0927.RESPERMISSION
   (ORGANIZATIONID, ROLEID, RESID, OPID)
 Values
   ('t1', 't4', 'trashentranceedit', 'edit');
Insert into SQMS_PRIVATE_0927.RESPERMISSION
   (ORGANIZATIONID, ROLEID, RESID, OPID)
 Values
   ('t1', 't4', 'trashentrancenew', 'default');
Insert into SQMS_PRIVATE_0927.RESPERMISSION
   (ORGANIZATIONID, ROLEID, RESID, OPID)
 Values
   ('t1', 't4', 'trashentrancenew', 'delete');
Insert into SQMS_PRIVATE_0927.RESPERMISSION
   (ORGANIZATIONID, ROLEID, RESID, OPID)
 Values
   ('t1', 't4', 'trashentrancenew', 'create');
Insert into SQMS_PRIVATE_0927.RESPERMISSION
   (ORGANIZATIONID, ROLEID, RESID, OPID)
 Values
   ('t1', 't4', 'trashentrancenew', 'saveandnew');
Insert into SQMS_PRIVATE_0927.RESPERMISSION
   (ORGANIZATIONID, ROLEID, RESID, OPID)
 Values
   ('t1', 't4', 'trashentrancenew', 'view');
Insert into SQMS_PRIVATE_0927.RESPERMISSION
   (ORGANIZATIONID, ROLEID, RESID, OPID)
 Values
   ('t1', 't4', 'trashentrancenew', 'edit');
Insert into SQMS_PRIVATE_0927.RESPERMISSION
   (ORGANIZATIONID, ROLEID, RESID, OPID)
 Values
   ('t1', 't4', 'trashentrancelist', 'default');
Insert into SQMS_PRIVATE_0927.RESPERMISSION
   (ORGANIZATIONID, ROLEID, RESID, OPID)
 Values
   ('t1', 't4', 'trashentrancelist', 'delete');
Insert into SQMS_PRIVATE_0927.RESPERMISSION
   (ORGANIZATIONID, ROLEID, RESID, OPID)
 Values
   ('t1', 't4', 'trashentrancelist', 'create');
Insert into SQMS_PRIVATE_0927.RESPERMISSION
   (ORGANIZATIONID, ROLEID, RESID, OPID)
 Values
   ('t1', 't4', 'trashentrancelist', 'saveandnew');
Insert into SQMS_PRIVATE_0927.RESPERMISSION
   (ORGANIZATIONID, ROLEID, RESID, OPID)
 Values
   ('t1', 't4', 'trashentrancelist', 'view');
Insert into SQMS_PRIVATE_0927.RESPERMISSION
   (ORGANIZATIONID, ROLEID, RESID, OPID)
 Values
   ('t1', 't4', 'trashentrancelist', 'edit');
Insert into SQMS_PRIVATE_0927.RESPERMISSION
   (ORGANIZATIONID, ROLEID, RESID, OPID)
 Values
   ('t1', 't4', 'trashentranceview', 'default');
Insert into SQMS_PRIVATE_0927.RESPERMISSION
   (ORGANIZATIONID, ROLEID, RESID, OPID)
 Values
   ('t1', 't4', 'trashentranceview', 'delete');
Insert into SQMS_PRIVATE_0927.RESPERMISSION
   (ORGANIZATIONID, ROLEID, RESID, OPID)
 Values
   ('t1', 't4', 'trashentranceview', 'create');
Insert into SQMS_PRIVATE_0927.RESPERMISSION
   (ORGANIZATIONID, ROLEID, RESID, OPID)
 Values
   ('t1', 't4', 'trashentranceview', 'saveandnew');
Insert into SQMS_PRIVATE_0927.RESPERMISSION
   (ORGANIZATIONID, ROLEID, RESID, OPID)
 Values
   ('t1', 't4', 'trashentranceview', 'view');
Insert into SQMS_PRIVATE_0927.RESPERMISSION
   (ORGANIZATIONID, ROLEID, RESID, OPID)
 Values
   ('t1', 't4', 'trashentranceview', 'edit');
Insert into SQMS_PRIVATE_0927.RESPERMISSION
   (ORGANIZATIONID, ROLEID, RESID, OPID)
 Values
   ('t1', 't4', 'mpedit', 'default');
Insert into SQMS_PRIVATE_0927.RESPERMISSION
   (ORGANIZATIONID, ROLEID, RESID, OPID)
 Values
   ('t1', 't4', 'mpedit', 'delete');
Insert into SQMS_PRIVATE_0927.RESPERMISSION
   (ORGANIZATIONID, ROLEID, RESID, OPID)
 Values
   ('t1', 't4', 'mpedit', 'create');
Insert into SQMS_PRIVATE_0927.RESPERMISSION
   (ORGANIZATIONID, ROLEID, RESID, OPID)
 Values
   ('t1', 't4', 'mpedit', 'view');
Insert into SQMS_PRIVATE_0927.RESPERMISSION
   (ORGANIZATIONID, ROLEID, RESID, OPID)
 Values
   ('t1', 't4', 'mpedit', 'edit');
Insert into SQMS_PRIVATE_0927.RESPERMISSION
   (ORGANIZATIONID, ROLEID, RESID, OPID)
 Values
   ('t1', 't4', 'mpedit', 'saveandnew');
Insert into SQMS_PRIVATE_0927.RESPERMISSION
   (ORGANIZATIONID, ROLEID, RESID, OPID)
 Values
   ('t1', 't4', 'mpnew', 'default');
Insert into SQMS_PRIVATE_0927.RESPERMISSION
   (ORGANIZATIONID, ROLEID, RESID, OPID)
 Values
   ('t1', 't4', 'mpnew', 'delete');
Insert into SQMS_PRIVATE_0927.RESPERMISSION
   (ORGANIZATIONID, ROLEID, RESID, OPID)
 Values
   ('t1', 't4', 'mpnew', 'create');
Insert into SQMS_PRIVATE_0927.RESPERMISSION
   (ORGANIZATIONID, ROLEID, RESID, OPID)
 Values
   ('t1', 't4', 'mpnew', 'view');
Insert into SQMS_PRIVATE_0927.RESPERMISSION
   (ORGANIZATIONID, ROLEID, RESID, OPID)
 Values
   ('t1', 't4', 'mpnew', 'edit');
Insert into SQMS_PRIVATE_0927.RESPERMISSION
   (ORGANIZATIONID, ROLEID, RESID, OPID)
 Values
   ('t1', 't4', 'mpnew', 'saveandnew');
Insert into SQMS_PRIVATE_0927.RESPERMISSION
   (ORGANIZATIONID, ROLEID, RESID, OPID)
 Values
   ('t1', 't4', 'mpview', 'default');
Insert into SQMS_PRIVATE_0927.RESPERMISSION
   (ORGANIZATIONID, ROLEID, RESID, OPID)
 Values
   ('t1', 't4', 'mpview', 'delete');
Insert into SQMS_PRIVATE_0927.RESPERMISSION
   (ORGANIZATIONID, ROLEID, RESID, OPID)
 Values
   ('t1', 't4', 'mpview', 'create');
Insert into SQMS_PRIVATE_0927.RESPERMISSION
   (ORGANIZATIONID, ROLEID, RESID, OPID)
 Values
   ('t1', 't4', 'mpview', 'view');
Insert into SQMS_PRIVATE_0927.RESPERMISSION
   (ORGANIZATIONID, ROLEID, RESID, OPID)
 Values
   ('t1', 't4', 'mpview', 'edit');
Insert into SQMS_PRIVATE_0927.RESPERMISSION
   (ORGANIZATIONID, ROLEID, RESID, OPID)
 Values
   ('t1', 't4', 'mpview', 'saveandnew');
Insert into SQMS_PRIVATE_0927.RESPERMISSION
   (ORGANIZATIONID, ROLEID, RESID, OPID)
 Values
   ('t1', 't4', 'mplist', 'default');
Insert into SQMS_PRIVATE_0927.RESPERMISSION
   (ORGANIZATIONID, ROLEID, RESID, OPID)
 Values
   ('t1', 't4', 'mplist', 'delete');
Insert into SQMS_PRIVATE_0927.RESPERMISSION
   (ORGANIZATIONID, ROLEID, RESID, OPID)
 Values
   ('t1', 't4', 'mplist', 'create');
Insert into SQMS_PRIVATE_0927.RESPERMISSION
   (ORGANIZATIONID, ROLEID, RESID, OPID)
 Values
   ('t1', 't4', 'mplist', 'view');
Insert into SQMS_PRIVATE_0927.RESPERMISSION
   (ORGANIZATIONID, ROLEID, RESID, OPID)
 Values
   ('t1', 't4', 'mplist', 'edit');
Insert into SQMS_PRIVATE_0927.RESPERMISSION
   (ORGANIZATIONID, ROLEID, RESID, OPID)
 Values
   ('t1', 't4', 'mplist', 'saveandnew');
Insert into SQMS_PRIVATE_0927.RESPERMISSION
   (ORGANIZATIONID, ROLEID, RESID, OPID)
 Values
   ('t1', 't4', 'projectlist', 'default');
Insert into SQMS_PRIVATE_0927.RESPERMISSION
   (ORGANIZATIONID, ROLEID, RESID, OPID)
 Values
   ('t1', 't4', 'projectlist', 'view');
Insert into SQMS_PRIVATE_0927.RESPERMISSION
   (ORGANIZATIONID, ROLEID, RESID, OPID)
 Values
   ('t1', 't4', 'projectlist', 'delete');
Insert into SQMS_PRIVATE_0927.RESPERMISSION
   (ORGANIZATIONID, ROLEID, RESID, OPID)
 Values
   ('t1', 't4', 'projectlist', 'edit');
Insert into SQMS_PRIVATE_0927.RESPERMISSION
   (ORGANIZATIONID, ROLEID, RESID, OPID)
 Values
   ('t1', 't4', 'projectlist', 'create');
Insert into SQMS_PRIVATE_0927.RESPERMISSION
   (ORGANIZATIONID, ROLEID, RESID, OPID)
 Values
   ('t1', 't4', 'projectedit', 'default');
Insert into SQMS_PRIVATE_0927.RESPERMISSION
   (ORGANIZATIONID, ROLEID, RESID, OPID)
 Values
   ('t1', 't4', 'projectedit', 'view');
Insert into SQMS_PRIVATE_0927.RESPERMISSION
   (ORGANIZATIONID, ROLEID, RESID, OPID)
 Values
   ('t1', 't4', 'projectedit', 'delete');
Insert into SQMS_PRIVATE_0927.RESPERMISSION
   (ORGANIZATIONID, ROLEID, RESID, OPID)
 Values
   ('t1', 't4', 'projectedit', 'create');
Insert into SQMS_PRIVATE_0927.RESPERMISSION
   (ORGANIZATIONID, ROLEID, RESID, OPID)
 Values
   ('t1', 't4', 'projectedit', 'edit');
Insert into SQMS_PRIVATE_0927.RESPERMISSION
   (ORGANIZATIONID, ROLEID, RESID, OPID)
 Values
   ('t1', 't4', 'projectnew', 'default');
Insert into SQMS_PRIVATE_0927.RESPERMISSION
   (ORGANIZATIONID, ROLEID, RESID, OPID)
 Values
   ('t1', 't4', 'projectnew', 'delete');
Insert into SQMS_PRIVATE_0927.RESPERMISSION
   (ORGANIZATIONID, ROLEID, RESID, OPID)
 Values
   ('t1', 't4', 'projectnew', 'create');
Insert into SQMS_PRIVATE_0927.RESPERMISSION
   (ORGANIZATIONID, ROLEID, RESID, OPID)
 Values
   ('t1', 't4', 'projectnew', 'view');
Insert into SQMS_PRIVATE_0927.RESPERMISSION
   (ORGANIZATIONID, ROLEID, RESID, OPID)
 Values
   ('t1', 't4', 'projectnew', 'edit');
Insert into SQMS_PRIVATE_0927.RESPERMISSION
   (ORGANIZATIONID, ROLEID, RESID, OPID)
 Values
   ('t1', 't2', 'RoadNew', 'create');
Insert into SQMS_PRIVATE_0927.RESPERMISSION
   (ORGANIZATIONID, ROLEID, RESID, OPID)
 Values
   (NULL, 't2', 't6', 'default');
Insert into SQMS_PRIVATE_0927.RESPERMISSION
   (ORGANIZATIONID, ROLEID, RESID, OPID)
 Values
   (NULL, 't2', 't19', 'default');
Insert into SQMS_PRIVATE_0927.RESPERMISSION
   (ORGANIZATIONID, ROLEID, RESID, OPID)
 Values
   (NULL, 't2', 't20', 'default');
Insert into SQMS_PRIVATE_0927.RESPERMISSION
   (ORGANIZATIONID, ROLEID, RESID, OPID)
 Values
   (NULL, 't2', 't21', 'default');
Insert into SQMS_PRIVATE_0927.RESPERMISSION
   (ORGANIZATIONID, ROLEID, RESID, OPID)
 Values
   (NULL, 't2', 't22', 'default');
Insert into SQMS_PRIVATE_0927.RESPERMISSION
   (ORGANIZATIONID, ROLEID, RESID, OPID)
 Values
   (NULL, 't1', 't19', 'default');
Insert into SQMS_PRIVATE_0927.RESPERMISSION
   (ORGANIZATIONID, ROLEID, RESID, OPID)
 Values
   (NULL, 't1', 't20', 'default');
Insert into SQMS_PRIVATE_0927.RESPERMISSION
   (ORGANIZATIONID, ROLEID, RESID, OPID)
 Values
   (NULL, 't1', 't21', 'default');
Insert into SQMS_PRIVATE_0927.RESPERMISSION
   (ORGANIZATIONID, ROLEID, RESID, OPID)
 Values
   (NULL, 't1', 't22', 'default');
Insert into SQMS_PRIVATE_0927.RESPERMISSION
   (ORGANIZATIONID, ROLEID, RESID, OPID)
 Values
   ('t1', 't1', 't10', 'default');
Insert into SQMS_PRIVATE_0927.RESPERMISSION
   (ORGANIZATIONID, ROLEID, RESID, OPID)
 Values
   ('t1', 't2', 't10', 'default');
Insert into SQMS_PRIVATE_0927.RESPERMISSION
   (ORGANIZATIONID, ROLEID, RESID, OPID)
 Values
   ('t1', 't1', 't11', 'default');
Insert into SQMS_PRIVATE_0927.RESPERMISSION
   (ORGANIZATIONID, ROLEID, RESID, OPID)
 Values
   ('t1', 't2', 't11', 'default');
Insert into SQMS_PRIVATE_0927.RESPERMISSION
   (ORGANIZATIONID, ROLEID, RESID, OPID)
 Values
   ('t1', 't1', 't12', 'default');
Insert into SQMS_PRIVATE_0927.RESPERMISSION
   (ORGANIZATIONID, ROLEID, RESID, OPID)
 Values
   ('t1', 't2', 't12', 'default');
Insert into SQMS_PRIVATE_0927.RESPERMISSION
   (ORGANIZATIONID, ROLEID, RESID, OPID)
 Values
   ('t1', 't1', 't13', 'default');
Insert into SQMS_PRIVATE_0927.RESPERMISSION
   (ORGANIZATIONID, ROLEID, RESID, OPID)
 Values
   ('t1', 't2', 't13', 'default');
Insert into SQMS_PRIVATE_0927.RESPERMISSION
   (ORGANIZATIONID, ROLEID, RESID, OPID)
 Values
   ('t1', 't1', 't14', 'default');
Insert into SQMS_PRIVATE_0927.RESPERMISSION
   (ORGANIZATIONID, ROLEID, RESID, OPID)
 Values
   ('t1', 't2', 't14', 'default');
Insert into SQMS_PRIVATE_0927.RESPERMISSION
   (ORGANIZATIONID, ROLEID, RESID, OPID)
 Values
   ('t1', 't1', 't15', 'default');
Insert into SQMS_PRIVATE_0927.RESPERMISSION
   (ORGANIZATIONID, ROLEID, RESID, OPID)
 Values
   ('t1', 't1', 't16', 'default');
Insert into SQMS_PRIVATE_0927.RESPERMISSION
   (ORGANIZATIONID, ROLEID, RESID, OPID)
 Values
   ('t1', 't2', 't16', 'delete');
Insert into SQMS_PRIVATE_0927.RESPERMISSION
   (ORGANIZATIONID, ROLEID, RESID, OPID)
 Values
   ('t1', 't2', 't16', 'edit');
Insert into SQMS_PRIVATE_0927.RESPERMISSION
   (ORGANIZATIONID, ROLEID, RESID, OPID)
 Values
   ('t1', 't1', 't17', 'default');
Insert into SQMS_PRIVATE_0927.RESPERMISSION
   (ORGANIZATIONID, ROLEID, RESID, OPID)
 Values
   ('t1', 't2', 't17', 'delete');
Insert into SQMS_PRIVATE_0927.RESPERMISSION
   (ORGANIZATIONID, ROLEID, RESID, OPID)
 Values
   ('t1', 't2', 't17', 'edit');
Insert into SQMS_PRIVATE_0927.RESPERMISSION
   (ORGANIZATIONID, ROLEID, RESID, OPID)
 Values
   ('t1', 't1', 't18', 'default');
Insert into SQMS_PRIVATE_0927.RESPERMISSION
   (ORGANIZATIONID, ROLEID, RESID, OPID)
 Values
   ('t1', 't2', 't18', 'default');
Insert into SQMS_PRIVATE_0927.RESPERMISSION
   (ORGANIZATIONID, ROLEID, RESID, OPID)
 Values
   ('t1', 't1', 't23', 'default');
Insert into SQMS_PRIVATE_0927.RESPERMISSION
   (ORGANIZATIONID, ROLEID, RESID, OPID)
 Values
   ('t1', 't1', 't3', 'default');
Insert into SQMS_PRIVATE_0927.RESPERMISSION
   (ORGANIZATIONID, ROLEID, RESID, OPID)
 Values
   ('t1', 't2', 't3', 'default');
Insert into SQMS_PRIVATE_0927.RESPERMISSION
   (ORGANIZATIONID, ROLEID, RESID, OPID)
 Values
   ('t1', 't1', 't4', 'default');
Insert into SQMS_PRIVATE_0927.RESPERMISSION
   (ORGANIZATIONID, ROLEID, RESID, OPID)
 Values
   ('t1', 't2', 't4', 'default');
Insert into SQMS_PRIVATE_0927.RESPERMISSION
   (ORGANIZATIONID, ROLEID, RESID, OPID)
 Values
   ('t1', 't1', 't5', 'default');
Insert into SQMS_PRIVATE_0927.RESPERMISSION
   (ORGANIZATIONID, ROLEID, RESID, OPID)
 Values
   ('t1', 't2', 't5', 'default');
Insert into SQMS_PRIVATE_0927.RESPERMISSION
   (ORGANIZATIONID, ROLEID, RESID, OPID)
 Values
   ('t1', 't1', 't6', 'default');
Insert into SQMS_PRIVATE_0927.RESPERMISSION
   (ORGANIZATIONID, ROLEID, RESID, OPID)
 Values
   ('t1', 't1', 't7', 'default');
Insert into SQMS_PRIVATE_0927.RESPERMISSION
   (ORGANIZATIONID, ROLEID, RESID, OPID)
 Values
   ('t1', 't2', 't7', 'delete');
Insert into SQMS_PRIVATE_0927.RESPERMISSION
   (ORGANIZATIONID, ROLEID, RESID, OPID)
 Values
   ('t1', 't1', 't8', 'default');
Insert into SQMS_PRIVATE_0927.RESPERMISSION
   (ORGANIZATIONID, ROLEID, RESID, OPID)
 Values
   ('t1', 't2', 't8', 'default');
Insert into SQMS_PRIVATE_0927.RESPERMISSION
   (ORGANIZATIONID, ROLEID, RESID, OPID)
 Values
   ('t1', 't1', 't9', 'default');
Insert into SQMS_PRIVATE_0927.RESPERMISSION
   (ORGANIZATIONID, ROLEID, RESID, OPID)
 Values
   ('t1', 't2', 't9', 'default');
Insert into SQMS_PRIVATE_0927.RESPERMISSION
   (ORGANIZATIONID, ROLEID, RESID, OPID)
 Values
   ('t1', 't2', 'CompanyQualityMonitor', 'view');
Insert into SQMS_PRIVATE_0927.RESPERMISSION
   (ORGANIZATIONID, ROLEID, RESID, OPID)
 Values
   ('t1', 't2', 'MonitorPoint', 'view');
Insert into SQMS_PRIVATE_0927.RESPERMISSION
   (ORGANIZATIONID, ROLEID, RESID, OPID)
 Values
   ('t1', 't2', 'MonitorPointDetail', 'view');
Insert into SQMS_PRIVATE_0927.RESPERMISSION
   (ORGANIZATIONID, ROLEID, RESID, OPID)
 Values
   ('t1', 't2', 'QualityMonitorPointMap', 'view');
Insert into SQMS_PRIVATE_0927.RESPERMISSION
   (ORGANIZATIONID, ROLEID, RESID, OPID)
 Values
   ('t1', 't2', 'MunicipalAdminMonitor', 'view');
Insert into SQMS_PRIVATE_0927.RESPERMISSION
   (ORGANIZATIONID, ROLEID, RESID, OPID)
 Values
   ('t1', 't2', 'SanitationOfficeMonitor', 'view');
Insert into SQMS_PRIVATE_0927.RESPERMISSION
   (ORGANIZATIONID, ROLEID, RESID, OPID)
 Values
   ('t1', 't2', 'AjaxVideo', 'view');
Insert into SQMS_PRIVATE_0927.RESPERMISSION
   (ORGANIZATIONID, ROLEID, RESID, OPID)
 Values
   ('t1', 't2', 'RoadEdit', 'edit');
Insert into SQMS_PRIVATE_0927.RESPERMISSION
   (ORGANIZATIONID, ROLEID, RESID, OPID)
 Values
   ('t1', 't2', 'RoadList', 'view');
Insert into SQMS_PRIVATE_0927.RESPERMISSION
   (ORGANIZATIONID, ROLEID, RESID, OPID)
 Values
   ('t1', 't4', 'AjaxVideo', 'default');
Insert into SQMS_PRIVATE_0927.RESPERMISSION
   (ORGANIZATIONID, ROLEID, RESID, OPID)
 Values
   ('t1', 't4', 'MonitorPoint', 'default');
Insert into SQMS_PRIVATE_0927.RESPERMISSION
   (ORGANIZATIONID, ROLEID, RESID, OPID)
 Values
   ('t1', 't4', 'CompanyQualityMonitor', 'default');
Insert into SQMS_PRIVATE_0927.RESPERMISSION
   (ORGANIZATIONID, ROLEID, RESID, OPID)
 Values
   ('t1', 't4', 'MonitorPointDetail', 'default');
Insert into SQMS_PRIVATE_0927.RESPERMISSION
   (ORGANIZATIONID, ROLEID, RESID, OPID)
 Values
   ('t1', 't4', 'MunicipalAdminMonitor', 'default');
Insert into SQMS_PRIVATE_0927.RESPERMISSION
   (ORGANIZATIONID, ROLEID, RESID, OPID)
 Values
   ('t1', 't4', 'QualityMonitorPointMap', 'default');
Insert into SQMS_PRIVATE_0927.RESPERMISSION
   (ORGANIZATIONID, ROLEID, RESID, OPID)
 Values
   ('t1', 't4', 'RoadEdit', 'default');
Insert into SQMS_PRIVATE_0927.RESPERMISSION
   (ORGANIZATIONID, ROLEID, RESID, OPID)
 Values
   ('t1', 't4', 'RoadList', 'default');
Insert into SQMS_PRIVATE_0927.RESPERMISSION
   (ORGANIZATIONID, ROLEID, RESID, OPID)
 Values
   ('t1', 't4', 'RoadNew', 'default');
Insert into SQMS_PRIVATE_0927.RESPERMISSION
   (ORGANIZATIONID, ROLEID, RESID, OPID)
 Values
   ('t1', 't4', 'SanitationOfficeMonitor', 'default');
Insert into SQMS_PRIVATE_0927.RESPERMISSION
   (ORGANIZATIONID, ROLEID, RESID, OPID)
 Values
   ('t1', 't4', 't10', 'default');
Insert into SQMS_PRIVATE_0927.RESPERMISSION
   (ORGANIZATIONID, ROLEID, RESID, OPID)
 Values
   ('t1', 't4', 't11', 'default');
Insert into SQMS_PRIVATE_0927.RESPERMISSION
   (ORGANIZATIONID, ROLEID, RESID, OPID)
 Values
   ('t1', 't4', 't12', 'default');
Insert into SQMS_PRIVATE_0927.RESPERMISSION
   (ORGANIZATIONID, ROLEID, RESID, OPID)
 Values
   ('t1', 't4', 't13', 'default');
Insert into SQMS_PRIVATE_0927.RESPERMISSION
   (ORGANIZATIONID, ROLEID, RESID, OPID)
 Values
   ('t1', 't4', 't14', 'default');
Insert into SQMS_PRIVATE_0927.RESPERMISSION
   (ORGANIZATIONID, ROLEID, RESID, OPID)
 Values
   ('t1', 't4', 't15', 'default');
Insert into SQMS_PRIVATE_0927.RESPERMISSION
   (ORGANIZATIONID, ROLEID, RESID, OPID)
 Values
   ('t1', 't4', 't16', 'default');
Insert into SQMS_PRIVATE_0927.RESPERMISSION
   (ORGANIZATIONID, ROLEID, RESID, OPID)
 Values
   ('t1', 't4', 't17', 'default');
Insert into SQMS_PRIVATE_0927.RESPERMISSION
   (ORGANIZATIONID, ROLEID, RESID, OPID)
 Values
   ('t1', 't4', 't18', 'default');
Insert into SQMS_PRIVATE_0927.RESPERMISSION
   (ORGANIZATIONID, ROLEID, RESID, OPID)
 Values
   ('t1', 't4', 't19', 'default');
Insert into SQMS_PRIVATE_0927.RESPERMISSION
   (ORGANIZATIONID, ROLEID, RESID, OPID)
 Values
   ('t1', 't4', 't20', 'default');
Insert into SQMS_PRIVATE_0927.RESPERMISSION
   (ORGANIZATIONID, ROLEID, RESID, OPID)
 Values
   ('t1', 't4', 't21', 'default');
Insert into SQMS_PRIVATE_0927.RESPERMISSION
   (ORGANIZATIONID, ROLEID, RESID, OPID)
 Values
   ('t1', 't4', 't22', 'default');
Insert into SQMS_PRIVATE_0927.RESPERMISSION
   (ORGANIZATIONID, ROLEID, RESID, OPID)
 Values
   ('t1', 't4', 't23', 'default');
Insert into SQMS_PRIVATE_0927.RESPERMISSION
   (ORGANIZATIONID, ROLEID, RESID, OPID)
 Values
   ('t1', 't4', 't3', 'default');
Insert into SQMS_PRIVATE_0927.RESPERMISSION
   (ORGANIZATIONID, ROLEID, RESID, OPID)
 Values
   ('t1', 't4', 't4', 'default');
Insert into SQMS_PRIVATE_0927.RESPERMISSION
   (ORGANIZATIONID, ROLEID, RESID, OPID)
 Values
   ('t1', 't4', 't5', 'default');
Insert into SQMS_PRIVATE_0927.RESPERMISSION
   (ORGANIZATIONID, ROLEID, RESID, OPID)
 Values
   ('t1', 't4', 't6', 'default');
Insert into SQMS_PRIVATE_0927.RESPERMISSION
   (ORGANIZATIONID, ROLEID, RESID, OPID)
 Values
   ('t1', 't4', 't7', 'default');
Insert into SQMS_PRIVATE_0927.RESPERMISSION
   (ORGANIZATIONID, ROLEID, RESID, OPID)
 Values
   ('t1', 't4', 't8', 'default');
Insert into SQMS_PRIVATE_0927.RESPERMISSION
   (ORGANIZATIONID, ROLEID, RESID, OPID)
 Values
   ('t1', 't4', 't9', 'default');
Insert into SQMS_PRIVATE_0927.RESPERMISSION
   (ORGANIZATIONID, ROLEID, RESID, OPID)
 Values
   ('t1', 't4', '7', 'saveandnew');
Insert into SQMS_PRIVATE_0927.RESPERMISSION
   (ORGANIZATIONID, ROLEID, RESID, OPID)
 Values
   ('t1', 't4', '7', 'create');
Insert into SQMS_PRIVATE_0927.RESPERMISSION
   (ORGANIZATIONID, ROLEID, RESID, OPID)
 Values
   ('t1', 't4', '7', 'delete');
Insert into SQMS_PRIVATE_0927.RESPERMISSION
   (ORGANIZATIONID, ROLEID, RESID, OPID)
 Values
   ('t1', 't4', '7', 'edit');
Insert into SQMS_PRIVATE_0927.RESPERMISSION
   (ORGANIZATIONID, ROLEID, RESID, OPID)
 Values
   ('t1', 't4', '7', 'view');
Insert into SQMS_PRIVATE_0927.RESPERMISSION
   (ORGANIZATIONID, ROLEID, RESID, OPID)
 Values
   ('t1', 't4', '7', 'default');
Insert into SQMS_PRIVATE_0927.RESPERMISSION
   (ORGANIZATIONID, ROLEID, RESID, OPID)
 Values
   ('t1', 't4', '9', 'saveandnew');
Insert into SQMS_PRIVATE_0927.RESPERMISSION
   (ORGANIZATIONID, ROLEID, RESID, OPID)
 Values
   ('t1', 't4', '9', 'create');
Insert into SQMS_PRIVATE_0927.RESPERMISSION
   (ORGANIZATIONID, ROLEID, RESID, OPID)
 Values
   ('t1', 't4', '9', 'delete');
Insert into SQMS_PRIVATE_0927.RESPERMISSION
   (ORGANIZATIONID, ROLEID, RESID, OPID)
 Values
   ('t1', 't4', '9', 'edit');
Insert into SQMS_PRIVATE_0927.RESPERMISSION
   (ORGANIZATIONID, ROLEID, RESID, OPID)
 Values
   ('t1', 't4', '9', 'view');
Insert into SQMS_PRIVATE_0927.RESPERMISSION
   (ORGANIZATIONID, ROLEID, RESID, OPID)
 Values
   ('t1', 't4', '9', 'default');
Insert into SQMS_PRIVATE_0927.RESPERMISSION
   (ORGANIZATIONID, ROLEID, RESID, OPID)
 Values
   ('t1', 't4', 'vehiclemonitor', 'default');
Insert into SQMS_PRIVATE_0927.RESPERMISSION
   (ORGANIZATIONID, ROLEID, RESID, OPID)
 Values
   ('t1', 't4', 'vehiclemonitor', 'view');
Insert into SQMS_PRIVATE_0927.RESPERMISSION
   (ORGANIZATIONID, ROLEID, RESID, OPID)
 Values
   ('t1', 't4', 't24', 'default');
Insert into SQMS_PRIVATE_0927.RESPERMISSION
   (ORGANIZATIONID, ROLEID, RESID, OPID)
 Values
   ('t1', 't4', 't25', 'default');
Insert into SQMS_PRIVATE_0927.RESPERMISSION
   (ORGANIZATIONID, ROLEID, RESID, OPID)
 Values
   ('t1', 't4', 't26', 'default');
Insert into SQMS_PRIVATE_0927.RESPERMISSION
   (ORGANIZATIONID, ROLEID, RESID, OPID)
 Values
   ('t1', 't4', 't27', 'default');
Insert into SQMS_PRIVATE_0927.RESPERMISSION
   (ORGANIZATIONID, ROLEID, RESID, OPID)
 Values
   ('t1', 't4', 'RoadEdit', 'saveandnew');
Insert into SQMS_PRIVATE_0927.RESPERMISSION
   (ORGANIZATIONID, ROLEID, RESID, OPID)
 Values
   ('t1', 't4', 'RoadEdit', 'create');
Insert into SQMS_PRIVATE_0927.RESPERMISSION
   (ORGANIZATIONID, ROLEID, RESID, OPID)
 Values
   ('t1', 't4', 'RoadEdit', 'delete');
Insert into SQMS_PRIVATE_0927.RESPERMISSION
   (ORGANIZATIONID, ROLEID, RESID, OPID)
 Values
   ('t1', 't4', 'RoadEdit', 'edit');
Insert into SQMS_PRIVATE_0927.RESPERMISSION
   (ORGANIZATIONID, ROLEID, RESID, OPID)
 Values
   ('t1', 't4', 'RoadEdit', 'view');
Insert into SQMS_PRIVATE_0927.RESPERMISSION
   (ORGANIZATIONID, ROLEID, RESID, OPID)
 Values
   ('t1', 't4', 'RoadList', 'saveandnew');
Insert into SQMS_PRIVATE_0927.RESPERMISSION
   (ORGANIZATIONID, ROLEID, RESID, OPID)
 Values
   ('t1', 't4', 'RoadList', 'create');
Insert into SQMS_PRIVATE_0927.RESPERMISSION
   (ORGANIZATIONID, ROLEID, RESID, OPID)
 Values
   ('t1', 't4', 'RoadList', 'delete');
Insert into SQMS_PRIVATE_0927.RESPERMISSION
   (ORGANIZATIONID, ROLEID, RESID, OPID)
 Values
   ('t1', 't4', 'RoadList', 'edit');
Insert into SQMS_PRIVATE_0927.RESPERMISSION
   (ORGANIZATIONID, ROLEID, RESID, OPID)
 Values
   ('t1', 't4', 'RoadList', 'view');
Insert into SQMS_PRIVATE_0927.RESPERMISSION
   (ORGANIZATIONID, ROLEID, RESID, OPID)
 Values
   ('t1', 't4', 'RoadNew', 'saveandnew');
Insert into SQMS_PRIVATE_0927.RESPERMISSION
   (ORGANIZATIONID, ROLEID, RESID, OPID)
 Values
   ('t1', 't4', 'RoadNew', 'create');
Insert into SQMS_PRIVATE_0927.RESPERMISSION
   (ORGANIZATIONID, ROLEID, RESID, OPID)
 Values
   ('t1', 't4', 'RoadNew', 'delete');
Insert into SQMS_PRIVATE_0927.RESPERMISSION
   (ORGANIZATIONID, ROLEID, RESID, OPID)
 Values
   ('t1', 't4', 'RoadNew', 'edit');
Insert into SQMS_PRIVATE_0927.RESPERMISSION
   (ORGANIZATIONID, ROLEID, RESID, OPID)
 Values
   ('t1', 't4', 'RoadNew', 'view');
Insert into SQMS_PRIVATE_0927.RESPERMISSION
   (ORGANIZATIONID, ROLEID, RESID, OPID)
 Values
   ('t1', 't4', 't3', 'saveandnew');
Insert into SQMS_PRIVATE_0927.RESPERMISSION
   (ORGANIZATIONID, ROLEID, RESID, OPID)
 Values
   ('t1', 't4', 't3', 'create');
Insert into SQMS_PRIVATE_0927.RESPERMISSION
   (ORGANIZATIONID, ROLEID, RESID, OPID)
 Values
   ('t1', 't4', 't3', 'delete');
Insert into SQMS_PRIVATE_0927.RESPERMISSION
   (ORGANIZATIONID, ROLEID, RESID, OPID)
 Values
   ('t1', 't4', 't3', 'edit');
Insert into SQMS_PRIVATE_0927.RESPERMISSION
   (ORGANIZATIONID, ROLEID, RESID, OPID)
 Values
   ('t1', 't4', 't3', 'view');
Insert into SQMS_PRIVATE_0927.RESPERMISSION
   (ORGANIZATIONID, ROLEID, RESID, OPID)
 Values
   ('t1', 't4', 't4', 'saveandnew');
Insert into SQMS_PRIVATE_0927.RESPERMISSION
   (ORGANIZATIONID, ROLEID, RESID, OPID)
 Values
   ('t1', 't4', 't4', 'create');
Insert into SQMS_PRIVATE_0927.RESPERMISSION
   (ORGANIZATIONID, ROLEID, RESID, OPID)
 Values
   ('t1', 't4', 't4', 'delete');
Insert into SQMS_PRIVATE_0927.RESPERMISSION
   (ORGANIZATIONID, ROLEID, RESID, OPID)
 Values
   ('t1', 't4', 't4', 'edit');
Insert into SQMS_PRIVATE_0927.RESPERMISSION
   (ORGANIZATIONID, ROLEID, RESID, OPID)
 Values
   ('t1', 't4', 't4', 'view');
Insert into SQMS_PRIVATE_0927.RESPERMISSION
   (ORGANIZATIONID, ROLEID, RESID, OPID)
 Values
   ('t1', 't4', 't7', 'saveandnew');
Insert into SQMS_PRIVATE_0927.RESPERMISSION
   (ORGANIZATIONID, ROLEID, RESID, OPID)
 Values
   ('t1', 't4', 't7', 'create');
Insert into SQMS_PRIVATE_0927.RESPERMISSION
   (ORGANIZATIONID, ROLEID, RESID, OPID)
 Values
   ('t1', 't4', 't7', 'delete');
Insert into SQMS_PRIVATE_0927.RESPERMISSION
   (ORGANIZATIONID, ROLEID, RESID, OPID)
 Values
   ('t1', 't4', 't7', 'edit');
Insert into SQMS_PRIVATE_0927.RESPERMISSION
   (ORGANIZATIONID, ROLEID, RESID, OPID)
 Values
   ('t1', 't4', 't7', 'view');
Insert into SQMS_PRIVATE_0927.RESPERMISSION
   (ORGANIZATIONID, ROLEID, RESID, OPID)
 Values
   ('t1', 't4', 't23', 'saveandnew');
Insert into SQMS_PRIVATE_0927.RESPERMISSION
   (ORGANIZATIONID, ROLEID, RESID, OPID)
 Values
   ('t1', 't4', 't23', 'create');
Insert into SQMS_PRIVATE_0927.RESPERMISSION
   (ORGANIZATIONID, ROLEID, RESID, OPID)
 Values
   ('t1', 't4', 't23', 'delete');
Insert into SQMS_PRIVATE_0927.RESPERMISSION
   (ORGANIZATIONID, ROLEID, RESID, OPID)
 Values
   ('t1', 't4', 't23', 'edit');
Insert into SQMS_PRIVATE_0927.RESPERMISSION
   (ORGANIZATIONID, ROLEID, RESID, OPID)
 Values
   ('t1', 't4', 't23', 'view');
Insert into SQMS_PRIVATE_0927.RESPERMISSION
   (ORGANIZATIONID, ROLEID, RESID, OPID)
 Values
   ('t1', 't4', 't9', 'saveandnew');
Insert into SQMS_PRIVATE_0927.RESPERMISSION
   (ORGANIZATIONID, ROLEID, RESID, OPID)
 Values
   ('t1', 't4', 't9', 'create');
Insert into SQMS_PRIVATE_0927.RESPERMISSION
   (ORGANIZATIONID, ROLEID, RESID, OPID)
 Values
   ('t1', 't4', 't9', 'delete');
Insert into SQMS_PRIVATE_0927.RESPERMISSION
   (ORGANIZATIONID, ROLEID, RESID, OPID)
 Values
   ('t1', 't4', 't9', 'edit');
Insert into SQMS_PRIVATE_0927.RESPERMISSION
   (ORGANIZATIONID, ROLEID, RESID, OPID)
 Values
   ('t1', 't4', 't9', 'view');
Insert into SQMS_PRIVATE_0927.RESPERMISSION
   (ORGANIZATIONID, ROLEID, RESID, OPID)
 Values
   ('t1', 't4', 't12', 'saveandnew');
Insert into SQMS_PRIVATE_0927.RESPERMISSION
   (ORGANIZATIONID, ROLEID, RESID, OPID)
 Values
   ('t1', 't4', 't12', 'create');
Insert into SQMS_PRIVATE_0927.RESPERMISSION
   (ORGANIZATIONID, ROLEID, RESID, OPID)
 Values
   ('t1', 't4', 't12', 'delete');
Insert into SQMS_PRIVATE_0927.RESPERMISSION
   (ORGANIZATIONID, ROLEID, RESID, OPID)
 Values
   ('t1', 't4', 't12', 'edit');
Insert into SQMS_PRIVATE_0927.RESPERMISSION
   (ORGANIZATIONID, ROLEID, RESID, OPID)
 Values
   ('t1', 't4', 't12', 'view');
Insert into SQMS_PRIVATE_0927.RESPERMISSION
   (ORGANIZATIONID, ROLEID, RESID, OPID)
 Values
   ('t1', 't4', 't13', 'saveandnew');
Insert into SQMS_PRIVATE_0927.RESPERMISSION
   (ORGANIZATIONID, ROLEID, RESID, OPID)
 Values
   ('t1', 't4', 't13', 'create');
Insert into SQMS_PRIVATE_0927.RESPERMISSION
   (ORGANIZATIONID, ROLEID, RESID, OPID)
 Values
   ('t1', 't4', 't13', 'delete');
Insert into SQMS_PRIVATE_0927.RESPERMISSION
   (ORGANIZATIONID, ROLEID, RESID, OPID)
 Values
   ('t1', 't4', 't13', 'edit');
Insert into SQMS_PRIVATE_0927.RESPERMISSION
   (ORGANIZATIONID, ROLEID, RESID, OPID)
 Values
   ('t1', 't4', 't13', 'view');
Insert into SQMS_PRIVATE_0927.RESPERMISSION
   (ORGANIZATIONID, ROLEID, RESID, OPID)
 Values
   ('t1', 't4', 't14', 'saveandnew');
Insert into SQMS_PRIVATE_0927.RESPERMISSION
   (ORGANIZATIONID, ROLEID, RESID, OPID)
 Values
   ('t1', 't4', 't14', 'create');
Insert into SQMS_PRIVATE_0927.RESPERMISSION
   (ORGANIZATIONID, ROLEID, RESID, OPID)
 Values
   ('t1', 't4', 't14', 'delete');
Insert into SQMS_PRIVATE_0927.RESPERMISSION
   (ORGANIZATIONID, ROLEID, RESID, OPID)
 Values
   ('t1', 't4', 't14', 'edit');
Insert into SQMS_PRIVATE_0927.RESPERMISSION
   (ORGANIZATIONID, ROLEID, RESID, OPID)
 Values
   ('t1', 't4', 't14', 'view');
Insert into SQMS_PRIVATE_0927.RESPERMISSION
   (ORGANIZATIONID, ROLEID, RESID, OPID)
 Values
   ('t1', 't4', 't15', 'saveandnew');
Insert into SQMS_PRIVATE_0927.RESPERMISSION
   (ORGANIZATIONID, ROLEID, RESID, OPID)
 Values
   ('t1', 't4', 't15', 'create');
Insert into SQMS_PRIVATE_0927.RESPERMISSION
   (ORGANIZATIONID, ROLEID, RESID, OPID)
 Values
   ('t1', 't4', 't15', 'delete');
Insert into SQMS_PRIVATE_0927.RESPERMISSION
   (ORGANIZATIONID, ROLEID, RESID, OPID)
 Values
   ('t1', 't4', 't15', 'edit');
Insert into SQMS_PRIVATE_0927.RESPERMISSION
   (ORGANIZATIONID, ROLEID, RESID, OPID)
 Values
   ('t1', 't4', 't15', 'view');
Insert into SQMS_PRIVATE_0927.RESPERMISSION
   (ORGANIZATIONID, ROLEID, RESID, OPID)
 Values
   ('t1', 't4', 't16', 'saveandnew');
Insert into SQMS_PRIVATE_0927.RESPERMISSION
   (ORGANIZATIONID, ROLEID, RESID, OPID)
 Values
   ('t1', 't4', 't16', 'create');
Insert into SQMS_PRIVATE_0927.RESPERMISSION
   (ORGANIZATIONID, ROLEID, RESID, OPID)
 Values
   ('t1', 't4', 't16', 'delete');
Insert into SQMS_PRIVATE_0927.RESPERMISSION
   (ORGANIZATIONID, ROLEID, RESID, OPID)
 Values
   ('t1', 't4', 't16', 'edit');
Insert into SQMS_PRIVATE_0927.RESPERMISSION
   (ORGANIZATIONID, ROLEID, RESID, OPID)
 Values
   ('t1', 't4', 't16', 'view');
Insert into SQMS_PRIVATE_0927.RESPERMISSION
   (ORGANIZATIONID, ROLEID, RESID, OPID)
 Values
   ('t1', 't4', 't17', 'saveandnew');
Insert into SQMS_PRIVATE_0927.RESPERMISSION
   (ORGANIZATIONID, ROLEID, RESID, OPID)
 Values
   ('t1', 't4', 't17', 'create');
Insert into SQMS_PRIVATE_0927.RESPERMISSION
   (ORGANIZATIONID, ROLEID, RESID, OPID)
 Values
   ('t1', 't4', 't17', 'delete');
Insert into SQMS_PRIVATE_0927.RESPERMISSION
   (ORGANIZATIONID, ROLEID, RESID, OPID)
 Values
   ('t1', 't4', 't17', 'edit');
Insert into SQMS_PRIVATE_0927.RESPERMISSION
   (ORGANIZATIONID, ROLEID, RESID, OPID)
 Values
   ('t1', 't4', 't17', 'view');
Insert into SQMS_PRIVATE_0927.RESPERMISSION
   (ORGANIZATIONID, ROLEID, RESID, OPID)
 Values
   ('t1', 't4', 't18', 'saveandnew');
Insert into SQMS_PRIVATE_0927.RESPERMISSION
   (ORGANIZATIONID, ROLEID, RESID, OPID)
 Values
   ('t1', 't4', 't18', 'create');
Insert into SQMS_PRIVATE_0927.RESPERMISSION
   (ORGANIZATIONID, ROLEID, RESID, OPID)
 Values
   ('t1', 't4', 't18', 'delete');
Insert into SQMS_PRIVATE_0927.RESPERMISSION
   (ORGANIZATIONID, ROLEID, RESID, OPID)
 Values
   ('t1', 't4', 't18', 'edit');
Insert into SQMS_PRIVATE_0927.RESPERMISSION
   (ORGANIZATIONID, ROLEID, RESID, OPID)
 Values
   ('t1', 't4', 't18', 'view');
Insert into SQMS_PRIVATE_0927.RESPERMISSION
   (ORGANIZATIONID, ROLEID, RESID, OPID)
 Values
   ('t1', 't4', 't5', 'saveandnew');
Insert into SQMS_PRIVATE_0927.RESPERMISSION
   (ORGANIZATIONID, ROLEID, RESID, OPID)
 Values
   ('t1', 't4', 't5', 'create');
Insert into SQMS_PRIVATE_0927.RESPERMISSION
   (ORGANIZATIONID, ROLEID, RESID, OPID)
 Values
   ('t1', 't4', 't5', 'delete');
Insert into SQMS_PRIVATE_0927.RESPERMISSION
   (ORGANIZATIONID, ROLEID, RESID, OPID)
 Values
   ('t1', 't4', 't5', 'edit');
Insert into SQMS_PRIVATE_0927.RESPERMISSION
   (ORGANIZATIONID, ROLEID, RESID, OPID)
 Values
   ('t1', 't4', 't5', 'view');
Insert into SQMS_PRIVATE_0927.RESPERMISSION
   (ORGANIZATIONID, ROLEID, RESID, OPID)
 Values
   ('t1', 't4', 't8', 'saveandnew');
Insert into SQMS_PRIVATE_0927.RESPERMISSION
   (ORGANIZATIONID, ROLEID, RESID, OPID)
 Values
   ('t1', 't4', 't8', 'create');
Insert into SQMS_PRIVATE_0927.RESPERMISSION
   (ORGANIZATIONID, ROLEID, RESID, OPID)
 Values
   ('t1', 't4', 't8', 'delete');
Insert into SQMS_PRIVATE_0927.RESPERMISSION
   (ORGANIZATIONID, ROLEID, RESID, OPID)
 Values
   ('t1', 't4', 't8', 'edit');
Insert into SQMS_PRIVATE_0927.RESPERMISSION
   (ORGANIZATIONID, ROLEID, RESID, OPID)
 Values
   ('t1', 't4', 't8', 'view');
Insert into SQMS_PRIVATE_0927.RESPERMISSION
   (ORGANIZATIONID, ROLEID, RESID, OPID)
 Values
   ('t1', 't4', 't10', 'saveandnew');
Insert into SQMS_PRIVATE_0927.RESPERMISSION
   (ORGANIZATIONID, ROLEID, RESID, OPID)
 Values
   ('t1', 't4', 't10', 'create');
Insert into SQMS_PRIVATE_0927.RESPERMISSION
   (ORGANIZATIONID, ROLEID, RESID, OPID)
 Values
   ('t1', 't4', 't10', 'delete');
Insert into SQMS_PRIVATE_0927.RESPERMISSION
   (ORGANIZATIONID, ROLEID, RESID, OPID)
 Values
   ('t1', 't4', 't10', 'edit');
Insert into SQMS_PRIVATE_0927.RESPERMISSION
   (ORGANIZATIONID, ROLEID, RESID, OPID)
 Values
   ('t1', 't4', 't10', 'view');
Insert into SQMS_PRIVATE_0927.RESPERMISSION
   (ORGANIZATIONID, ROLEID, RESID, OPID)
 Values
   ('t1', 't4', 't11', 'saveandnew');
Insert into SQMS_PRIVATE_0927.RESPERMISSION
   (ORGANIZATIONID, ROLEID, RESID, OPID)
 Values
   ('t1', 't4', 't11', 'create');
Insert into SQMS_PRIVATE_0927.RESPERMISSION
   (ORGANIZATIONID, ROLEID, RESID, OPID)
 Values
   ('t1', 't4', 't11', 'delete');
Insert into SQMS_PRIVATE_0927.RESPERMISSION
   (ORGANIZATIONID, ROLEID, RESID, OPID)
 Values
   ('t1', 't4', 't11', 'edit');
Insert into SQMS_PRIVATE_0927.RESPERMISSION
   (ORGANIZATIONID, ROLEID, RESID, OPID)
 Values
   ('t1', 't4', 't11', 'view');
Insert into SQMS_PRIVATE_0927.RESPERMISSION
   (ORGANIZATIONID, ROLEID, RESID, OPID)
 Values
   ('t1', 't4', 'AjaxVideo', 'saveandnew');
Insert into SQMS_PRIVATE_0927.RESPERMISSION
   (ORGANIZATIONID, ROLEID, RESID, OPID)
 Values
   ('t1', 't4', 'AjaxVideo', 'create');
Insert into SQMS_PRIVATE_0927.RESPERMISSION
   (ORGANIZATIONID, ROLEID, RESID, OPID)
 Values
   ('t1', 't4', 'AjaxVideo', 'delete');
Insert into SQMS_PRIVATE_0927.RESPERMISSION
   (ORGANIZATIONID, ROLEID, RESID, OPID)
 Values
   ('t1', 't4', 'AjaxVideo', 'edit');
Insert into SQMS_PRIVATE_0927.RESPERMISSION
   (ORGANIZATIONID, ROLEID, RESID, OPID)
 Values
   ('t1', 't4', 'AjaxVideo', 'view');
Insert into SQMS_PRIVATE_0927.RESPERMISSION
   (ORGANIZATIONID, ROLEID, RESID, OPID)
 Values
   ('t1', 't4', 'MunicipalAdminMonitor', 'saveandnew');
Insert into SQMS_PRIVATE_0927.RESPERMISSION
   (ORGANIZATIONID, ROLEID, RESID, OPID)
 Values
   ('t1', 't4', 'MunicipalAdminMonitor', 'create');
Insert into SQMS_PRIVATE_0927.RESPERMISSION
   (ORGANIZATIONID, ROLEID, RESID, OPID)
 Values
   ('t1', 't4', 'MunicipalAdminMonitor', 'delete');
Insert into SQMS_PRIVATE_0927.RESPERMISSION
   (ORGANIZATIONID, ROLEID, RESID, OPID)
 Values
   ('t1', 't4', 'MunicipalAdminMonitor', 'edit');
Insert into SQMS_PRIVATE_0927.RESPERMISSION
   (ORGANIZATIONID, ROLEID, RESID, OPID)
 Values
   ('t1', 't4', 'MunicipalAdminMonitor', 'view');
Insert into SQMS_PRIVATE_0927.RESPERMISSION
   (ORGANIZATIONID, ROLEID, RESID, OPID)
 Values
   ('t1', 't4', 'SanitationOfficeMonitor', 'saveandnew');
Insert into SQMS_PRIVATE_0927.RESPERMISSION
   (ORGANIZATIONID, ROLEID, RESID, OPID)
 Values
   ('t1', 't4', 'SanitationOfficeMonitor', 'create');
Insert into SQMS_PRIVATE_0927.RESPERMISSION
   (ORGANIZATIONID, ROLEID, RESID, OPID)
 Values
   ('t1', 't4', 'SanitationOfficeMonitor', 'delete');
Insert into SQMS_PRIVATE_0927.RESPERMISSION
   (ORGANIZATIONID, ROLEID, RESID, OPID)
 Values
   ('t1', 't4', 'SanitationOfficeMonitor', 'edit');
Insert into SQMS_PRIVATE_0927.RESPERMISSION
   (ORGANIZATIONID, ROLEID, RESID, OPID)
 Values
   ('t1', 't4', 'SanitationOfficeMonitor', 'view');
Insert into SQMS_PRIVATE_0927.RESPERMISSION
   (ORGANIZATIONID, ROLEID, RESID, OPID)
 Values
   ('t1', 't4', 'CompanyQualityMonitor', 'saveandnew');
Insert into SQMS_PRIVATE_0927.RESPERMISSION
   (ORGANIZATIONID, ROLEID, RESID, OPID)
 Values
   ('t1', 't4', 'CompanyQualityMonitor', 'create');
Insert into SQMS_PRIVATE_0927.RESPERMISSION
   (ORGANIZATIONID, ROLEID, RESID, OPID)
 Values
   ('t1', 't4', 'CompanyQualityMonitor', 'delete');
Insert into SQMS_PRIVATE_0927.RESPERMISSION
   (ORGANIZATIONID, ROLEID, RESID, OPID)
 Values
   ('t1', 't4', 'CompanyQualityMonitor', 'edit');
Insert into SQMS_PRIVATE_0927.RESPERMISSION
   (ORGANIZATIONID, ROLEID, RESID, OPID)
 Values
   ('t1', 't4', 'CompanyQualityMonitor', 'view');
Insert into SQMS_PRIVATE_0927.RESPERMISSION
   (ORGANIZATIONID, ROLEID, RESID, OPID)
 Values
   ('t1', 't4', 'MonitorPoint', 'saveandnew');
Insert into SQMS_PRIVATE_0927.RESPERMISSION
   (ORGANIZATIONID, ROLEID, RESID, OPID)
 Values
   ('t1', 't4', 'MonitorPoint', 'create');
Insert into SQMS_PRIVATE_0927.RESPERMISSION
   (ORGANIZATIONID, ROLEID, RESID, OPID)
 Values
   ('t1', 't4', 'MonitorPoint', 'delete');
Insert into SQMS_PRIVATE_0927.RESPERMISSION
   (ORGANIZATIONID, ROLEID, RESID, OPID)
 Values
   ('t1', 't4', 'MonitorPoint', 'edit');
Insert into SQMS_PRIVATE_0927.RESPERMISSION
   (ORGANIZATIONID, ROLEID, RESID, OPID)
 Values
   ('t1', 't4', 'MonitorPoint', 'view');
Insert into SQMS_PRIVATE_0927.RESPERMISSION
   (ORGANIZATIONID, ROLEID, RESID, OPID)
 Values
   ('t1', 't4', 'QualityMonitorPointMap', 'saveandnew');
Insert into SQMS_PRIVATE_0927.RESPERMISSION
   (ORGANIZATIONID, ROLEID, RESID, OPID)
 Values
   ('t1', 't4', 'QualityMonitorPointMap', 'create');
Insert into SQMS_PRIVATE_0927.RESPERMISSION
   (ORGANIZATIONID, ROLEID, RESID, OPID)
 Values
   ('t1', 't4', 'QualityMonitorPointMap', 'delete');
Insert into SQMS_PRIVATE_0927.RESPERMISSION
   (ORGANIZATIONID, ROLEID, RESID, OPID)
 Values
   ('t1', 't4', 'QualityMonitorPointMap', 'edit');
Insert into SQMS_PRIVATE_0927.RESPERMISSION
   (ORGANIZATIONID, ROLEID, RESID, OPID)
 Values
   ('t1', 't4', 'QualityMonitorPointMap', 'view');
Insert into SQMS_PRIVATE_0927.RESPERMISSION
   (ORGANIZATIONID, ROLEID, RESID, OPID)
 Values
   ('t1', 't4', 'MonitorPointDetail', 'saveandnew');
Insert into SQMS_PRIVATE_0927.RESPERMISSION
   (ORGANIZATIONID, ROLEID, RESID, OPID)
 Values
   ('t1', 't4', 'MonitorPointDetail', 'create');
Insert into SQMS_PRIVATE_0927.RESPERMISSION
   (ORGANIZATIONID, ROLEID, RESID, OPID)
 Values
   ('t1', 't4', 'MonitorPointDetail', 'delete');
Insert into SQMS_PRIVATE_0927.RESPERMISSION
   (ORGANIZATIONID, ROLEID, RESID, OPID)
 Values
   ('t1', 't4', 'MonitorPointDetail', 'edit');
Insert into SQMS_PRIVATE_0927.RESPERMISSION
   (ORGANIZATIONID, ROLEID, RESID, OPID)
 Values
   ('t1', 't4', 'MonitorPointDetail', 'view');
Insert into SQMS_PRIVATE_0927.RESPERMISSION
   (ORGANIZATIONID, ROLEID, RESID, OPID)
 Values
   ('t1', 't4', 't6', 'saveandnew');
Insert into SQMS_PRIVATE_0927.RESPERMISSION
   (ORGANIZATIONID, ROLEID, RESID, OPID)
 Values
   ('t1', 't4', 't6', 'create');
Insert into SQMS_PRIVATE_0927.RESPERMISSION
   (ORGANIZATIONID, ROLEID, RESID, OPID)
 Values
   ('t1', 't4', 't6', 'delete');
Insert into SQMS_PRIVATE_0927.RESPERMISSION
   (ORGANIZATIONID, ROLEID, RESID, OPID)
 Values
   ('t1', 't4', 't6', 'edit');
Insert into SQMS_PRIVATE_0927.RESPERMISSION
   (ORGANIZATIONID, ROLEID, RESID, OPID)
 Values
   ('t1', 't4', 't6', 'view');
Insert into SQMS_PRIVATE_0927.RESPERMISSION
   (ORGANIZATIONID, ROLEID, RESID, OPID)
 Values
   ('t1', 't4', 't19', 'saveandnew');
Insert into SQMS_PRIVATE_0927.RESPERMISSION
   (ORGANIZATIONID, ROLEID, RESID, OPID)
 Values
   ('t1', 't4', 't19', 'create');
Insert into SQMS_PRIVATE_0927.RESPERMISSION
   (ORGANIZATIONID, ROLEID, RESID, OPID)
 Values
   ('t1', 't4', 't19', 'delete');
Insert into SQMS_PRIVATE_0927.RESPERMISSION
   (ORGANIZATIONID, ROLEID, RESID, OPID)
 Values
   ('t1', 't4', 't19', 'edit');
Insert into SQMS_PRIVATE_0927.RESPERMISSION
   (ORGANIZATIONID, ROLEID, RESID, OPID)
 Values
   ('t1', 't4', 't19', 'view');
Insert into SQMS_PRIVATE_0927.RESPERMISSION
   (ORGANIZATIONID, ROLEID, RESID, OPID)
 Values
   ('t1', 't4', 't20', 'saveandnew');
Insert into SQMS_PRIVATE_0927.RESPERMISSION
   (ORGANIZATIONID, ROLEID, RESID, OPID)
 Values
   ('t1', 't4', 't20', 'create');
Insert into SQMS_PRIVATE_0927.RESPERMISSION
   (ORGANIZATIONID, ROLEID, RESID, OPID)
 Values
   ('t1', 't4', 't20', 'delete');
Insert into SQMS_PRIVATE_0927.RESPERMISSION
   (ORGANIZATIONID, ROLEID, RESID, OPID)
 Values
   ('t1', 't4', 't20', 'edit');
Insert into SQMS_PRIVATE_0927.RESPERMISSION
   (ORGANIZATIONID, ROLEID, RESID, OPID)
 Values
   ('t1', 't4', 't20', 'view');
Insert into SQMS_PRIVATE_0927.RESPERMISSION
   (ORGANIZATIONID, ROLEID, RESID, OPID)
 Values
   ('t1', 't4', 't21', 'saveandnew');
Insert into SQMS_PRIVATE_0927.RESPERMISSION
   (ORGANIZATIONID, ROLEID, RESID, OPID)
 Values
   ('t1', 't4', 't21', 'create');
Insert into SQMS_PRIVATE_0927.RESPERMISSION
   (ORGANIZATIONID, ROLEID, RESID, OPID)
 Values
   ('t1', 't4', 't21', 'delete');
Insert into SQMS_PRIVATE_0927.RESPERMISSION
   (ORGANIZATIONID, ROLEID, RESID, OPID)
 Values
   ('t1', 't4', 't21', 'edit');
Insert into SQMS_PRIVATE_0927.RESPERMISSION
   (ORGANIZATIONID, ROLEID, RESID, OPID)
 Values
   ('t1', 't4', 't21', 'view');
Insert into SQMS_PRIVATE_0927.RESPERMISSION
   (ORGANIZATIONID, ROLEID, RESID, OPID)
 Values
   ('t1', 't4', 't22', 'saveandnew');
Insert into SQMS_PRIVATE_0927.RESPERMISSION
   (ORGANIZATIONID, ROLEID, RESID, OPID)
 Values
   ('t1', 't4', 't22', 'create');
Insert into SQMS_PRIVATE_0927.RESPERMISSION
   (ORGANIZATIONID, ROLEID, RESID, OPID)
 Values
   ('t1', 't4', 't22', 'delete');
Insert into SQMS_PRIVATE_0927.RESPERMISSION
   (ORGANIZATIONID, ROLEID, RESID, OPID)
 Values
   ('t1', 't4', 't22', 'edit');
Insert into SQMS_PRIVATE_0927.RESPERMISSION
   (ORGANIZATIONID, ROLEID, RESID, OPID)
 Values
   ('t1', 't4', 't22', 'view');
Insert into SQMS_PRIVATE_0927.RESPERMISSION
   (ORGANIZATIONID, ROLEID, RESID, OPID)
 Values
   ('t1', 't4', 't24', 'saveandnew');
Insert into SQMS_PRIVATE_0927.RESPERMISSION
   (ORGANIZATIONID, ROLEID, RESID, OPID)
 Values
   ('t1', 't4', 't24', 'create');
Insert into SQMS_PRIVATE_0927.RESPERMISSION
   (ORGANIZATIONID, ROLEID, RESID, OPID)
 Values
   ('t1', 't4', 't24', 'delete');
Insert into SQMS_PRIVATE_0927.RESPERMISSION
   (ORGANIZATIONID, ROLEID, RESID, OPID)
 Values
   ('t1', 't4', 't24', 'edit');
Insert into SQMS_PRIVATE_0927.RESPERMISSION
   (ORGANIZATIONID, ROLEID, RESID, OPID)
 Values
   ('t1', 't4', 'vtedit', 'default');
Insert into SQMS_PRIVATE_0927.RESPERMISSION
   (ORGANIZATIONID, ROLEID, RESID, OPID)
 Values
   ('t1', 't4', 'vtedit', 'delete');
Insert into SQMS_PRIVATE_0927.RESPERMISSION
   (ORGANIZATIONID, ROLEID, RESID, OPID)
 Values
   ('t1', 't4', 'vtedit', 'saveandnew');
Insert into SQMS_PRIVATE_0927.RESPERMISSION
   (ORGANIZATIONID, ROLEID, RESID, OPID)
 Values
   ('t1', 't4', 'vtedit', 'view');
Insert into SQMS_PRIVATE_0927.RESPERMISSION
   (ORGANIZATIONID, ROLEID, RESID, OPID)
 Values
   ('t1', 't4', 'vtedit', 'create');
Insert into SQMS_PRIVATE_0927.RESPERMISSION
   (ORGANIZATIONID, ROLEID, RESID, OPID)
 Values
   ('t1', 't4', 'vtedit', 'edit');
Insert into SQMS_PRIVATE_0927.RESPERMISSION
   (ORGANIZATIONID, ROLEID, RESID, OPID)
 Values
   ('t1', 't4', 'vtnew', 'default');
Insert into SQMS_PRIVATE_0927.RESPERMISSION
   (ORGANIZATIONID, ROLEID, RESID, OPID)
 Values
   ('t1', 't4', 'vtnew', 'delete');
Insert into SQMS_PRIVATE_0927.RESPERMISSION
   (ORGANIZATIONID, ROLEID, RESID, OPID)
 Values
   ('t1', 't4', 'vtnew', 'saveandnew');
Insert into SQMS_PRIVATE_0927.RESPERMISSION
   (ORGANIZATIONID, ROLEID, RESID, OPID)
 Values
   ('t1', 't4', 'vtnew', 'view');
Insert into SQMS_PRIVATE_0927.RESPERMISSION
   (ORGANIZATIONID, ROLEID, RESID, OPID)
 Values
   ('t1', 't4', 'vtnew', 'create');
Insert into SQMS_PRIVATE_0927.RESPERMISSION
   (ORGANIZATIONID, ROLEID, RESID, OPID)
 Values
   ('t1', 't4', 'vtnew', 'edit');
Insert into SQMS_PRIVATE_0927.RESPERMISSION
   (ORGANIZATIONID, ROLEID, RESID, OPID)
 Values
   ('t1', 't4', 'vtview', 'default');
Insert into SQMS_PRIVATE_0927.RESPERMISSION
   (ORGANIZATIONID, ROLEID, RESID, OPID)
 Values
   ('t1', 't4', 'vtview', 'delete');
Insert into SQMS_PRIVATE_0927.RESPERMISSION
   (ORGANIZATIONID, ROLEID, RESID, OPID)
 Values
   ('t1', 't4', 'vtview', 'saveandnew');
Insert into SQMS_PRIVATE_0927.RESPERMISSION
   (ORGANIZATIONID, ROLEID, RESID, OPID)
 Values
   ('t1', 't4', 'vtview', 'view');
Insert into SQMS_PRIVATE_0927.RESPERMISSION
   (ORGANIZATIONID, ROLEID, RESID, OPID)
 Values
   ('t1', 't4', 'vtview', 'create');
Insert into SQMS_PRIVATE_0927.RESPERMISSION
   (ORGANIZATIONID, ROLEID, RESID, OPID)
 Values
   ('t1', 't4', 'vtview', 'edit');
Insert into SQMS_PRIVATE_0927.RESPERMISSION
   (ORGANIZATIONID, ROLEID, RESID, OPID)
 Values
   ('t1', 't4', 'vtlist', 'default');
Insert into SQMS_PRIVATE_0927.RESPERMISSION
   (ORGANIZATIONID, ROLEID, RESID, OPID)
 Values
   ('t1', 't4', 'vtlist', 'delete');
Insert into SQMS_PRIVATE_0927.RESPERMISSION
   (ORGANIZATIONID, ROLEID, RESID, OPID)
 Values
   ('t1', 't4', 'vtlist', 'saveandnew');
Insert into SQMS_PRIVATE_0927.RESPERMISSION
   (ORGANIZATIONID, ROLEID, RESID, OPID)
 Values
   ('t1', 't4', 'vtlist', 'view');
Insert into SQMS_PRIVATE_0927.RESPERMISSION
   (ORGANIZATIONID, ROLEID, RESID, OPID)
 Values
   ('t1', 't4', 'vtlist', 'create');
Insert into SQMS_PRIVATE_0927.RESPERMISSION
   (ORGANIZATIONID, ROLEID, RESID, OPID)
 Values
   ('t1', 't4', 'vtlist', 'edit');
COMMIT;

SET DEFINE OFF;
Insert into SQMS_PRIVATE_0927.VIDEO
   (VIDEOID, EVENTID, VIDEONAME, MEMO, VIDEOURL, 
    CREATED, CREATEDBY, MODIFIED, MODIFIEDBY, ORGANIZATIONID, 
    SUITEID, ISVOID, DURATION, TRACE)
 Values
   ('A00001', NULL, '测试视频', NULL, 'http://locahost:6033/test.flv', 
    TO_DATE('10/11/2009 23:21:35', 'MM/DD/YYYY HH24:MI:SS'), NULL, TO_DATE('10/11/2009 23:21:35', 'MM/DD/YYYY HH24:MI:SS'), NULL, NULL, 
    NULL, 'N', NULL, '[{"Lat":29.621221113784504,"Lng": 106.58669471740722},
{"Lat":29.622414924968726,"Lng": 106.58849716186523},
{"Lat":29.622713375554912,"Lng": 106.59004211425781},
{"Lat":29.622489537698147,"Lng": 106.59201622009277},
{"Lat":29.622564150372326,"Lng": 106.59356117248535},
{"Lat":29.622489537698147,"Lng": 106.59510612487793},
{"Lat":29.622489537698147,"Lng": 106.59690856933594},
{"Lat":29.62219108644898,"Lng": 106.59871101379394},
{"Lat":29.62181802114448,"Lng": 106.60128593444824},
{"Lat":29.621370340955955,"Lng": 106.6032600402832},
{"Lat":29.62151956790645,"Lng": 106.60557746887207},
{"Lat":29.62189263431587,"Lng": 106.60737991333008},
{"Lat":29.62219108644898,"Lng": 106.6087532043457},
{"Lat":29.62323566195374,"Lng": 106.61064147949219},
{"Lat":29.62338488614188,"Lng": 106.61184310913086},
{"Lat":29.62323566195374,"Lng": 106.61381721496582},
{"Lat":29.622787988063347,"Lng": 106.61476135253906},
{"Lat":29.622713375554912,"Lng": 106.61622047424316},
{"Lat":29.62353411010904,"Lng": 106.6171646118164},
{"Lat":29.62435483797815,"Lng": 106.61836624145508},
{"Lat":29.624877115868713,"Lng": 106.6208553314209},
{"Lat":29.62525016984733,"Lng": 106.62257194519043},
{"Lat":29.625026337625893,"Lng": 106.62420272827148},
{"Lat":29.624504060508844,"Lng": 106.62549018859863},
{"Lat":29.624131003767722,"Lng": 106.62703514099121},
{"Lat":29.623011825257162,"Lng": 106.62849426269531},
{"Lat":29.62129572739784,"Lng": 106.62952423095703},
{"Lat":29.619952673904883,"Lng": 106.63089752197265},
{"Lat":29.61950498542964,"Lng": 106.63235664367676},
{"Lat":29.61913191018105,"Lng": 106.63390159606933},
{"Lat":29.617042663267018,"Lng": 106.63561820983887},
{"Lat":29.615624935338807,"Lng": 106.63613319396972},
{"Lat":29.612938659314945,"Lng": 106.63613319396972},
{"Lat":29.610103068072462,"Lng": 106.6362190246582},
{"Lat":29.607565892513594,"Lng": 106.63639068603515},
{"Lat":29.605401780554935,"Lng": 106.6387939453125},
{"Lat":29.605401780554935,"Lng": 106.64059638977051},
{"Lat":29.605252529742266,"Lng": 106.6431713104248},
{"Lat":29.60428239407528,"Lng": 106.64523124694824},
{"Lat":29.602789859440022,"Lng": 106.64703369140625},
{"Lat":29.601670443967144,"Lng": 106.64849281311035},
{"Lat":29.601073417301073,"Lng": 106.64960861206054},
{"Lat":29.60062564498216,"Lng": 106.65244102478027}]');
COMMIT;

SET DEFINE OFF;
Insert into SQMS_PRIVATE_0927.VEHICLETASKDATA
   (VTDID, TASKID, VIDEOURL, LATITUDE, LONGITUDE, 
    IMAGEURL, TICKETID, TICKETTYPE, CREATED, CREATEDBY, 
    MODIFIED, MODIFIEDBY, ISVOID)
 Values
   ('1', 'A00001', NULL, 29.6224895376981, 106.592016220093, 
    '/test.jpg', 'CQG232554', '发票', TO_DATE('10/08/2009 00:00:00', 'MM/DD/YYYY HH24:MI:SS'), NULL, 
    TO_DATE('10/08/2009 00:00:00', 'MM/DD/YYYY HH24:MI:SS'), NULL, 'N');
Insert into SQMS_PRIVATE_0927.VEHICLETASKDATA
   (VTDID, TASKID, VIDEOURL, LATITUDE, LONGITUDE, 
    IMAGEURL, TICKETID, TICKETTYPE, CREATED, CREATEDBY, 
    MODIFIED, MODIFIEDBY, ISVOID)
 Values
   ('2', 'A00001', NULL, 29.6224895376981, 106.592016220093, 
    '/test.jpg', 'CQG232554', '发票', TO_DATE('10/08/2009 13:35:32', 'MM/DD/YYYY HH24:MI:SS'), NULL, 
    TO_DATE('10/08/2009 13:35:32', 'MM/DD/YYYY HH24:MI:SS'), NULL, 'N');
Insert into SQMS_PRIVATE_0927.VEHICLETASKDATA
   (VTDID, TASKID, VIDEOURL, LATITUDE, LONGITUDE, 
    IMAGEURL, TICKETID, TICKETTYPE, CREATED, CREATEDBY, 
    MODIFIED, MODIFIEDBY, ISVOID)
 Values
   ('3', 'A00001', NULL, 29.6224895376981, 106.592016220093, 
    '/test.jpg', 'CQG232554', '发票', TO_DATE('10/08/2009 13:35:32', 'MM/DD/YYYY HH24:MI:SS'), NULL, 
    TO_DATE('10/08/2009 13:35:32', 'MM/DD/YYYY HH24:MI:SS'), NULL, 'N');
Insert into SQMS_PRIVATE_0927.VEHICLETASKDATA
   (VTDID, TASKID, VIDEOURL, LATITUDE, LONGITUDE, 
    IMAGEURL, TICKETID, TICKETTYPE, CREATED, CREATEDBY, 
    MODIFIED, MODIFIEDBY, ISVOID)
 Values
   ('4', 'A00001', NULL, 29.6224895376981, 106.592016220093, 
    '/test.jpg', 'CQG232554', '发票', TO_DATE('10/08/2009 13:36:11', 'MM/DD/YYYY HH24:MI:SS'), NULL, 
    TO_DATE('10/08/2009 13:36:11', 'MM/DD/YYYY HH24:MI:SS'), NULL, 'N');
Insert into SQMS_PRIVATE_0927.VEHICLETASKDATA
   (VTDID, TASKID, VIDEOURL, LATITUDE, LONGITUDE, 
    IMAGEURL, TICKETID, TICKETTYPE, CREATED, CREATEDBY, 
    MODIFIED, MODIFIEDBY, ISVOID)
 Values
   ('5', 'A00001', '/test.flv', 29.6218926343159, 106.60737991333, 
    NULL, 'CQG232554', '发票', TO_DATE('10/08/2009 13:46:13', 'MM/DD/YYYY HH24:MI:SS'), NULL, 
    TO_DATE('10/08/2009 13:46:13', 'MM/DD/YYYY HH24:MI:SS'), NULL, 'N');
COMMIT;

SET DEFINE OFF;
Insert into SQMS_PRIVATE_0927.VEHICLETASK
   (TASKID, TASKNAME, PUBLICTIME, STARTTIME, ENDTIME, 
    MODEL, TASKTYPE, CHARGEMAN, LICENSEPLATENUM, ISGASSUPPLIED, 
    ISWATERSUPPLIED, ISREPAIRED, CREATED, CREATEDBY, MODIFIED, 
    MODIFIEDBY, ISVOID, TASKCODE, MEMO, TRACE)
 Values
   ('A00001', '测试任务', TO_DATE('10/05/2009 00:00:00', 'MM/DD/YYYY HH24:MI:SS'), TO_DATE('10/05/2009 00:00:00', 'MM/DD/YYYY HH24:MI:SS'), TO_DATE('10/05/2009 00:00:00', 'MM/DD/YYYY HH24:MI:SS'), 
    '东风A00', '_road_type_triple_confuse', '1', '渝A123456', 'Y', 
    'Y', 'N', TO_DATE('10/05/2009 00:00:00', 'MM/DD/YYYY HH24:MI:SS'), 't2', TO_DATE('10/07/2009 14:04:01', 'MM/DD/YYYY HH24:MI:SS'), 
    't2', 'N', 'VE-639918590375000', NULL, '[{"Lat":29.621221113784504,"Lng": 106.58669471740722},
{"Lat":29.622414924968726,"Lng": 106.58849716186523},
{"Lat":29.622713375554912,"Lng": 106.59004211425781},
{"Lat":29.622489537698147,"Lng": 106.59201622009277},
{"Lat":29.622564150372326,"Lng": 106.59356117248535},
{"Lat":29.622489537698147,"Lng": 106.59510612487793},
{"Lat":29.622489537698147,"Lng": 106.59690856933594},
{"Lat":29.62219108644898,"Lng": 106.59871101379394},
{"Lat":29.62181802114448,"Lng": 106.60128593444824},
{"Lat":29.621370340955955,"Lng": 106.6032600402832},
{"Lat":29.62151956790645,"Lng": 106.60557746887207},
{"Lat":29.62189263431587,"Lng": 106.60737991333008},
{"Lat":29.62219108644898,"Lng": 106.6087532043457},
{"Lat":29.62323566195374,"Lng": 106.61064147949219},
{"Lat":29.62338488614188,"Lng": 106.61184310913086},
{"Lat":29.62323566195374,"Lng": 106.61381721496582},
{"Lat":29.622787988063347,"Lng": 106.61476135253906},
{"Lat":29.622713375554912,"Lng": 106.61622047424316},
{"Lat":29.62353411010904,"Lng": 106.6171646118164},
{"Lat":29.62435483797815,"Lng": 106.61836624145508},
{"Lat":29.624877115868713,"Lng": 106.6208553314209},
{"Lat":29.62525016984733,"Lng": 106.62257194519043},
{"Lat":29.625026337625893,"Lng": 106.62420272827148},
{"Lat":29.624504060508844,"Lng": 106.62549018859863},
{"Lat":29.624131003767722,"Lng": 106.62703514099121},
{"Lat":29.623011825257162,"Lng": 106.62849426269531},
{"Lat":29.62129572739784,"Lng": 106.62952423095703},
{"Lat":29.619952673904883,"Lng": 106.63089752197265},
{"Lat":29.61950498542964,"Lng": 106.63235664367676},
{"Lat":29.61913191018105,"Lng": 106.63390159606933},
{"Lat":29.617042663267018,"Lng": 106.63561820983887},
{"Lat":29.615624935338807,"Lng": 106.63613319396972},
{"Lat":29.612938659314945,"Lng": 106.63613319396972},
{"Lat":29.610103068072462,"Lng": 106.6362190246582},
{"Lat":29.607565892513594,"Lng": 106.63639068603515},
{"Lat":29.605401780554935,"Lng": 106.6387939453125},
{"Lat":29.605401780554935,"Lng": 106.64059638977051},
{"Lat":29.605252529742266,"Lng": 106.6431713104248},
{"Lat":29.60428239407528,"Lng": 106.64523124694824},
{"Lat":29.602789859440022,"Lng": 106.64703369140625},
{"Lat":29.601670443967144,"Lng": 106.64849281311035},
{"Lat":29.601073417301073,"Lng": 106.64960861206054},
{"Lat":29.60062564498216,"Lng": 106.65244102478027}]');
Insert into SQMS_PRIVATE_0927.VEHICLETASK
   (TASKID, TASKNAME, PUBLICTIME, STARTTIME, ENDTIME, 
    MODEL, TASKTYPE, CHARGEMAN, LICENSEPLATENUM, ISGASSUPPLIED, 
    ISWATERSUPPLIED, ISREPAIRED, CREATED, CREATEDBY, MODIFIED, 
    MODIFIEDBY, ISVOID, TASKCODE, MEMO, TRACE)
 Values
   ('2', 'dsfsdd', TO_DATE('09/30/2009 00:00:00', 'MM/DD/YYYY HH24:MI:SS'), TO_DATE('09/30/2009 00:00:00', 'MM/DD/YYYY HH24:MI:SS'), TO_DATE('09/30/2009 00:00:00', 'MM/DD/YYYY HH24:MI:SS'), 
    'dsfs', 'watervehicle', '117', '33224', 'd', 
    '7', 'f', TO_DATE('09/30/2009 00:00:00', 'MM/DD/YYYY HH24:MI:SS'), 't2', TO_DATE('09/30/2009 00:00:00', 'MM/DD/YYYY HH24:MI:SS'), 
    't2', 'N', 'VE-633899185903750000', 'asdfasfa', '[{"Lat":29.621221113784504,"Lng": 106.58669471740722},
{"Lat":29.622414924968726,"Lng": 106.58849716186523},
{"Lat":29.622713375554912,"Lng": 106.59004211425781},
{"Lat":29.622489537698147,"Lng": 106.59201622009277},
{"Lat":29.622564150372326,"Lng": 106.59356117248535},
{"Lat":29.622489537698147,"Lng": 106.59510612487793},
{"Lat":29.622489537698147,"Lng": 106.59690856933594},
{"Lat":29.62219108644898,"Lng": 106.59871101379394},
{"Lat":29.62181802114448,"Lng": 106.60128593444824},
{"Lat":29.621370340955955,"Lng": 106.6032600402832},
{"Lat":29.62151956790645,"Lng": 106.60557746887207},
{"Lat":29.62189263431587,"Lng": 106.60737991333008},
{"Lat":29.62219108644898,"Lng": 106.6087532043457},
{"Lat":29.62323566195374,"Lng": 106.61064147949219},
{"Lat":29.62338488614188,"Lng": 106.61184310913086},
{"Lat":29.62323566195374,"Lng": 106.61381721496582},
{"Lat":29.622787988063347,"Lng": 106.61476135253906},
{"Lat":29.622713375554912,"Lng": 106.61622047424316},
{"Lat":29.62353411010904,"Lng": 106.6171646118164},
{"Lat":29.62435483797815,"Lng": 106.61836624145508},
{"Lat":29.624877115868713,"Lng": 106.6208553314209},
{"Lat":29.62525016984733,"Lng": 106.62257194519043},
{"Lat":29.625026337625893,"Lng": 106.62420272827148},
{"Lat":29.624504060508844,"Lng": 106.62549018859863},
{"Lat":29.624131003767722,"Lng": 106.62703514099121},
{"Lat":29.623011825257162,"Lng": 106.62849426269531},
{"Lat":29.62129572739784,"Lng": 106.62952423095703},
{"Lat":29.619952673904883,"Lng": 106.63089752197265},
{"Lat":29.61950498542964,"Lng": 106.63235664367676},
{"Lat":29.61913191018105,"Lng": 106.63390159606933},
{"Lat":29.617042663267018,"Lng": 106.63561820983887},
{"Lat":29.615624935338807,"Lng": 106.63613319396972},
{"Lat":29.612938659314945,"Lng": 106.63613319396972},
{"Lat":29.610103068072462,"Lng": 106.6362190246582},
{"Lat":29.607565892513594,"Lng": 106.63639068603515},
{"Lat":29.605401780554935,"Lng": 106.6387939453125},
{"Lat":29.605401780554935,"Lng": 106.64059638977051},
{"Lat":29.605252529742266,"Lng": 106.6431713104248},
{"Lat":29.60428239407528,"Lng": 106.64523124694824},
{"Lat":29.602789859440022,"Lng": 106.64703369140625},
{"Lat":29.601670443967144,"Lng": 106.64849281311035},
{"Lat":29.601073417301073,"Lng": 106.64960861206054},
{"Lat":29.60062564498216,"Lng": 106.65244102478027}]');
Insert into SQMS_PRIVATE_0927.VEHICLETASK
   (TASKID, TASKNAME, PUBLICTIME, STARTTIME, ENDTIME, 
    MODEL, TASKTYPE, CHARGEMAN, LICENSEPLATENUM, ISGASSUPPLIED, 
    ISWATERSUPPLIED, ISREPAIRED, CREATED, CREATEDBY, MODIFIED, 
    MODIFIEDBY, ISVOID, TASKCODE, MEMO, TRACE)
 Values
   ('43', '紧急任务2', TO_DATE('10/11/2009 00:00:00', 'MM/DD/YYYY HH24:MI:SS'), TO_DATE('10/11/2009 00:00:00', 'MM/DD/YYYY HH24:MI:SS'), TO_DATE('10/11/2009 00:00:00', 'MM/DD/YYYY HH24:MI:SS'), 
    NULL, 'watervehicle', '361', '渝B・HF202', '0', 
    'e', 'b', TO_DATE('10/11/2009 00:00:00', 'MM/DD/YYYY HH24:MI:SS'), 't2', TO_DATE('10/11/2009 00:00:00', 'MM/DD/YYYY HH24:MI:SS'), 
    't2', 'N', 'VE-633908944220000000', '地方是否', '[{"Lat":29.621221113784504,"Lng": 106.58669471740722},
{"Lat":29.622414924968726,"Lng": 106.58849716186523},
{"Lat":29.622713375554912,"Lng": 106.59004211425781},
{"Lat":29.622489537698147,"Lng": 106.59201622009277},
{"Lat":29.622564150372326,"Lng": 106.59356117248535},
{"Lat":29.622489537698147,"Lng": 106.59510612487793},
{"Lat":29.622489537698147,"Lng": 106.59690856933594},
{"Lat":29.62219108644898,"Lng": 106.59871101379394},
{"Lat":29.62181802114448,"Lng": 106.60128593444824},
{"Lat":29.621370340955955,"Lng": 106.6032600402832},
{"Lat":29.62151956790645,"Lng": 106.60557746887207},
{"Lat":29.62189263431587,"Lng": 106.60737991333008},
{"Lat":29.62219108644898,"Lng": 106.6087532043457},
{"Lat":29.62323566195374,"Lng": 106.61064147949219},
{"Lat":29.62338488614188,"Lng": 106.61184310913086},
{"Lat":29.62323566195374,"Lng": 106.61381721496582},
{"Lat":29.622787988063347,"Lng": 106.61476135253906},
{"Lat":29.622713375554912,"Lng": 106.61622047424316},
{"Lat":29.62353411010904,"Lng": 106.6171646118164},
{"Lat":29.62435483797815,"Lng": 106.61836624145508},
{"Lat":29.624877115868713,"Lng": 106.6208553314209},
{"Lat":29.62525016984733,"Lng": 106.62257194519043},
{"Lat":29.625026337625893,"Lng": 106.62420272827148},
{"Lat":29.624504060508844,"Lng": 106.62549018859863},
{"Lat":29.624131003767722,"Lng": 106.62703514099121},
{"Lat":29.623011825257162,"Lng": 106.62849426269531},
{"Lat":29.62129572739784,"Lng": 106.62952423095703},
{"Lat":29.619952673904883,"Lng": 106.63089752197265},
{"Lat":29.61950498542964,"Lng": 106.63235664367676},
{"Lat":29.61913191018105,"Lng": 106.63390159606933},
{"Lat":29.617042663267018,"Lng": 106.63561820983887},
{"Lat":29.615624935338807,"Lng": 106.63613319396972},
{"Lat":29.612938659314945,"Lng": 106.63613319396972},
{"Lat":29.610103068072462,"Lng": 106.6362190246582},
{"Lat":29.607565892513594,"Lng": 106.63639068603515},
{"Lat":29.605401780554935,"Lng": 106.6387939453125},
{"Lat":29.605401780554935,"Lng": 106.64059638977051},
{"Lat":29.605252529742266,"Lng": 106.6431713104248},
{"Lat":29.60428239407528,"Lng": 106.64523124694824},
{"Lat":29.602789859440022,"Lng": 106.64703369140625},
{"Lat":29.601670443967144,"Lng": 106.64849281311035},
{"Lat":29.601073417301073,"Lng": 106.64960861206054},
{"Lat":29.60062564498216,"Lng": 106.65244102478027}]');
COMMIT;

SET DEFINE OFF;
Insert into SQMS_PRIVATE_0927.USERROLE
   (ROLEID, PASSPORTID, ORGANIZATIONID)
 Values
   ('150', '1', 't1');
Insert into SQMS_PRIVATE_0927.USERROLE
   (ROLEID, PASSPORTID, ORGANIZATIONID)
 Values
   ('t1', '1', 't1');
Insert into SQMS_PRIVATE_0927.USERROLE
   (ROLEID, PASSPORTID, ORGANIZATIONID)
 Values
   ('t1', 't1', 't1');
Insert into SQMS_PRIVATE_0927.USERROLE
   (ROLEID, PASSPORTID, ORGANIZATIONID)
 Values
   ('t2', '1', 't1');
Insert into SQMS_PRIVATE_0927.USERROLE
   (ROLEID, PASSPORTID, ORGANIZATIONID)
 Values
   ('t2', 't1', 't1');
Insert into SQMS_PRIVATE_0927.USERROLE
   (ROLEID, PASSPORTID, ORGANIZATIONID)
 Values
   ('t4', '1', 't1');
Insert into SQMS_PRIVATE_0927.USERROLE
   (ROLEID, PASSPORTID, ORGANIZATIONID)
 Values
   ('t4', 't2', 't1');
COMMIT;

SET DEFINE OFF;
Insert into SQMS_PRIVATE_0927.TIMESCHEMA
   (SCHEMAID, SCHEMANAME, CREATED, CREATEDBY, MODIFIED, 
    MODIFIEDBY, ORGANIZATIONID, FLOATTIME, BEGINTIME, ENDTIME, 
    ISVOID)
 Values
   ('0', '监控计划二', TO_DATE('09/08/2009 00:00:00', 'MM/DD/YYYY HH24:MI:SS'), 't2', TO_DATE('09/10/2009 00:00:00', 'MM/DD/YYYY HH24:MI:SS'), 
    't2', 't1', 3, TO_DATE('09/10/2009 01:30:00', 'MM/DD/YYYY HH24:MI:SS'), TO_DATE('09/10/2009 05:30:00', 'MM/DD/YYYY HH24:MI:SS'), 
    'N');
Insert into SQMS_PRIVATE_0927.TIMESCHEMA
   (SCHEMAID, SCHEMANAME, CREATED, CREATEDBY, MODIFIED, 
    MODIFIEDBY, ORGANIZATIONID, FLOATTIME, BEGINTIME, ENDTIME, 
    ISVOID)
 Values
   ('1', '监控计划一', TO_DATE('09/10/2009 00:00:00', 'MM/DD/YYYY HH24:MI:SS'), 't2', TO_DATE('09/12/2009 00:00:00', 'MM/DD/YYYY HH24:MI:SS'), 
    't2', 't1', 3, TO_DATE('09/13/2009 08:30:00', 'MM/DD/YYYY HH24:MI:SS'), TO_DATE('09/13/2009 17:30:00', 'MM/DD/YYYY HH24:MI:SS'), 
    'N');
COMMIT;

SET DEFINE OFF;
Insert into SQMS_PRIVATE_0927.PASSPORT
   (PASSPORTID, EMPID, PASSPORTCODE, PASSPORT, PASSWORD, 
    ISVOID, MEMO, CREATED, CREATEDBY, MODIFIED, 
    MODIFIEDBY, ORGANIZATIONID, SUITEID)
 Values
   ('t2', '357', 'P0002', 'demo', 'demo', 
    'N', NULL, TO_DATE('08/21/2009 00:00:00', 'MM/DD/YYYY HH24:MI:SS'), 'admin', TO_DATE('08/21/2009 00:00:00', 'MM/DD/YYYY HH24:MI:SS'), 
    'admin', 't1', NULL);
Insert into SQMS_PRIVATE_0927.PASSPORT
   (PASSPORTID, EMPID, PASSPORTCODE, PASSPORT, PASSWORD, 
    ISVOID, MEMO, CREATED, CREATEDBY, MODIFIED, 
    MODIFIEDBY, ORGANIZATIONID, SUITEID)
 Values
   ('t1', '1', 'P0001', 'admin', 'admin', 
    'N', NULL, TO_DATE('08/14/2009 00:00:00', 'MM/DD/YYYY HH24:MI:SS'), 'admin', TO_DATE('08/14/2009 00:00:00', 'MM/DD/YYYY HH24:MI:SS'), 
    'admin', 't1', NULL);
Insert into SQMS_PRIVATE_0927.PASSPORT
   (PASSPORTID, EMPID, PASSPORTCODE, PASSPORT, PASSWORD, 
    ISVOID, MEMO, CREATED, CREATEDBY, MODIFIED, 
    MODIFIEDBY, ORGANIZATIONID, SUITEID)
 Values
   ('1', '360', 'PA-633908963178281250', 'eee', '222', 
    'N', NULL, TO_DATE('10/11/2009 00:00:00', 'MM/DD/YYYY HH24:MI:SS'), 'demo', TO_DATE('10/11/2009 00:00:00', 'MM/DD/YYYY HH24:MI:SS'), 
    'demo', 't1', NULL);
COMMIT;

SET DEFINE OFF;
Insert into SQMS_PRIVATE_0927.OPERATION
   (OPID, OPCODE, OPNAME, MEMO, CREATED, 
    CREATEDBY, MODIFIED, MODIFIEDBY, ISVOID, ORGANIZATIONID, 
    OPORDER, OPIDENTITY)
 Values
   ('saveandnew', 'OP0005', '保存并新增', NULL, TO_DATE('09/13/2009 23:25:41', 'MM/DD/YYYY HH24:MI:SS'), 
    'admin', TO_DATE('09/13/2009 23:25:41', 'MM/DD/YYYY HH24:MI:SS'), 't1', 'N', 't1', 
    2, 'editandnew');
Insert into SQMS_PRIVATE_0927.OPERATION
   (OPID, OPCODE, OPNAME, MEMO, CREATED, 
    CREATEDBY, MODIFIED, MODIFIEDBY, ISVOID, ORGANIZATIONID, 
    OPORDER, OPIDENTITY)
 Values
   ('test', 'test', 'test', NULL, TO_DATE('09/13/2009 23:25:41', 'MM/DD/YYYY HH24:MI:SS'), 
    NULL, TO_DATE('09/13/2009 23:25:41', 'MM/DD/YYYY HH24:MI:SS'), 't1', 'Y', 't1', 
    5, 'test');
Insert into SQMS_PRIVATE_0927.OPERATION
   (OPID, OPCODE, OPNAME, MEMO, CREATED, 
    CREATEDBY, MODIFIED, MODIFIEDBY, ISVOID, ORGANIZATIONID, 
    OPORDER, OPIDENTITY)
 Values
   ('1', 'OP0001', '导入', NULL, TO_DATE('09/13/2009 23:25:41', 'MM/DD/YYYY HH24:MI:SS'), 
    NULL, TO_DATE('09/13/2009 23:25:41', 'MM/DD/YYYY HH24:MI:SS'), NULL, 'Y', 't1', 
    NULL, NULL);
Insert into SQMS_PRIVATE_0927.OPERATION
   (OPID, OPCODE, OPNAME, MEMO, CREATED, 
    CREATEDBY, MODIFIED, MODIFIEDBY, ISVOID, ORGANIZATIONID, 
    OPORDER, OPIDENTITY)
 Values
   ('19', 'OP-633853714211406250', 'sdfasdf', 'asdfasdf', TO_DATE('09/13/2009 23:25:41', 'MM/DD/YYYY HH24:MI:SS'), 
    NULL, TO_DATE('09/13/2009 23:25:41', 'MM/DD/YYYY HH24:MI:SS'), NULL, 'Y', 't1', 
    NULL, NULL);
Insert into SQMS_PRIVATE_0927.OPERATION
   (OPID, OPCODE, OPNAME, MEMO, CREATED, 
    CREATEDBY, MODIFIED, MODIFIEDBY, ISVOID, ORGANIZATIONID, 
    OPORDER, OPIDENTITY)
 Values
   ('14', 'OP-633853713052812500', 'hhhh', 'fdsfsd', TO_DATE('09/13/2009 23:25:41', 'MM/DD/YYYY HH24:MI:SS'), 
    NULL, TO_DATE('09/13/2009 23:25:41', 'MM/DD/YYYY HH24:MI:SS'), NULL, 'Y', 't1', 
    NULL, NULL);
Insert into SQMS_PRIVATE_0927.OPERATION
   (OPID, OPCODE, OPNAME, MEMO, CREATED, 
    CREATEDBY, MODIFIED, MODIFIEDBY, ISVOID, ORGANIZATIONID, 
    OPORDER, OPIDENTITY)
 Values
   ('17', 'OP-633853713052812500', 'dfsdfds', 'dasfsdf', TO_DATE('09/13/2009 23:25:41', 'MM/DD/YYYY HH24:MI:SS'), 
    NULL, TO_DATE('09/13/2009 23:25:41', 'MM/DD/YYYY HH24:MI:SS'), NULL, 'Y', 't1', 
    NULL, NULL);
Insert into SQMS_PRIVATE_0927.OPERATION
   (OPID, OPCODE, OPNAME, MEMO, CREATED, 
    CREATEDBY, MODIFIED, MODIFIEDBY, ISVOID, ORGANIZATIONID, 
    OPORDER, OPIDENTITY)
 Values
   ('61', 'OP-633858014620625000', '操作测试', '载顶戴要塔顶塔顶塔顶地', TO_DATE('09/13/2009 23:25:41', 'MM/DD/YYYY HH24:MI:SS'), 
    't1', TO_DATE('09/13/2009 23:25:41', 'MM/DD/YYYY HH24:MI:SS'), 't1', 'Y', 't1', 
    NULL, NULL);
Insert into SQMS_PRIVATE_0927.OPERATION
   (OPID, OPCODE, OPNAME, MEMO, CREATED, 
    CREATEDBY, MODIFIED, MODIFIEDBY, ISVOID, ORGANIZATIONID, 
    OPORDER, OPIDENTITY)
 Values
   ('create', 'OP0001', '新增', NULL, TO_DATE('09/13/2009 23:25:41', 'MM/DD/YYYY HH24:MI:SS'), 
    'admin', TO_DATE('09/13/2009 23:25:41', 'MM/DD/YYYY HH24:MI:SS'), 'admin', 'N', 't1', 
    0, 'create');
Insert into SQMS_PRIVATE_0927.OPERATION
   (OPID, OPCODE, OPNAME, MEMO, CREATED, 
    CREATEDBY, MODIFIED, MODIFIEDBY, ISVOID, ORGANIZATIONID, 
    OPORDER, OPIDENTITY)
 Values
   ('delete', 'OP0002', '删除', NULL, TO_DATE('09/13/2009 23:25:41', 'MM/DD/YYYY HH24:MI:SS'), 
    'admin', TO_DATE('09/13/2009 23:25:41', 'MM/DD/YYYY HH24:MI:SS'), 'admin', 'N', 't1', 
    4, 'delete');
Insert into SQMS_PRIVATE_0927.OPERATION
   (OPID, OPCODE, OPNAME, MEMO, CREATED, 
    CREATEDBY, MODIFIED, MODIFIEDBY, ISVOID, ORGANIZATIONID, 
    OPORDER, OPIDENTITY)
 Values
   ('edit', 'OP0003', '保存', NULL, TO_DATE('09/13/2009 23:25:41', 'MM/DD/YYYY HH24:MI:SS'), 
    'admin', TO_DATE('09/13/2009 23:25:41', 'MM/DD/YYYY HH24:MI:SS'), 'admin', 'N', 't1', 
    1, 'edit');
Insert into SQMS_PRIVATE_0927.OPERATION
   (OPID, OPCODE, OPNAME, MEMO, CREATED, 
    CREATEDBY, MODIFIED, MODIFIEDBY, ISVOID, ORGANIZATIONID, 
    OPORDER, OPIDENTITY)
 Values
   ('view', 'OP0004', '浏览', NULL, TO_DATE('09/13/2009 23:25:41', 'MM/DD/YYYY HH24:MI:SS'), 
    'admin', TO_DATE('09/13/2009 23:25:41', 'MM/DD/YYYY HH24:MI:SS'), 'admin', 'N', 't1', 
    2, 'view');
Insert into SQMS_PRIVATE_0927.OPERATION
   (OPID, OPCODE, OPNAME, MEMO, CREATED, 
    CREATEDBY, MODIFIED, MODIFIEDBY, ISVOID, ORGANIZATIONID, 
    OPORDER, OPIDENTITY)
 Values
   ('default', 'default', '默认', NULL, TO_DATE('09/13/2009 23:25:41', 'MM/DD/YYYY HH24:MI:SS'), 
    'admin', TO_DATE('09/13/2009 23:25:41', 'MM/DD/YYYY HH24:MI:SS'), 't1', 'N', 't1', 
    -1, 'default');
Insert into SQMS_PRIVATE_0927.OPERATION
   (OPID, OPCODE, OPNAME, MEMO, CREATED, 
    CREATEDBY, MODIFIED, MODIFIEDBY, ISVOID, ORGANIZATIONID, 
    OPORDER, OPIDENTITY)
 Values
   ('67', 'OP-633901793003906250', 'test', 'ssss', TO_DATE('10/03/2009 00:00:00', 'MM/DD/YYYY HH24:MI:SS'), 
    't2', TO_DATE('10/03/2009 00:00:00', 'MM/DD/YYYY HH24:MI:SS'), 't2', 'Y', 't1', 
    0, 'ttt');
Insert into SQMS_PRIVATE_0927.OPERATION
   (OPID, OPCODE, OPNAME, MEMO, CREATED, 
    CREATEDBY, MODIFIED, MODIFIEDBY, ISVOID, ORGANIZATIONID, 
    OPORDER, OPIDENTITY)
 Values
   ('69', 'OP-633901796426093750', 'test1', 'ss', TO_DATE('10/03/2009 00:00:00', 'MM/DD/YYYY HH24:MI:SS'), 
    't2', TO_DATE('10/03/2009 00:00:00', 'MM/DD/YYYY HH24:MI:SS'), 't2', 'Y', 't1', 
    0, 'ddd');
COMMIT;
